AccusedMasterID,CaseMasterID,AccusedName,AgeYear,GenderID,PersonID,PersonMasterID
1,1,Meera Shetty,32,1,A1,PM01056
2,1,Anil Reddy,38,2,A2,PM00805
3,2,Kavya Kulkarni,51,3,A1,PM00580
4,3,Lakshmi Naik,41,2,A1,PM00791
5,4,Vijay Desai,49,1,A1,PM00198
6,4,Shreya Gowda,19,2,A2,PM00579
7,5,Deepak Kumar,60,1,A1,PM00937
8,5,Deepak Patil,51,1,A2,PM00473
9,5,Pooja Desai,55,2,A3,PM00632
10,6,Sneha Naik,65,1,A1,PM01092
11,7,Sunil Rao,34,2,A1,PM00650
12,7,Farhan Joshi,33,1,A2,PM00915
13,8,Asha Kumar,57,3,A1,PM00059
14,8,Sunil Pujari,42,1,A2,PM00393
15,8,Rahul Reddy,49,2,A3,PM00610
16,9,Nandini Kumar,39,2,A1,PM00428
17,10,Priya Sharma,64,2,A1,PM00091
18,11,Lakshmi Khan,64,2,A1,PM00225
19,11,Vijay Joshi,59,3,A2,PM00032
20,12,Divya Bhat,61,1,A1,PM00581
21,13,Kiran Shetty,35,3,A1,PM00867
22,14,Aishwarya Kumar,25,1,A1,PM00687
23,14,Manoj Pujari,39,1,A2,PM00311
24,14,Vijay Kumar,62,1,A3,PM00058
25,15,Neha Bhat,22,1,A1,PM01059
26,15,Divya Kulkarni,56,1,A2,PM00138
27,16,Prakash Hegde,31,3,A1,PM00657
28,16,Farhan Gowda,30,1,A2,PM01043
29,17,Manoj Nayak,39,2,A1,PM00897
30,17,Mahesh Kulkarni,48,3,A2,PM00798
31,18,Farhan Rao,24,1,A1,PM01035
32,19,Ajay Sharma,42,2,A1,PM01060
33,20,Sneha Kumar,22,1,A1,PM00419
34,20,Mahesh Jain,52,1,A2,PM00793
35,21,Sunil Khan,22,3,A1,PM01006
36,22,Mahesh Nayak,40,3,A1,PM00870
37,22,Kiran Patil,32,1,A2,PM01000
38,23,Shreya Nayak,62,3,A1,PM00490
39,23,Arun Pujari,36,1,A2,PM00838
40,23,Sneha Jain,62,2,A3,PM00740
41,24,Ajay Kumar,32,1,A1,PM00066
42,25,Shankar Gowda,30,1,A1,PM00320
43,25,Kiran Patil,32,1,A2,PM01000
44,26,Meera Kulkarni,57,1,A1,PM00849
45,26,Nandini Khan,61,3,A2,PM00383
46,27,Naveen Kumar,54,1,A1,PM00115
47,28,Lakshmi Naik,61,1,A1,PM00184
48,28,Anil Shetty,26,1,A2,PM00562
49,29,Pooja Sharma,36,2,A1,PM00700
50,30,Prakash Jain,44,1,A1,PM00436
51,30,Neha Rao,54,1,A2,PM00431
52,31,Lakshmi Gowda,18,1,A1,PM00881
53,31,Vijay Joshi,57,2,A2,PM01044
54,32,Priya Bhat,36,3,A1,PM00240
55,33,Ajay Patil,42,1,A1,PM00382
56,34,Deepak Kumar,60,1,A1,PM00937
57,34,Imran Patil,27,2,A2,PM00973
58,35,Pooja Reddy,35,1,A1,PM00170
59,36,Sneha Pujari,27,2,A1,PM00266
60,36,Anil Pujari,44,1,A2,PM00677
61,37,Vijay Mulla,37,1,A1,PM00888
62,37,Prakash Gowda,46,2,A2,PM00181
63,38,Kavya Khan,37,1,A1,PM00742
64,39,Naveen Patil,27,1,A1,PM00565
65,39,Naveen Nayak,35,1,A2,PM00764
66,40,Mahesh Jain,52,1,A1,PM00793
67,40,Lakshmi Rao,30,1,A2,PM00752
68,40,Aishwarya Patil,57,1,A3,PM00876
69,41,Sunil Mulla,57,1,A1,PM00228
70,42,Shankar Kumar,47,1,A1,PM00848
71,43,Asha Sharma,20,1,A1,PM00841
72,44,Ananya Gowda,52,1,A1,PM00140
73,45,Pooja Jain,31,2,A1,PM01095
74,45,Lakshmi Desai,52,1,A2,PM00159
75,45,Shankar Joshi,60,1,A3,PM00612
76,46,Asha Hegde,50,1,A1,PM00497
77,46,Sneha Bhat,58,2,A2,PM00591
78,47,Farhan Hegde,55,1,A1,PM00336
79,48,Prakash Patil,64,1,A1,PM00810
80,49,Neha Kumar,40,2,A1,PM00593
81,50,Naveen Jain,54,3,A1,PM00754
82,51,Divya Mulla,51,2,A1,PM00702
83,51,Shreya Joshi,27,1,A2,PM00618
84,52,Mahesh Jain,52,1,A1,PM00793
85,53,Meera Patil,39,2,A1,PM00787
86,54,Kiran Hegde,26,2,A1,PM00325
87,55,Priya Khan,26,2,A1,PM00958
88,56,Imran Khan,63,3,A1,PM01080
89,57,Sunil Naik,58,2,A1,PM01009
90,57,Anil Reddy,34,3,A2,PM01062
91,58,Nandini Kulkarni,37,3,A1,PM00309
92,59,Imran Hegde,55,1,A1,PM00715
93,60,Rahul Mulla,27,1,A1,PM00337
94,61,Shreya Gowda,50,1,A1,PM00134
95,62,Naveen Jain,28,1,A1,PM00343
96,62,Meera Hegde,56,1,A2,PM00808
97,63,Meera Kulkarni,57,1,A1,PM00849
98,64,Ajay Sharma,57,1,A1,PM00049
99,65,Rahul Mulla,27,1,A1,PM00337
100,65,Kiran Patil,30,1,A2,PM00766
101,66,Prakash Bhat,30,2,A1,PM01001
102,67,Anil Pujari,22,3,A1,PM00520
103,68,Sneha Khan,23,1,A1,PM00727
104,69,Pooja Kulkarni,65,1,A1,PM00206
105,70,Asha Rao,19,1,A1,PM00202
106,71,Shreya Bhat,42,2,A1,PM00913
107,72,Nandini Shetty,54,2,A1,PM00118
108,73,Anil Pujari,22,3,A1,PM00520
109,74,Priya Sharma,32,3,A1,PM00723
110,75,Vijay Joshi,57,2,A1,PM01044
111,76,Arun Joshi,20,1,A1,PM00678
112,76,Deepak Pujari,25,1,A2,PM00344
113,76,Naveen Bhat,49,1,A3,PM01093
114,77,Nandini Reddy,37,1,A1,PM00559
115,77,Shreya Sharma,22,2,A2,PM00827
116,77,Arun Kulkarni,51,3,A3,PM00043
117,78,Asha Gowda,37,2,A1,PM00543
118,78,Nandini Reddy,37,1,A2,PM00559
119,79,Nandini Patil,18,2,A1,PM00600
120,79,Naveen Naik,27,3,A2,PM00568
121,80,Lakshmi Mulla,47,2,A1,PM00065
122,80,Asha Desai,22,3,A2,PM00376
123,80,Kavya Kumar,63,1,A3,PM00717
124,81,Mahesh Sharma,20,1,A1,PM01028
125,81,Vijay Reddy,59,1,A2,PM00054
126,82,Manoj Jain,24,1,A1,PM00875
127,83,Ravi Sharma,57,1,A1,PM00512
128,83,Vijay Patil,62,2,A2,PM00619
129,84,Naveen Jain,24,1,A1,PM00921
130,85,Pooja Shetty,22,1,A1,PM00571
131,85,Imran Pujari,64,1,A2,PM00496
132,86,Meera Kumar,61,1,A1,PM00616
133,87,Naveen Patil,27,1,A1,PM00565
134,88,Neha Patil,61,1,A1,PM00492
135,88,Mahesh Nayak,42,3,A2,PM00828
136,89,Neha Mulla,33,2,A1,PM00774
137,90,Ananya Kumar,39,2,A1,PM00863
138,91,Rahul Reddy,49,2,A1,PM00610
139,91,Ananya Joshi,49,1,A2,PM00480
140,92,Kavya Khan,37,1,A1,PM00742
141,93,Mahesh Pujari,31,2,A1,PM00174
142,93,Anil Mulla,44,2,A2,PM00573
143,94,Ravi Gowda,23,2,A1,PM00099
144,94,Divya Hegde,56,1,A2,PM00942
145,94,Shankar Kulkarni,60,2,A3,PM00536
146,95,Priya Khan,47,2,A1,PM00114
147,96,Imran Patil,27,2,A1,PM00973
148,96,Divya Hegde,55,1,A2,PM00254
149,97,Kavya Hegde,32,1,A1,PM00415
150,98,Shreya Sharma,27,2,A1,PM00995
151,99,Prakash Rao,37,1,A1,PM00303
152,100,Pooja Khan,35,2,A1,PM00435
153,100,Kavya Khan,51,2,A2,PM00594
154,101,Nandini Kumar,39,2,A1,PM00428
155,101,Priya Mulla,20,2,A2,PM00983
156,102,Ajay Shetty,37,2,A1,PM00301
157,102,Asha Naik,20,2,A2,PM00602
158,103,Lakshmi Rao,63,1,A1,PM00831
159,104,Divya Kulkarni,38,1,A1,PM00548
160,105,Kiran Jain,61,2,A1,PM00801
161,106,Mahesh Khan,59,3,A1,PM00448
162,106,Aishwarya Naik,65,2,A2,PM01072
163,106,Divya Sharma,43,2,A3,PM00965
164,107,Manoj Kulkarni,56,2,A1,PM00614
165,107,Asha Nayak,41,1,A2,PM00953
166,108,Suresh Desai,46,1,A1,PM00661
167,109,Kiran Hegde,42,2,A1,PM00387
168,109,Asha Khan,34,1,A2,PM00420
169,110,Suresh Sharma,20,2,A1,PM00782
170,110,Kavya Sharma,46,2,A2,PM00542
171,111,Suresh Patil,34,2,A1,PM00358
172,111,Suresh Nayak,53,2,A2,PM00566
173,112,Vijay Shetty,64,2,A1,PM00145
174,113,Meera Reddy,34,2,A1,PM00763
175,114,Shreya Desai,60,1,A1,PM00930
176,115,Deepak Sharma,19,1,A1,PM01052
177,116,Arun Shetty,30,3,A1,PM00706
178,116,Divya Desai,26,1,A2,PM00430
179,116,Prakash Kulkarni,35,1,A3,PM00527
180,117,Shankar Rao,32,2,A1,PM00786
181,118,Meera Kumar,61,1,A1,PM01063
182,118,Anil Sharma,18,1,A2,PM01081
183,119,Nandini Sharma,63,3,A1,PM00327
184,120,Meera Khan,43,1,A1,PM00471
185,121,Nandini Kumar,39,2,A1,PM00428
186,122,Priya Patil,51,2,A1,PM00274
187,123,Sneha Khan,23,1,A1,PM00727
188,123,Ravi Kulkarni,29,2,A2,PM00733
189,124,Imran Khan,65,2,A1,PM00625
190,124,Pooja Pujari,34,1,A2,PM00519
191,124,Lakshmi Nayak,57,2,A3,PM00866
192,125,Mahesh Sharma,20,1,A1,PM01028
193,125,Arun Kulkarni,51,3,A2,PM00043
194,126,Ananya Kumar,36,1,A1,PM00411
195,127,Ajay Kulkarni,48,3,A1,PM00425
196,128,Ajay Reddy,43,1,A1,PM01027
197,129,Farhan Naik,50,1,A1,PM00990
198,130,Neha Bhat,37,2,A1,PM00621
199,130,Naveen Hegde,61,3,A2,PM00082
200,131,Shankar Gowda,30,1,A1,PM00320
201,132,Prakash Naik,34,2,A1,PM00820
202,132,Prakash Sharma,31,2,A2,PM00018
203,132,Sneha Kumar,22,1,A3,PM00419
204,133,Aishwarya Naik,34,1,A1,PM00731
205,133,Kiran Pujari,64,2,A2,PM00925
206,133,Naveen Pujari,26,1,A3,PM00769
207,134,Vijay Naik,49,1,A1,PM00886
208,135,Rahul Desai,43,1,A1,PM00210
209,136,Rahul Shetty,44,1,A1,PM00460
210,137,Farhan Rao,59,2,A1,PM00353
211,137,Vijay Reddy,54,1,A2,PM00641
212,138,Meera Pujari,25,2,A1,PM00772
213,139,Mahesh Khan,59,3,A1,PM00448
214,139,Prakash Pujari,22,2,A2,PM00239
215,139,Meera Shetty,32,1,A3,PM01056
216,140,Anil Joshi,47,3,A1,PM00109
217,141,Asha Rao,34,2,A1,PM00406
218,141,Anil Hegde,44,1,A2,PM00016
219,142,Aishwarya Khan,36,1,A1,PM00137
220,142,Priya Mulla,20,2,A2,PM00983
221,142,Anil Bhat,35,2,A3,PM00048
222,143,Pooja Rao,54,2,A1,PM00148
223,144,Vijay Mulla,52,1,A1,PM00919
224,144,Ravi Joshi,52,1,A2,PM00071
225,145,Sunil Desai,45,1,A1,PM01020
226,146,Neha Naik,30,2,A1,PM00308
227,147,Shankar Kulkarni,60,2,A1,PM00536
228,148,Ananya Kumar,36,1,A1,PM00411
229,149,Sunil Nayak,59,1,A1,PM00413
230,150,Mahesh Kulkarni,46,1,A1,PM00638
231,150,Ananya Naik,19,3,A2,PM00751
232,151,Aishwarya Hegde,26,1,A1,PM00962
233,152,Shankar Pujari,44,1,A1,PM00454
234,153,Naveen Jain,36,2,A1,PM00485
235,154,Meera Gowda,55,2,A1,PM00315
236,154,Lakshmi Rao,59,1,A2,PM00992
237,154,Mahesh Patil,49,3,A3,PM00055
238,154,Lakshmi Kumar,42,1,A4,PM00479
239,155,Lakshmi Desai,59,2,A1,PM00927
240,156,Manoj Reddy,52,1,A1,PM00969
241,157,Imran Khan,65,2,A1,PM00625
242,158,Rahul Hegde,35,2,A1,PM00075
243,158,Pooja Khan,35,1,A2,PM00441
244,159,Lakshmi Kulkarni,50,2,A1,PM00330
245,160,Prakash Jain,56,1,A1,PM00993
246,160,Meera Khan,59,2,A2,PM00341
247,161,Kiran Desai,45,2,A1,PM00253
248,161,Meera Sharma,33,1,A2,PM00928
249,161,Vijay Reddy,54,2,A3,PM00845
250,162,Aishwarya Desai,21,1,A1,PM00714
251,163,Naveen Jain,54,3,A1,PM00754
252,164,Divya Sharma,53,2,A1,PM00042
253,165,Manoj Shetty,65,1,A1,PM00926
254,165,Manoj Kumar,43,2,A2,PM00902
255,165,Rahul Sharma,30,2,A3,PM00020
256,165,Anil Joshi,40,2,A4,PM00213
257,166,Priya Patil,51,2,A1,PM00274
258,166,Rahul Nayak,55,1,A2,PM00659
259,166,Pooja Mulla,62,2,A3,PM00408
260,167,Imran Kumar,56,3,A1,PM00003
261,167,Kavya Patil,35,1,A2,PM00026
262,168,Neha Sharma,38,1,A1,PM00147
263,169,Asha Jain,39,1,A1,PM00319
264,170,Mahesh Shetty,29,2,A1,PM00538
265,171,Naveen Hegde,61,3,A1,PM00082
266,172,Anil Reddy,45,2,A1,PM00081
267,173,Nandini Khan,61,3,A1,PM00383
268,173,Divya Kulkarni,38,1,A2,PM00548
269,173,Priya Bhat,58,2,A3,PM00248
270,174,Lakshmi Nayak,57,2,A1,PM00866
271,175,Anil Pujari,22,3,A1,PM00520
272,176,Ajay Patil,45,2,A1,PM00697
273,176,Meera Naik,32,1,A2,PM00945
274,177,Lakshmi Rao,63,1,A1,PM00831
275,178,Lakshmi Gowda,52,1,A1,PM00684
276,179,Shreya Kulkarni,19,3,A1,PM00307
277,179,Shreya Reddy,48,1,A2,PM00500
278,180,Suresh Pujari,45,1,A1,PM00984
279,181,Kavya Kulkarni,51,3,A1,PM00580
280,182,Manoj Nayak,39,2,A1,PM00897
281,183,Sunil Naik,58,3,A1,PM00981
282,184,Shreya Naik,62,1,A1,PM01010
283,185,Deepak Shetty,54,1,A1,PM00098
284,186,Lakshmi Gowda,19,1,A1,PM00108
285,187,Aishwarya Naik,65,2,A1,PM01072
286,188,Sunil Khan,18,2,A1,PM00703
287,188,Priya Kumar,56,2,A2,PM00716
288,189,Neha Kumar,25,1,A1,PM00457
289,189,Divya Sharma,53,2,A2,PM00042
290,190,Manoj Mulla,22,2,A1,PM00957
291,190,Kavya Pujari,27,1,A2,PM00030
292,191,Suresh Gowda,51,3,A1,PM00123
293,192,Meera Patil,52,1,A1,PM00486
294,193,Anil Gowda,58,1,A1,PM00391
295,193,Deepak Nayak,23,2,A2,PM00941
296,194,Mahesh Jain,52,1,A1,PM00793
297,195,Anil Reddy,38,2,A1,PM00805
298,196,Meera Desai,31,2,A1,PM00304
299,197,Rahul Bhat,51,1,A1,PM00570
300,198,Anil Gowda,58,1,A1,PM00391
301,198,Meera Jain,64,2,A2,PM00963
302,198,Suresh Desai,46,1,A3,PM00661
303,199,Ananya Pujari,65,1,A1,PM00051
304,200,Prakash Jain,56,1,A1,PM00993
305,201,Divya Desai,26,1,A1,PM00430
306,202,Arun Gowda,31,2,A1,PM00104
307,202,Meera Sharma,33,1,A2,PM00928
308,203,Meera Bhat,19,3,A1,PM00904
309,204,Ajay Kumar,32,1,A1,PM00066
310,205,Arun Shetty,30,3,A1,PM00706
311,206,Naveen Desai,32,2,A1,PM00796
312,206,Neha Mulla,33,2,A2,PM00774
313,206,Rahul Khan,32,3,A3,PM00166
314,207,Meera Kumar,61,1,A1,PM00616
315,207,Naveen Bhat,52,1,A2,PM00410
316,208,Asha Shetty,38,1,A1,PM00472
317,209,Manoj Patil,29,2,A1,PM00617
318,209,Shreya Rao,36,3,A2,PM00788
319,210,Mahesh Gowda,48,1,A1,PM00585
320,211,Vijay Joshi,19,2,A1,PM00139
321,212,Aishwarya Pujari,54,1,A1,PM00935
322,212,Pooja Reddy,35,1,A2,PM00170
323,213,Ajay Joshi,37,2,A1,PM00404
324,214,Shankar Bhat,32,3,A1,PM00758
325,215,Suresh Kumar,39,2,A1,PM00880
326,216,Kavya Desai,51,1,A1,PM00487
327,217,Ananya Hegde,59,2,A1,PM00409
328,218,Prakash Reddy,63,2,A1,PM00671
329,219,Nandini Sharma,64,3,A1,PM00615
330,220,Aishwarya Rao,23,1,A1,PM00085
331,220,Sneha Naik,35,2,A2,PM00243
332,221,Shreya Pujari,30,1,A1,PM00909
333,221,Anil Reddy,38,2,A2,PM00805
334,222,Ajay Shetty,45,2,A1,PM00855
335,223,Pooja Sharma,36,2,A1,PM00700
336,223,Ananya Gowda,52,1,A2,PM00140
337,223,Naveen Sharma,54,1,A3,PM00203
338,223,Meera Jain,58,1,A4,PM00940
339,224,Kiran Khan,36,3,A1,PM00720
340,225,Sneha Kumar,48,2,A1,PM00247
341,225,Naveen Rao,28,1,A2,PM00823
342,225,Asha Naik,20,2,A3,PM00602
343,226,Ravi Jain,20,1,A1,PM00449
344,226,Vijay Mulla,37,1,A2,PM00888
345,226,Nandini Mulla,59,2,A3,PM01040
346,226,Asha Kulkarni,65,1,A4,PM00400
347,227,Ajay Joshi,37,2,A1,PM00404
348,228,Sunil Hegde,18,1,A1,PM00674
349,228,Shreya Pujari,52,2,A2,PM00583
350,229,Kiran Shetty,35,3,A1,PM00867
351,230,Asha Pujari,47,2,A1,PM00359
352,231,Deepak Kumar,64,3,A1,PM00550
353,231,Anil Patil,46,1,A2,PM00063
354,231,Neha Kumar,18,3,A3,PM00824
355,232,Suresh Sharma,49,1,A1,PM00426
356,232,Divya Sharma,53,2,A2,PM00042
357,232,Sneha Jain,62,2,A3,PM00740
358,233,Rahul Patil,60,1,A1,PM00132
359,233,Sneha Gowda,49,2,A2,PM00288
360,234,Deepak Khan,52,2,A1,PM00603
361,235,Divya Sharma,53,2,A1,PM00042
362,236,Priya Nayak,20,2,A1,PM00978
363,237,Sunil Naik,58,3,A1,PM00981
364,237,Anil Khan,29,1,A2,PM00285
365,237,Kavya Mulla,50,3,A3,PM00668
366,238,Sunil Gowda,50,1,A1,PM00122
367,239,Anil Mulla,27,2,A1,PM00601
368,240,Mahesh Pujari,61,2,A1,PM00624
369,240,Kavya Kulkarni,51,3,A2,PM00580
370,240,Lakshmi Joshi,62,1,A3,PM00564
371,241,Shankar Kulkarni,60,2,A1,PM00536
372,242,Priya Nayak,25,2,A1,PM00329
373,242,Kiran Pujari,31,1,A2,PM00442
374,243,Rahul Naik,27,2,A1,PM00396
375,243,Priya Reddy,53,2,A2,PM00524
376,244,Meera Pujari,64,3,A1,PM00204
377,245,Rahul Mulla,27,1,A1,PM00337
378,246,Ravi Patil,36,1,A1,PM00999
379,247,Divya Mulla,51,2,A1,PM00702
380,248,Farhan Mulla,24,1,A1,PM00730
381,249,Imran Hegde,33,1,A1,PM00771
382,249,Shreya Joshi,27,1,A2,PM00618
383,250,Ajay Patil,42,1,A1,PM00382
384,251,Imran Pujari,45,1,A1,PM00105
385,251,Divya Desai,50,3,A2,PM00939
386,252,Shreya Pujari,30,1,A1,PM00909
387,252,Prakash Gowda,34,3,A2,PM00244
388,253,Manoj Rao,47,1,A1,PM01086
389,253,Naveen Kumar,54,1,A2,PM00115
390,254,Lakshmi Reddy,41,2,A1,PM00877
391,254,Lakshmi Gowda,52,1,A2,PM00684
392,255,Neha Patil,28,2,A1,PM00966
393,256,Ravi Khan,39,1,A1,PM00693
394,257,Manoj Bhat,65,1,A1,PM00515
395,258,Meera Mulla,54,3,A1,PM00722
396,259,Aishwarya Rao,23,1,A1,PM00085
397,260,Imran Naik,55,2,A1,PM00015
398,260,Sneha Nayak,42,2,A2,PM00368
399,261,Nandini Naik,63,2,A1,PM00177
400,262,Meera Mulla,37,2,A1,PM00590
401,263,Manoj Rao,47,1,A1,PM01086
402,264,Arun Joshi,18,1,A1,PM00263
403,265,Aishwarya Desai,21,1,A1,PM00714
404,265,Ajay Pujari,59,1,A2,PM00780
405,265,Sunil Pujari,42,1,A3,PM00393
406,266,Manoj Gowda,52,2,A1,PM00238
407,267,Sneha Pujari,27,2,A1,PM00266
408,268,Pooja Desai,55,2,A1,PM00632
409,268,Divya Patil,31,3,A2,PM00002
410,269,Deepak Kulkarni,22,1,A1,PM00461
411,270,Naveen Jain,24,1,A1,PM00921
412,271,Asha Desai,45,1,A1,PM00422
413,271,Lakshmi Shetty,64,2,A2,PM00903
414,272,Ravi Rao,53,3,A1,PM00735
415,272,Sunil Nayak,59,1,A2,PM00413
416,272,Rahul Joshi,60,3,A3,PM00768
417,273,Aishwarya Rao,26,1,A1,PM00644
418,273,Shankar Sharma,47,1,A2,PM01074
419,274,Vijay Kumar,54,1,A1,PM00906
420,274,Farhan Gowda,25,3,A2,PM00521
421,275,Asha Desai,35,2,A1,PM00932
422,275,Naveen Joshi,38,3,A2,PM00086
423,275,Meera Sharma,58,2,A3,PM00996
424,276,Prakash Mulla,60,2,A1,PM00348
425,276,Divya Mulla,51,2,A2,PM00702
426,276,Sneha Pujari,27,2,A3,PM00266
427,277,Naveen Jain,54,3,A1,PM00754
428,278,Meera Jain,58,1,A1,PM00940
429,279,Vijay Reddy,54,2,A1,PM00845
430,279,Arun Kulkarni,30,3,A2,PM00783
431,279,Ajay Sharma,51,1,A3,PM00956
432,280,Neha Kulkarni,25,2,A1,PM00508
433,280,Kiran Hegde,42,2,A2,PM00387
434,280,Divya Desai,49,1,A3,PM00494
435,281,Pooja Sharma,36,2,A1,PM00700
436,282,Asha Desai,22,3,A1,PM00376
437,283,Pooja Mulla,45,2,A1,PM00245
438,284,Deepak Mulla,48,3,A1,PM00908
439,284,Imran Hegde,55,1,A2,PM00715
440,285,Meera Nayak,54,3,A1,PM00916
441,286,Prakash Desai,29,3,A1,PM01022
442,286,Kiran Pujari,31,1,A2,PM00442
443,287,Suresh Kumar,39,2,A1,PM00880
444,287,Suresh Patil,61,1,A2,PM00434
445,287,Priya Khan,26,2,A3,PM00958
446,288,Arun Kulkarni,30,3,A1,PM00783
447,288,Imran Naik,18,1,A2,PM00317
448,288,Neha Pujari,18,2,A3,PM00162
449,289,Kiran Shetty,35,3,A1,PM00867
450,290,Mahesh Kulkarni,48,3,A1,PM00798
451,291,Rahul Jain,56,2,A1,PM00778
452,292,Meera Pujari,64,3,A1,PM00204
453,292,Vijay Bhat,25,2,A2,PM01029
454,293,Shreya Patil,27,1,A1,PM00328
455,293,Sunil Patil,48,1,A2,PM00725
456,293,Lakshmi Joshi,62,1,A3,PM00564
457,294,Sneha Naik,46,1,A1,PM00022
458,295,Meera Khan,59,2,A1,PM00341
459,296,Arun Kumar,38,2,A1,PM00950
460,297,Ajay Naik,34,2,A1,PM00280
461,297,Priya Patil,23,1,A2,PM00575
462,298,Priya Bhat,58,2,A1,PM00248
463,298,Ananya Kumar,39,2,A2,PM00863
464,298,Ananya Khan,65,1,A3,PM00045
465,299,Vijay Kumar,54,1,A1,PM00906
466,300,Ajay Shetty,37,2,A1,PM00301
467,300,Sunil Sharma,64,2,A2,PM00300
468,301,Priya Reddy,48,2,A1,PM01057
469,302,Asha Jain,20,3,A1,PM00836
470,302,Shreya Sharma,33,2,A2,PM00232
471,302,Neha Mulla,28,2,A3,PM01016
472,303,Naveen Reddy,53,1,A1,PM00979
473,303,Manoj Patil,56,1,A2,PM00440
474,304,Suresh Patil,34,2,A1,PM00358
475,305,Ananya Naik,31,3,A1,PM00595
476,305,Shankar Sharma,61,1,A2,PM00033
477,306,Imran Mulla,61,2,A1,PM00196
478,306,Shreya Joshi,37,2,A2,PM00214
479,306,Mahesh Desai,65,1,A3,PM00833
480,307,Farhan Hegde,55,1,A1,PM00336
481,308,Kiran Shetty,35,3,A1,PM00867
482,309,Divya Gowda,19,3,A1,PM00010
483,310,Deepak Nayak,28,2,A1,PM00375
484,310,Anil Khan,36,3,A2,PM00432
485,311,Suresh Nayak,53,2,A1,PM00566
486,311,Sneha Kulkarni,52,2,A2,PM00276
487,312,Kiran Jain,55,1,A1,PM00850
488,312,Manoj Rao,47,1,A2,PM01086
489,313,Ajay Mulla,26,1,A1,PM00567
490,313,Sneha Kulkarni,52,2,A2,PM00276
491,314,Meera Kulkarni,57,1,A1,PM00849
492,314,Divya Kumar,36,1,A2,PM00499
493,314,Rahul Jain,48,1,A3,PM00255
494,315,Shreya Bhat,28,2,A1,PM00293
495,316,Vijay Reddy,59,1,A1,PM00054
496,316,Shankar Pujari,27,2,A2,PM01024
497,317,Neha Pujari,18,2,A1,PM00162
498,318,Asha Gowda,61,3,A1,PM00813
499,318,Sneha Mulla,26,2,A2,PM00282
500,319,Kavya Sharma,65,1,A1,PM00158
501,319,Ajay Shetty,23,2,A2,PM00526
502,320,Meera Pujari,54,1,A1,PM00627
503,321,Neha Desai,42,2,A1,PM00917
504,322,Vijay Kumar,54,1,A1,PM00906
505,322,Neha Patil,28,2,A2,PM00966
506,323,Sunil Rao,34,1,A1,PM00074
507,324,Deepak Kumar,60,1,A1,PM00937
508,325,Naveen Sharma,48,1,A1,PM01085
509,325,Naveen Naik,27,3,A2,PM00568
510,325,Farhan Patil,55,1,A3,PM00642
511,326,Prakash Rao,61,1,A1,PM00124
512,326,Anil Reddy,18,2,A2,PM00686
513,327,Meera Pujari,33,2,A1,PM00235
514,328,Sunil Khan,22,3,A1,PM01006
515,328,Priya Bhat,58,2,A2,PM00248
516,329,Prakash Reddy,41,2,A1,PM00773
517,329,Mahesh Hegde,25,2,A2,PM00273
518,330,Ananya Kumar,36,1,A1,PM00411
519,331,Sneha Khan,23,1,A1,PM00727
520,332,Manoj Nayak,51,1,A1,PM00944
521,333,Vijay Bhat,43,1,A1,PM00129
522,334,Shankar Nayak,26,2,A1,PM00172
523,335,Suresh Nayak,53,2,A1,PM00566
524,336,Deepak Kulkarni,27,2,A1,PM00258
525,337,Divya Kulkarni,31,2,A1,PM00869
526,338,Ravi Hegde,44,2,A1,PM01069
527,338,Pooja Desai,36,3,A2,PM00056
528,339,Neha Patil,28,2,A1,PM00966
529,340,Shreya Sharma,27,2,A1,PM00995
530,340,Neha Reddy,29,1,A2,PM00825
531,341,Ananya Desai,46,1,A1,PM00745
532,342,Arun Gowda,31,2,A1,PM00104
533,342,Mahesh Gowda,24,1,A2,PM00142
534,343,Sneha Naik,46,1,A1,PM00022
535,344,Anil Khan,29,1,A1,PM00285
536,345,Naveen Reddy,49,1,A1,PM00891
537,346,Meera Mulla,56,2,A1,PM00354
538,346,Deepak Nayak,23,2,A2,PM00941
539,347,Rahul Mulla,27,1,A1,PM00337
540,348,Aishwarya Joshi,19,1,A1,PM00834
541,349,Ananya Nayak,39,1,A1,PM01087
542,350,Kiran Khan,36,3,A1,PM00720
543,351,Sunil Khan,22,3,A1,PM01006
544,351,Arun Kulkarni,51,3,A2,PM00043
545,352,Lakshmi Joshi,62,1,A1,PM00564
546,352,Pooja Kulkarni,48,1,A2,PM00561
547,352,Kiran Joshi,20,1,A3,PM00112
548,353,Pooja Shetty,54,2,A1,PM00633
549,354,Shankar Patil,60,2,A1,PM00117
550,355,Priya Kulkarni,18,3,A1,PM00474
551,356,Deepak Pujari,47,2,A1,PM00073
552,357,Shankar Naik,25,3,A1,PM00665
553,358,Ravi Jain,29,2,A1,PM00683
554,359,Ajay Kulkarni,48,3,A1,PM00425
555,360,Anil Kumar,21,3,A1,PM00363
556,361,Anil Pujari,44,1,A1,PM00677
557,361,Shankar Kulkarni,31,2,A2,PM00986
558,361,Priya Mulla,23,1,A3,PM00103
559,362,Pooja Shetty,54,2,A1,PM00633
560,362,Priya Sharma,32,3,A2,PM00723
561,363,Naveen Jain,54,3,A1,PM00754
562,363,Meera Jain,64,2,A2,PM00963
563,364,Rahul Shetty,44,1,A1,PM00460
564,365,Naveen Bhat,19,1,A1,PM00551
565,366,Divya Kumar,36,1,A1,PM00499
566,367,Anil Rao,44,1,A1,PM00484
567,368,Naveen Naik,27,3,A1,PM00568
568,369,Aishwarya Naik,50,2,A1,PM00530
569,370,Naveen Reddy,49,1,A1,PM00998
570,371,Ananya Reddy,53,1,A1,PM00587
571,371,Lakshmi Shetty,30,1,A2,PM00491
572,372,Arun Naik,47,2,A1,PM00991
573,372,Naveen Rao,57,1,A2,PM01091
574,372,Mahesh Sharma,20,1,A3,PM01028
575,373,Kavya Khan,51,2,A1,PM00594
576,374,Divya Mulla,55,2,A1,PM00511
577,375,Vijay Shetty,64,2,A1,PM00145
578,375,Shreya Sharma,56,2,A2,PM00660
579,376,Neha Kumar,62,1,A1,PM00314
580,377,Shankar Rao,32,2,A1,PM00786
581,378,Deepak Jain,60,1,A1,PM00092
582,378,Mahesh Gowda,55,1,A2,PM00241
583,379,Anil Sharma,18,1,A1,PM01081
584,379,Nandini Gowda,55,2,A2,PM00226
585,379,Asha Rao,19,1,A3,PM00202
586,380,Suresh Reddy,28,1,A1,PM00646
587,380,Vijay Mulla,37,1,A2,PM00888
588,380,Manoj Bhat,65,1,A3,PM00515
589,380,Asha Bhat,27,3,A4,PM00607
590,381,Aishwarya Rao,26,1,A1,PM00644
591,382,Farhan Gowda,25,3,A1,PM00521
592,383,Anil Patil,46,1,A1,PM00063
593,384,Ajay Naik,30,3,A1,PM00164
594,385,Deepak Reddy,21,2,A1,PM00439
595,386,Kiran Khan,36,3,A1,PM00720
596,387,Ananya Nayak,39,1,A1,PM01087
597,388,Sneha Kulkarni,52,2,A1,PM00276
598,388,Mahesh Gowda,48,1,A2,PM00585
599,389,Sneha Nayak,42,2,A1,PM00368
600,390,Sneha Mulla,24,3,A1,PM00770
601,391,Ajay Desai,52,3,A1,PM00653
602,392,Nandini Hegde,40,1,A1,PM00478
603,392,Priya Khan,50,2,A2,PM00060
604,392,Deepak Naik,39,3,A3,PM00037
605,393,Arun Joshi,28,2,A1,PM00669
606,394,Meera Pujari,25,2,A1,PM00772
607,395,Kiran Shetty,35,3,A1,PM00867
608,396,Asha Sharma,20,1,A1,PM00841
609,396,Anil Joshi,61,1,A2,PM00477
610,397,Lakshmi Sharma,48,2,A1,PM00165
611,397,Lakshmi Desai,52,1,A2,PM00159
612,398,Asha Kumar,57,3,A1,PM00059
613,399,Anil Hegde,60,2,A1,PM00155
614,400,Prakash Khan,56,3,A1,PM00064
615,400,Naveen Jain,24,1,A2,PM00921
616,401,Priya Nayak,33,1,A1,PM00767
617,402,Asha Rao,19,1,A1,PM00202
618,402,Priya Shetty,58,1,A2,PM00738
619,402,Ananya Jain,19,2,A3,PM00265
620,402,Divya Kulkarni,31,2,A4,PM00869
621,403,Farhan Patil,55,1,A1,PM00642
622,404,Farhan Patil,47,1,A1,PM00885
623,404,Farhan Rao,24,1,A2,PM01035
624,404,Neha Reddy,29,1,A3,PM00825
625,405,Kavya Jain,44,2,A1,PM00516
626,405,Arun Kumar,38,2,A2,PM00950
627,406,Suresh Nayak,53,2,A1,PM00566
628,406,Kiran Patil,50,2,A2,PM00705
629,407,Aishwarya Pujari,54,1,A1,PM00935
630,408,Asha Gowda,22,1,A1,PM00377
631,408,Rahul Desai,59,2,A2,PM00630
632,409,Lakshmi Naik,41,2,A1,PM00791
633,410,Asha Bhat,27,3,A1,PM00607
634,410,Arun Rao,30,1,A2,PM00750
635,411,Manoj Nayak,39,2,A1,PM00897
636,412,Rahul Rao,55,1,A1,PM01030
637,412,Asha Gowda,22,1,A2,PM00377
638,413,Ajay Desai,52,3,A1,PM00653
639,414,Prakash Reddy,41,2,A1,PM00773
640,414,Nandini Khan,61,3,A2,PM00383
641,415,Sneha Patil,23,3,A1,PM00578
642,416,Ravi Bhat,45,2,A1,PM00390
643,417,Ravi Hegde,30,3,A1,PM00840
644,417,Ananya Patil,47,2,A2,PM00269
645,418,Meera Sharma,58,2,A1,PM00996
646,419,Pooja Hegde,57,3,A1,PM00286
647,420,Neha Nayak,47,2,A1,PM00577
648,421,Prakash Mulla,60,2,A1,PM00348
649,422,Imran Naik,18,1,A1,PM00317
650,423,Meera Mulla,37,2,A1,PM00590
651,424,Kiran Gowda,64,3,A1,PM00879
652,424,Kiran Patil,42,2,A2,PM00218
653,425,Lakshmi Gowda,47,2,A1,PM00036
654,426,Asha Bhat,27,3,A1,PM00607
655,427,Asha Rao,34,2,A1,PM00406
656,428,Sunil Pujari,22,1,A1,PM01050
657,429,Suresh Sharma,20,2,A1,PM00782
658,430,Sneha Mulla,24,3,A1,PM00770
659,431,Neha Desai,42,2,A1,PM00917
660,432,Suresh Sharma,28,3,A1,PM00504
661,433,Neha Bhat,43,1,A1,PM00830
662,433,Sneha Kulkarni,47,1,A2,PM00141
663,434,Rahul Kumar,47,2,A1,PM00205
664,435,Manoj Joshi,57,2,A1,PM00647
665,436,Rahul Shetty,20,3,A1,PM00699
666,436,Rahul Hegde,35,2,A2,PM00075
667,436,Naveen Bhat,19,1,A3,PM00551
668,436,Vijay Gowda,31,1,A4,PM00862
669,437,Imran Desai,49,1,A1,PM00592
670,438,Ajay Kulkarni,34,1,A1,PM00546
671,439,Meera Nayak,54,3,A1,PM00916
672,439,Neha Shetty,48,2,A2,PM00652
673,440,Imran Mulla,61,2,A1,PM00196
674,441,Neha Pujari,18,2,A1,PM00162
675,441,Asha Jain,20,3,A2,PM00836
676,442,Asha Desai,45,1,A1,PM00422
677,443,Lakshmi Rao,63,1,A1,PM00831
678,444,Pooja Bhat,46,1,A1,PM00514
679,445,Kavya Naik,53,2,A1,PM00775
680,446,Vijay Desai,64,2,A1,PM00694
681,447,Kiran Patil,24,2,A1,PM00126
682,448,Kiran Jain,55,1,A1,PM00850
683,449,Aishwarya Sharma,41,1,A1,PM00230
684,450,Nandini Naik,33,2,A1,PM00695
685,451,Naveen Kumar,22,1,A1,PM00584
686,452,Divya Bhat,21,1,A1,PM00367
687,453,Asha Kulkarni,30,1,A1,PM01045
688,454,Kiran Patil,32,1,A1,PM01000
689,454,Pooja Hegde,64,1,A2,PM01034
690,455,Shankar Patil,31,3,A1,PM00194
691,455,Kavya Sharma,46,2,A2,PM00542
692,456,Aishwarya Patil,57,1,A1,PM00876
693,457,Prakash Jain,18,1,A1,PM00146
694,458,Meera Kumar,61,1,A1,PM00616
695,459,Priya Khan,50,2,A1,PM00060
696,459,Manoj Nayak,39,2,A2,PM00897
697,459,Sneha Pujari,60,2,A3,PM00959
698,460,Pooja Reddy,35,1,A1,PM00170
699,461,Manoj Pujari,39,1,A1,PM00311
700,462,Mahesh Nayak,40,3,A1,PM00870
701,463,Neha Pujari,18,2,A1,PM00162
702,464,Prakash Patil,64,1,A1,PM00810
703,465,Arun Gowda,31,2,A1,PM00104
704,465,Ravi Hegde,30,3,A2,PM00840
705,466,Priya Mulla,20,2,A1,PM00983
706,466,Neha Mulla,65,1,A2,PM00777
707,467,Pooja Khan,19,2,A1,PM00528
708,467,Lakshmi Reddy,33,1,A2,PM00871
709,468,Sunil Reddy,41,2,A1,PM00554
710,468,Lakshmi Kulkarni,50,2,A2,PM00330
711,469,Naveen Rao,57,1,A1,PM01091
712,470,Priya Sharma,18,3,A1,PM00572
713,471,Deepak Reddy,30,2,A1,PM00582
714,471,Ananya Kulkarni,64,2,A2,PM00640
715,471,Nandini Sharma,63,3,A3,PM00327
716,472,Naveen Jain,54,3,A1,PM00754
717,472,Priya Nayak,25,2,A2,PM00329
718,472,Naveen Reddy,53,1,A3,PM00979
719,473,Mahesh Pujari,61,2,A1,PM00624
720,473,Manoj Kumar,38,1,A2,PM00189
721,473,Mahesh Hegde,25,2,A3,PM00273
722,474,Ananya Naik,19,3,A1,PM00751
723,474,Deepak Reddy,21,2,A2,PM00439
724,474,Shankar Bhat,64,2,A3,PM00506
725,475,Shankar Joshi,54,3,A1,PM00416
726,476,Aishwarya Naik,65,2,A1,PM01072
727,476,Ananya Pujari,20,1,A2,PM00347
728,477,Vijay Reddy,54,2,A1,PM00845
729,477,Lakshmi Rao,33,1,A2,PM00272
730,477,Sunil Nayak,42,1,A3,PM00361
731,478,Mahesh Patil,42,2,A1,PM00357
732,478,Prakash Reddy,41,2,A2,PM00773
733,478,Sneha Kumar,22,1,A3,PM00419
734,479,Suresh Hegde,23,2,A1,PM00606
735,479,Sneha Naik,28,1,A2,PM00394
736,480,Divya Bhat,21,1,A1,PM00367
737,480,Asha Shetty,51,1,A2,PM00914
738,480,Lakshmi Rao,32,3,A3,PM00721
739,480,Priya Bhat,26,1,A4,PM00365
740,481,Pooja Shetty,22,1,A1,PM00571
741,481,Ananya Kulkarni,64,2,A2,PM00640
742,482,Nandini Reddy,37,1,A1,PM00559
743,482,Manoj Shetty,65,1,A2,PM00926
744,482,Pooja Khan,19,2,A3,PM00528
745,483,Manoj Kumar,58,3,A1,PM00517
746,483,Neha Bhat,43,1,A2,PM00830
747,483,Asha Jain,56,1,A3,PM00707
748,484,Meera Jain,64,2,A1,PM00963
749,484,Ananya Kulkarni,58,3,A2,PM00038
750,485,Vijay Mulla,37,1,A1,PM00888
751,486,Ananya Patil,47,2,A1,PM00269
752,486,Ajay Bhat,48,2,A2,PM00340
753,486,Manoj Joshi,60,1,A3,PM00231
754,487,Aishwarya Kulkarni,45,1,A1,PM00453
755,487,Divya Joshi,57,2,A2,PM00380
756,487,Shreya Joshi,46,1,A3,PM00682
757,488,Anil Pujari,44,1,A1,PM00677
758,488,Mahesh Patil,42,2,A2,PM00357
759,488,Sunil Joshi,35,1,A3,PM00509
760,489,Prakash Mulla,60,2,A1,PM00348
761,490,Asha Naik,20,2,A1,PM00602
762,491,Ajay Kumar,53,2,A1,PM00407
763,492,Rahul Khan,32,3,A1,PM00166
764,492,Kiran Pujari,64,2,A2,PM00925
765,493,Divya Sharma,43,1,A1,PM00704
766,494,Aishwarya Patil,37,3,A1,PM01058
767,495,Asha Hegde,50,1,A1,PM00497
768,496,Suresh Gowda,52,3,A1,PM00429
769,497,Lakshmi Rao,30,1,A1,PM00752
770,497,Nandini Gowda,24,1,A2,PM01041
771,498,Mahesh Sharma,51,1,A1,PM00743
772,499,Rahul Sharma,30,2,A1,PM00020
773,500,Kiran Nayak,40,2,A1,PM00465
774,501,Divya Khan,31,3,A1,PM01026
775,502,Lakshmi Nayak,22,2,A1,PM00208
776,502,Sneha Naik,23,1,A2,PM00094
777,503,Neha Kumar,62,1,A1,PM00314
778,503,Neha Sharma,46,3,A2,PM00001
779,504,Divya Desai,26,1,A1,PM00430
780,505,Asha Joshi,20,2,A1,PM00690
781,506,Kiran Patil,32,1,A1,PM01000
782,507,Kiran Jain,61,2,A1,PM00801
783,507,Neha Kumar,18,3,A2,PM00824
784,508,Sunil Gowda,50,1,A1,PM00122
785,509,Naveen Shetty,60,2,A1,PM00223
786,510,Farhan Mulla,24,1,A1,PM00730
787,510,Ananya Khan,65,1,A2,PM00045
788,511,Imran Kumar,57,1,A1,PM00116
789,512,Deepak Kulkarni,27,2,A1,PM00258
790,513,Divya Mulla,58,1,A1,PM01088
791,514,Priya Nayak,25,2,A1,PM00329
792,515,Sunil Rao,27,2,A1,PM00451
793,516,Naveen Patil,27,1,A1,PM00565
794,517,Kavya Naik,22,2,A1,PM00691
795,518,Ajay Desai,20,1,A1,PM00372
796,519,Neha Nayak,47,2,A1,PM00577
797,520,Arun Gowda,46,1,A1,PM00034
798,521,Vijay Shetty,22,1,A1,PM00658
799,521,Ajay Gowda,18,3,A2,PM00183
800,522,Arun Joshi,18,1,A1,PM00263
801,522,Divya Naik,47,1,A2,PM00495
802,522,Farhan Rao,18,1,A3,PM00360
803,523,Suresh Nayak,51,1,A1,PM00502
804,524,Naveen Khan,57,3,A1,PM00323
805,524,Ananya Hegde,61,1,A2,PM00249
806,524,Mahesh Shetty,29,2,A3,PM00538
807,525,Ajay Reddy,43,1,A1,PM01027
808,526,Aishwarya Joshi,46,1,A1,PM00534
809,526,Shankar Bhat,32,3,A2,PM00758
810,526,Priya Reddy,43,2,A3,PM00029
811,526,Nandini Desai,32,3,A4,PM00781
812,527,Neha Desai,31,1,A1,PM00332
813,528,Ajay Desai,20,1,A1,PM00372
814,529,Divya Nayak,38,2,A1,PM00513
815,530,Mahesh Gowda,48,1,A1,PM00585
816,530,Meera Reddy,27,1,A2,PM00044
817,531,Ajay Hegde,23,1,A1,PM00414
818,532,Shreya Jain,36,1,A1,PM00741
819,533,Suresh Patil,49,1,A1,PM00401
820,534,Ajay Mulla,23,2,A1,PM00476
821,535,Manoj Pujari,39,1,A1,PM00311
822,536,Anil Mulla,27,2,A1,PM00601
823,536,Rahul Khan,32,3,A2,PM00166
824,536,Nandini Khan,43,2,A3,PM00685
825,537,Ajay Shetty,61,2,A1,PM00175
826,537,Kavya Nayak,49,3,A2,PM00251
827,538,Pooja Khan,35,2,A1,PM00435
828,538,Meera Khan,43,1,A2,PM00471
829,539,Sneha Patil,23,3,A1,PM00578
830,539,Asha Hegde,50,1,A2,PM00497
831,539,Neha Naik,64,2,A3,PM01039
832,539,Divya Naik,51,1,A4,PM00133
833,540,Suresh Mulla,35,3,A1,PM00157
834,540,Kiran Pujari,31,1,A2,PM00442
835,540,Neha Kumar,39,1,A3,PM00847
836,541,Mahesh Gowda,55,1,A1,PM00241
837,541,Neha Sharma,38,1,A2,PM00147
838,542,Neha Mulla,65,1,A1,PM00777
839,543,Divya Patil,21,2,A1,PM00609
840,544,Naveen Mulla,29,1,A1,PM00806
841,545,Shreya Pujari,52,2,A1,PM00583
842,545,Naveen Rao,28,1,A2,PM00823
843,545,Neha Pujari,18,2,A3,PM00162
844,546,Anil Reddy,34,3,A1,PM01062
845,546,Anil Bhat,23,1,A2,PM00488
846,547,Suresh Pujari,32,1,A1,PM00437
847,548,Farhan Reddy,31,1,A1,PM00173
848,549,Sneha Naik,35,2,A1,PM00243
849,550,Lakshmi Desai,59,2,A1,PM00927
850,550,Aishwarya Patil,57,1,A2,PM00876
851,551,Farhan Pujari,59,1,A1,PM00540
852,552,Prakash Bhat,63,1,A1,PM00128
853,552,Aishwarya Rao,25,1,A2,PM00455
854,553,Manoj Sharma,25,2,A1,PM00535
855,554,Anil Pujari,22,3,A1,PM00520
856,554,Ravi Patil,36,1,A2,PM00999
857,555,Naveen Bhat,19,1,A1,PM00551
858,555,Rahul Pujari,42,3,A2,PM00163
859,556,Deepak Pujari,25,1,A1,PM00344
860,557,Suresh Hegde,23,2,A1,PM00606
861,558,Suresh Pujari,33,2,A1,PM00934
862,559,Shreya Kulkarni,24,3,A1,PM00726
863,560,Ravi Patil,34,1,A1,PM00988
864,561,Ananya Kumar,41,1,A1,PM00444
865,562,Meera Sharma,61,3,A1,PM00868
866,563,Aishwarya Desai,23,1,A1,PM01054
867,564,Nandini Gowda,55,2,A1,PM00226
868,565,Meera Mulla,54,3,A1,PM00722
869,566,Rahul Shetty,20,3,A1,PM00699
870,566,Naveen Kumar,54,1,A2,PM00115
871,567,Farhan Joshi,49,1,A1,PM00510
872,568,Manoj Nayak,39,2,A1,PM00897
873,568,Divya Gowda,45,2,A2,PM00795
874,568,Divya Bhat,21,1,A3,PM00367
875,569,Prakash Rao,37,1,A1,PM00303
876,570,Ravi Sharma,41,1,A1,PM01002
877,571,Prakash Pujari,22,2,A1,PM00239
878,571,Vijay Gowda,63,2,A2,PM00447
879,572,Mahesh Joshi,44,1,A1,PM00563
880,572,Priya Khan,40,1,A2,PM00976
881,572,Farhan Gowda,54,3,A3,PM00532
882,573,Kiran Gowda,64,3,A1,PM00879
883,574,Sunil Khan,46,1,A1,PM00188
884,574,Rahul Patil,60,1,A2,PM00132
885,575,Shankar Rao,39,2,A1,PM00947
886,575,Rahul Bhat,51,1,A2,PM00570
887,575,Asha Joshi,32,3,A3,PM00012
888,576,Ravi Bhat,45,2,A1,PM00390
889,576,Kiran Patil,30,2,A2,PM00190
890,577,Asha Bhat,27,3,A1,PM00607
891,578,Suresh Nayak,51,1,A1,PM00502
892,579,Anil Sharma,18,1,A1,PM01081
893,579,Anil Khan,31,1,A2,PM00438
894,580,Aishwarya Sharma,34,1,A1,PM00656
895,581,Anil Pujari,58,1,A1,PM00287
896,582,Shreya Sharma,51,2,A1,PM00518
897,583,Ajay Bhat,48,2,A1,PM00340
898,583,Asha Mulla,56,1,A2,PM00161
899,584,Ajay Patil,42,1,A1,PM00382
900,585,Lakshmi Rao,63,1,A1,PM00831
901,586,Meera Patil,39,2,A1,PM00787
902,586,Suresh Jain,22,1,A2,PM00859
903,587,Manoj Reddy,52,1,A1,PM00969
904,588,Meera Kumar,18,2,A1,PM00949
905,589,Neha Naik,30,2,A1,PM00308
906,589,Lakshmi Shetty,30,1,A2,PM00491
907,590,Meera Kulkarni,57,1,A1,PM00849
908,591,Farhan Rao,58,2,A1,PM00371
909,591,Divya Khan,45,2,A2,PM00199
910,591,Sneha Khan,59,1,A3,PM00192
911,592,Prakash Gowda,29,1,A1,PM00456
912,593,Arun Gowda,31,2,A1,PM00104
913,593,Naveen Reddy,53,1,A2,PM00979
914,594,Naveen Hegde,61,3,A1,PM00082
915,595,Arun Joshi,20,1,A1,PM00678
916,596,Pooja Pujari,34,1,A1,PM00519
917,597,Neha Patil,61,1,A1,PM00492
918,597,Suresh Sharma,28,3,A2,PM00504
919,597,Kavya Sharma,30,1,A3,PM00270
920,598,Prakash Joshi,49,1,A1,PM00237
921,598,Anil Kulkarni,52,1,A2,PM00053
922,599,Vijay Naik,51,2,A1,PM00794
923,600,Manoj Pujari,44,2,A1,PM00458
924,601,Lakshmi Nayak,57,2,A1,PM00866
925,602,Neha Gowda,34,2,A1,PM00857
926,602,Vijay Joshi,57,2,A2,PM01044
927,602,Sunil Khan,18,2,A3,PM00703
928,603,Neha Pujari,51,1,A1,PM01076
929,603,Suresh Sharma,44,2,A2,PM00648
930,603,Pooja Kulkarni,51,1,A3,PM00169
931,603,Ananya Pujari,36,3,A4,PM00757
932,604,Neha Bhat,43,1,A1,PM00830
933,604,Sneha Khan,42,2,A2,PM00356
934,604,Meera Kulkarni,57,1,A3,PM00849
935,605,Anil Kumar,56,2,A1,PM00004
936,606,Mahesh Kumar,29,1,A1,PM00167
937,607,Kiran Bhat,57,2,A1,PM00110
938,608,Sunil Nayak,41,2,A1,PM00664
939,609,Ravi Patil,36,1,A1,PM00999
940,609,Arun Gowda,31,2,A2,PM00104
941,610,Vijay Shetty,64,2,A1,PM00145
942,611,Sunil Kulkarni,24,1,A1,PM00817
943,612,Asha Gowda,37,2,A1,PM00543
944,612,Anil Joshi,61,1,A2,PM00477
945,613,Deepak Pujari,19,1,A1,PM01023
946,614,Kiran Pujari,64,2,A1,PM00925
947,614,Divya Kulkarni,31,2,A2,PM00869
948,614,Kavya Khan,51,2,A3,PM00594
949,615,Manoj Kumar,58,3,A1,PM00517
950,615,Shreya Joshi,22,2,A2,PM00629
951,616,Ajay Hegde,23,1,A1,PM00414
952,616,Naveen Hegde,61,3,A2,PM00082
953,616,Farhan Naik,50,1,A3,PM00990
954,617,Shankar Mulla,52,1,A1,PM00364
955,617,Neha Kumar,18,3,A2,PM00824
956,618,Pooja Mulla,45,2,A1,PM00245
957,619,Anil Reddy,34,3,A1,PM01062
958,619,Ravi Sharma,41,1,A2,PM01002
959,620,Ajay Joshi,37,2,A1,PM00404
960,620,Kavya Mulla,50,3,A2,PM00668
961,621,Asha Sharma,29,1,A1,PM00784
962,621,Ananya Reddy,49,2,A2,PM00670
963,622,Naveen Jain,28,1,A1,PM00343
964,623,Rahul Mulla,27,1,A1,PM00337
965,624,Prakash Hegde,32,1,A1,PM01005
966,624,Kavya Kumar,63,1,A2,PM00717
967,625,Suresh Sharma,20,2,A1,PM00782
968,625,Rahul Reddy,49,2,A2,PM00610
969,625,Manoj Kumar,34,1,A3,PM00853
970,626,Neha Bhat,44,1,A1,PM00197
971,627,Shreya Kulkarni,19,3,A1,PM00307
972,627,Asha Kulkarni,30,1,A2,PM01045
973,628,Imran Gowda,64,1,A1,PM00381
974,628,Ananya Hegde,59,2,A2,PM00409
975,629,Divya Khan,31,3,A1,PM01026
976,630,Naveen Reddy,49,1,A1,PM00891
977,630,Mahesh Gowda,24,1,A2,PM00142
978,631,Lakshmi Reddy,33,1,A1,PM00871
979,631,Priya Bhat,58,2,A2,PM00248
980,631,Shankar Rao,39,2,A3,PM00947
981,632,Kavya Khan,51,2,A1,PM00594
982,633,Sneha Pujari,64,3,A1,PM00006
983,634,Ananya Pujari,53,2,A1,PM00366
984,635,Naveen Khan,57,3,A1,PM00323
985,635,Shankar Gowda,30,1,A2,PM00320
986,635,Ajay Kumar,53,2,A3,PM00407
987,636,Suresh Kumar,21,1,A1,PM00260
988,637,Nandini Sharma,64,3,A1,PM00615
989,637,Meera Mulla,37,2,A2,PM00590
990,638,Asha Kulkarni,65,1,A1,PM00400
991,638,Sunil Pujari,42,1,A2,PM00393
992,638,Ravi Patil,34,1,A3,PM00988
993,639,Arun Gowda,31,2,A1,PM00104
994,639,Neha Bhat,22,1,A2,PM01059
995,639,Asha Pujari,47,2,A3,PM00359
996,639,Nandini Gowda,55,2,A4,PM00226
997,640,Meera Jain,58,1,A1,PM00940
998,641,Kiran Jain,31,2,A1,PM00507
999,642,Pooja Pujari,34,1,A1,PM00519
1000,643,Asha Rao,34,2,A1,PM00406
1001,644,Meera Bhat,19,3,A1,PM00904
1002,645,Sunil Desai,45,1,A1,PM01020
1003,646,Sunil Mulla,54,3,A1,PM00069
1004,647,Neha Kumar,25,1,A1,PM00457
1005,647,Prakash Pujari,22,2,A2,PM00239
1006,648,Sneha Kumar,22,1,A1,PM00419
1007,649,Rahul Hegde,35,2,A1,PM00075
1008,650,Ananya Pujari,23,2,A1,PM01014
1009,651,Farhan Naik,51,3,A1,PM00236
1010,652,Manoj Rao,47,1,A1,PM01086
1011,652,Farhan Gowda,30,1,A2,PM01043
1012,653,Shreya Sharma,51,2,A1,PM00518
1013,653,Sneha Khan,51,1,A2,PM00399
1014,653,Priya Reddy,20,1,A3,PM00946
1015,654,Arun Bhat,35,1,A1,PM00596
1016,654,Farhan Bhat,24,1,A2,PM00814
1017,655,Priya Patil,51,2,A1,PM00274
1018,655,Priya Patil,23,1,A2,PM00575
1019,655,Naveen Jain,54,3,A3,PM00754
1020,656,Manoj Shetty,42,1,A1,PM00316
1021,656,Ravi Naik,39,2,A2,PM00135
1022,657,Shreya Gowda,46,1,A1,PM00558
1023,657,Naveen Naik,51,3,A2,PM01047
1024,657,Kiran Nayak,40,2,A3,PM00465
1025,658,Divya Sharma,43,1,A1,PM00704
1026,659,Arun Mulla,56,1,A1,PM00084
1027,660,Kiran Hegde,52,2,A1,PM00345
1028,660,Naveen Gowda,58,1,A2,PM00586
1029,661,Vijay Gowda,63,2,A1,PM00447
1030,661,Shankar Reddy,32,2,A2,PM00324
1031,662,Shankar Pujari,27,2,A1,PM01024
1032,662,Ajay Sharma,51,1,A2,PM00956
1033,663,Priya Pujari,36,3,A1,PM00310
1034,663,Farhan Joshi,33,1,A2,PM00915
1035,664,Manoj Khan,23,1,A1,PM00744
1036,665,Meera Sharma,46,1,A1,PM00047
1037,665,Deepak Khan,52,2,A2,PM00603
1038,665,Anil Pujari,22,3,A3,PM00520
1039,666,Rahul Joshi,60,3,A1,PM00768
1040,667,Kiran Kulkarni,57,3,A1,PM00552
1041,667,Kiran Nayak,28,2,A2,PM00789
1042,668,Divya Naik,51,1,A1,PM00133
1043,669,Suresh Rao,64,2,A1,PM00673
1044,670,Priya Sharma,32,3,A1,PM00723
1045,671,Suresh Gowda,54,2,A1,PM00910
1046,671,Shankar Pujari,44,1,A2,PM00454
1047,671,Divya Nayak,38,2,A3,PM00513
1048,672,Neha Patil,61,1,A1,PM00492
1049,673,Mahesh Sharma,20,1,A1,PM01028
1050,673,Naveen Bhat,49,1,A2,PM01093
1051,674,Ravi Sharma,57,1,A1,PM00512
1052,675,Shreya Bhat,28,2,A1,PM00293
1053,676,Sneha Gowda,49,2,A1,PM00288
1054,676,Suresh Gowda,44,1,A2,PM00620
1055,676,Naveen Jain,24,1,A3,PM00921
1056,677,Priya Shetty,58,1,A1,PM00738
1057,678,Nandini Reddy,56,2,A1,PM00861
1058,679,Naveen Mulla,18,2,A1,PM00753
1059,680,Vijay Gowda,31,1,A1,PM00862
1060,681,Nandini Pujari,24,1,A1,PM00291
1061,682,Manoj Jain,24,1,A1,PM00875
1062,682,Asha Naik,38,1,A2,PM00459
1063,683,Sunil Gowda,50,1,A1,PM00122
1064,684,Shreya Bhat,42,2,A1,PM00913
1065,685,Priya Bhat,26,1,A1,PM00365
1066,685,Vijay Kumar,39,1,A2,PM00894
1067,686,Vijay Gowda,31,1,A1,PM00862
1068,687,Asha Rao,19,1,A1,PM00202
1069,688,Aishwarya Desai,61,1,A1,PM00284
1070,689,Prakash Hegde,65,1,A1,PM00846
1071,690,Ravi Hegde,41,1,A1,PM00631
1072,690,Kavya Sharma,46,2,A2,PM00542
1073,690,Divya Gowda,18,3,A3,PM00974
1074,691,Neha Sharma,38,1,A1,PM00147
1075,691,Anil Patil,46,1,A2,PM00063
1076,692,Aishwarya Patil,57,1,A1,PM00876
1077,693,Neha Gowda,34,2,A1,PM00857
1078,693,Arun Bhat,35,1,A2,PM00596
1079,694,Divya Gowda,18,3,A1,PM00974
1080,694,Nandini Shetty,42,3,A2,PM00654
1081,695,Neha Kulkarni,25,2,A1,PM00508
1082,695,Shreya Bhat,35,2,A2,PM00920
1083,695,Naveen Naik,27,3,A3,PM00568
1084,696,Mahesh Jain,37,2,A1,PM00785
1085,697,Neha Kumar,62,1,A1,PM00314
1086,698,Lakshmi Gowda,57,1,A1,PM00072
1087,698,Mahesh Khan,51,2,A2,PM00852
1088,698,Aishwarya Kulkarni,45,1,A3,PM00453
1089,698,Sunil Reddy,41,2,A4,PM00554
1090,699,Manoj Desai,44,3,A1,PM01019
1091,699,Pooja Mulla,62,2,A2,PM00408
1092,699,Anil Bhat,23,1,A3,PM00488
1093,699,Pooja Desai,55,2,A4,PM00632
1094,700,Meera Sharma,33,1,A1,PM00928
1095,700,Nandini Sharma,23,1,A2,PM00482
1096,701,Anil Patil,23,1,A1,PM00256
1097,702,Prakash Naik,34,2,A1,PM00820
1098,703,Ananya Reddy,49,2,A1,PM00670
1099,703,Neha Reddy,34,1,A2,PM00635
1100,704,Anil Mulla,39,1,A1,PM00655
1101,704,Mahesh Jain,37,2,A2,PM00785
1102,704,Lakshmi Nayak,22,2,A3,PM00208
1103,704,Kiran Bhat,51,3,A4,PM00832
1104,705,Kavya Sharma,65,1,A1,PM00158
1105,705,Sunil Gowda,41,3,A2,PM00736
1106,705,Farhan Patil,18,1,A3,PM00574
1107,706,Prakash Sharma,52,3,A1,PM00708
1108,706,Asha Hegde,50,1,A2,PM00497
1109,706,Ajay Mulla,26,1,A3,PM00567
1110,707,Suresh Mulla,35,3,A1,PM00157
1111,707,Asha Rao,34,2,A2,PM00406
1112,708,Deepak Nayak,28,2,A1,PM00375
1113,709,Shreya Sharma,65,3,A1,PM00125
1114,709,Shankar Bhat,32,3,A2,PM00758
1115,710,Meera Shetty,32,1,A1,PM01056
1116,711,Naveen Jain,54,3,A1,PM00754
1117,711,Kiran Kulkarni,57,3,A2,PM00552
1118,711,Neha Jain,22,3,A3,PM00335
1119,712,Suresh Reddy,28,1,A1,PM00646
1120,713,Ananya Shetty,64,1,A1,PM00608
1121,714,Priya Bhat,26,1,A1,PM00365
1122,715,Manoj Reddy,52,1,A1,PM00969
1123,716,Suresh Nayak,51,1,A1,PM00502
1124,716,Meera Jain,58,1,A2,PM00940
1125,717,Lakshmi Shetty,56,1,A1,PM00800
1126,718,Priya Khan,40,1,A1,PM00976
1127,719,Sneha Bhat,21,3,A1,PM00259
1128,719,Ananya Kumar,36,1,A2,PM00411
1129,720,Ajay Hegde,23,1,A1,PM00414
1130,720,Shankar Joshi,60,1,A2,PM00612
1131,720,Farhan Bhat,24,1,A3,PM00814
1132,721,Sneha Khan,59,1,A1,PM00192
1133,721,Divya Sharma,42,1,A2,PM00613
1134,721,Imran Naik,18,1,A3,PM00317
1135,722,Anil Patil,46,1,A1,PM00063
1136,723,Lakshmi Gowda,47,2,A1,PM00036
1137,724,Anil Khan,31,1,A1,PM00438
1138,725,Manoj Kumar,43,2,A1,PM00902
1139,725,Meera Patil,54,1,A2,PM00466
1140,726,Aishwarya Rao,23,1,A1,PM00085
1141,727,Anil Khan,49,2,A1,PM00645
1142,728,Manoj Gowda,39,1,A1,PM00023
1143,728,Ajay Desai,20,1,A2,PM00372
1144,729,Imran Sharma,39,1,A1,PM01096
1145,729,Imran Kumar,57,1,A2,PM00116
1146,730,Meera Desai,18,2,A1,PM00749
1147,731,Shreya Joshi,62,1,A1,PM00569
1148,732,Aishwarya Patil,21,2,A1,PM00739
1149,733,Divya Kulkarni,56,1,A1,PM00138
1150,734,Lakshmi Nayak,22,2,A1,PM00208
1151,734,Sneha Kulkarni,52,2,A2,PM00276
1152,734,Ajay Mulla,23,2,A3,PM00476
1153,735,Imran Patil,27,2,A1,PM00973
1154,736,Meera Khan,59,2,A1,PM00341
1155,737,Vijay Reddy,54,2,A1,PM00845
1156,738,Divya Desai,26,1,A1,PM00430
1157,738,Naveen Kumar,22,1,A2,PM00584
1158,739,Imran Naik,55,2,A1,PM00015
1159,740,Kiran Bhat,51,3,A1,PM00832
1160,740,Meera Khan,43,1,A2,PM00471
1161,741,Meera Bhat,19,3,A1,PM00904
1162,741,Sunil Joshi,35,1,A2,PM00509
1163,742,Nandini Reddy,56,2,A1,PM00861
1164,743,Shankar Pujari,44,1,A1,PM00454
1165,744,Lakshmi Nayak,47,3,A1,PM00450
1166,745,Vijay Kumar,39,1,A1,PM00894
1167,745,Naveen Naik,27,3,A2,PM00568
1168,746,Kavya Sharma,30,1,A1,PM00270
1169,747,Nandini Kumar,30,3,A1,PM00221
1170,748,Ajay Naik,34,2,A1,PM00280
1171,749,Shreya Gowda,46,1,A1,PM00558
1172,750,Ananya Kumar,36,1,A1,PM00411
1173,751,Neha Shetty,48,2,A1,PM00652
1174,752,Imran Kumar,57,1,A1,PM00116
1175,752,Mahesh Sharma,20,2,A2,PM00384
1176,753,Kavya Nayak,49,3,A1,PM00251
1177,753,Imran Hegde,55,1,A2,PM00715
1178,753,Naveen Gowda,26,2,A3,PM00297
1179,754,Prakash Pujari,18,1,A1,PM00392
1180,754,Priya Mulla,20,2,A2,PM00983
1181,754,Shankar Sharma,20,2,A3,PM00052
1182,755,Kavya Pujari,27,1,A1,PM00030
1183,756,Mahesh Sharma,20,1,A1,PM01028
1184,757,Shreya Pujari,30,1,A1,PM00909
1185,758,Priya Khan,50,2,A1,PM00060
1186,758,Divya Gowda,45,2,A2,PM00795
1187,759,Sneha Bhat,21,3,A1,PM00259
1188,760,Arun Kulkarni,60,1,A1,PM00843
1189,761,Manoj Patil,29,2,A1,PM00617
1190,762,Aishwarya Bhat,52,2,A1,PM00980
1191,763,Divya Joshi,57,2,A1,PM00380
1192,763,Sneha Bhat,21,3,A2,PM00259
1193,764,Kiran Pujari,42,1,A1,PM00013
1194,765,Sunil Nayak,59,1,A1,PM00413
1195,766,Rahul Naik,57,2,A1,PM00667
1196,766,Arun Pujari,55,2,A2,PM00936
1197,766,Divya Hegde,56,1,A3,PM00942
1198,767,Mahesh Pujari,61,2,A1,PM00624
1199,768,Priya Nayak,25,2,A1,PM00329
1200,768,Ravi Joshi,57,1,A2,PM00222
1201,769,Ananya Naik,53,1,A1,PM00179
1202,769,Neha Kumar,62,1,A2,PM00314
1203,770,Meera Shetty,55,1,A1,PM00977
1204,770,Kavya Kumar,50,1,A2,PM00489
1205,771,Manoj Joshi,57,2,A1,PM00647
1206,772,Neha Nayak,24,1,A1,PM01021
1207,772,Sneha Patil,23,3,A2,PM00578
1208,773,Ajay Patil,34,1,A1,PM01004
1209,773,Naveen Pujari,26,1,A2,PM00769
1210,773,Aishwarya Gowda,56,1,A3,PM00803
1211,774,Shreya Patil,35,1,A1,PM00884
1212,775,Shankar Sharma,20,2,A1,PM00052
1213,776,Kavya Mulla,50,3,A1,PM00668
1214,776,Naveen Pujari,26,1,A2,PM00769
1215,776,Lakshmi Pujari,58,2,A3,PM01011
1216,776,Pooja Pujari,34,1,A4,PM00519
1217,777,Imran Reddy,19,3,A1,PM00242
1218,778,Priya Sharma,18,3,A1,PM00572
1219,779,Lakshmi Kulkarni,61,1,A1,PM00362
1220,780,Naveen Jain,54,3,A1,PM00754
1221,780,Deepak Reddy,53,1,A2,PM00187
1222,781,Nandini Kumar,39,2,A1,PM00428
1223,782,Vijay Naik,51,2,A1,PM00794
1224,783,Prakash Sharma,52,3,A1,PM00708
1225,783,Farhan Hegde,32,1,A2,PM00598
1226,783,Priya Desai,42,1,A3,PM00982
1227,784,Ananya Jain,65,3,A1,PM00498
1228,784,Ajay Reddy,28,2,A2,PM00220
1229,785,Ravi Bhat,55,3,A1,PM00588
1230,786,Ananya Patil,47,2,A1,PM00269
1231,787,Naveen Naik,27,3,A1,PM00568
1232,788,Pooja Bhat,25,1,A1,PM00395
1233,788,Prakash Sharma,52,3,A2,PM00708
1234,788,Kiran Desai,51,1,A3,PM00299
1235,789,Sneha Jain,48,2,A1,PM01089
1236,790,Ananya Desai,34,1,A1,PM00229
1237,791,Suresh Mulla,61,2,A1,PM00378
1238,791,Naveen Naik,51,3,A2,PM01047
1239,791,Manoj Mulla,22,2,A3,PM00957
1240,792,Ananya Pujari,34,1,A1,PM00294
1241,792,Ajay Naik,30,3,A2,PM00164
1242,792,Kavya Shetty,33,1,A3,PM01067
1243,793,Anil Nayak,52,3,A1,PM00605
1244,793,Ajay Mulla,26,1,A2,PM00567
1245,793,Arun Kumar,38,2,A3,PM00950
1246,794,Prakash Jain,56,1,A1,PM00993
1247,794,Mahesh Bhat,35,1,A2,PM00009
1248,794,Asha Joshi,20,2,A3,PM00690
1249,795,Sneha Naik,42,2,A1,PM00374
1250,796,Sneha Naik,42,2,A1,PM00374
1251,796,Naveen Mulla,36,2,A2,PM00555
1252,797,Naveen Reddy,49,1,A1,PM00891
1253,797,Shankar Bhat,32,3,A2,PM00758
1254,798,Lakshmi Kulkarni,64,1,A1,PM00816
1255,799,Asha Joshi,20,2,A1,PM00690
1256,800,Ravi Bhat,41,2,A1,PM00912
1257,801,Lakshmi Reddy,63,2,A1,PM01100
1258,802,Ananya Pujari,20,1,A1,PM00347
1259,802,Sneha Jain,62,2,A2,PM00740
1260,803,Mahesh Gowda,48,1,A1,PM00585
1261,803,Prakash Kulkarni,35,1,A2,PM00527
1262,804,Kiran Hegde,52,2,A1,PM00345
1263,804,Kiran Hegde,26,2,A2,PM00325
1264,805,Manoj Gowda,39,1,A1,PM00023
1265,805,Sunil Jain,44,1,A2,PM00283
1266,806,Arun Joshi,18,1,A1,PM00263
1267,807,Nandini Sharma,64,3,A1,PM00615
1268,808,Anil Reddy,18,2,A1,PM00686
1269,808,Kavya Kumar,63,1,A2,PM00717
1270,809,Kavya Kumar,50,1,A1,PM00489
1271,810,Sneha Mulla,26,2,A1,PM00282
1272,811,Sneha Khan,23,1,A1,PM00727
1273,811,Farhan Bhat,38,2,A2,PM00090
1274,812,Lakshmi Gowda,47,2,A1,PM00036
1275,813,Neha Kumar,62,1,A1,PM00314
1276,814,Rahul Reddy,49,2,A1,PM00610
1277,815,Sunil Khan,22,3,A1,PM01006
1278,815,Rahul Naik,26,3,A2,PM00278
1279,815,Suresh Joshi,23,1,A3,PM00067
1280,816,Rahul Khan,57,1,A1,PM00418
1281,817,Ravi Patil,34,1,A1,PM00988
1282,817,Sneha Rao,55,1,A2,PM01065
1283,818,Farhan Hegde,32,1,A1,PM00598
1284,819,Suresh Patil,49,1,A1,PM00401
1285,819,Ananya Reddy,49,2,A2,PM00670
1286,820,Pooja Sharma,36,2,A1,PM00700
1287,821,Neha Shetty,48,2,A1,PM00652
1288,822,Pooja Sharma,36,2,A1,PM00700
1289,822,Imran Kumar,53,1,A2,PM00268
1290,823,Deepak Reddy,53,1,A1,PM00187
1291,823,Anil Pujari,35,1,A2,PM00233
1292,824,Meera Khan,43,1,A1,PM00471
1293,824,Prakash Joshi,49,1,A2,PM00237
1294,825,Ajay Shetty,37,2,A1,PM00301
1295,826,Divya Desai,49,1,A1,PM00494
1296,827,Divya Jain,59,2,A1,PM00900
1297,827,Neha Kumar,62,1,A2,PM00314
1298,828,Pooja Shetty,54,2,A1,PM00633
1299,829,Prakash Hegde,32,1,A1,PM01005
1300,829,Meera Gowda,55,2,A2,PM00315
1301,830,Mahesh Khan,51,1,A1,PM01066
1302,830,Ajay Nayak,40,2,A2,PM00762
1303,830,Naveen Reddy,53,1,A3,PM00979
1304,830,Pooja Hegde,64,1,A4,PM01034
1305,831,Vijay Shetty,64,2,A1,PM00145
1306,831,Farhan Rao,18,1,A2,PM00360
1307,831,Rahul Khan,19,2,A3,PM00967
1308,832,Sneha Khan,51,1,A1,PM00399
1309,833,Aishwarya Bhat,52,2,A1,PM00980
1310,834,Prakash Joshi,44,2,A1,PM00031
1311,835,Sneha Khan,51,1,A1,PM00399
1312,835,Imran Kumar,57,1,A2,PM00116
1313,835,Manoj Pujari,39,1,A3,PM00311
1314,836,Ravi Bhat,55,3,A1,PM00588
1315,836,Aishwarya Naik,65,2,A2,PM01072
1316,837,Asha Joshi,26,1,A1,PM00611
1317,837,Ravi Khan,39,1,A2,PM00693
1318,837,Farhan Jain,41,3,A3,PM00443
1319,837,Neha Rao,54,1,A4,PM00431
1320,838,Suresh Sharma,44,2,A1,PM00648
1321,838,Mahesh Hegde,39,2,A2,PM00711
1322,839,Mahesh Mulla,42,1,A1,PM00296
1323,839,Shankar Rao,39,2,A2,PM00947
1324,840,Meera Kumar,61,1,A1,PM01063
1325,841,Lakshmi Nayak,57,2,A1,PM00866
1326,841,Shreya Kulkarni,24,3,A2,PM00726
1327,842,Ajay Desai,52,3,A1,PM00653
1328,842,Divya Mulla,51,2,A2,PM00702
1329,843,Ravi Hegde,30,3,A1,PM00840
1330,844,Farhan Hegde,47,1,A1,PM00922
1331,844,Divya Sharma,42,1,A2,PM00613
1332,845,Farhan Hegde,55,1,A1,PM00336
1333,846,Sunil Desai,45,1,A1,PM01020
1334,846,Priya Bhat,26,1,A2,PM00365
1335,847,Shreya Patil,35,1,A1,PM00884
1336,848,Suresh Hegde,23,2,A1,PM00606
1337,848,Meera Jain,58,1,A2,PM00940
1338,848,Imran Desai,49,1,A3,PM00592
1339,849,Neha Desai,31,1,A1,PM00332
1340,849,Priya Naik,34,2,A2,PM01031
1341,849,Shreya Joshi,37,2,A3,PM00214
1342,850,Ananya Pujari,40,2,A1,PM00468
1343,850,Prakash Pujari,22,2,A2,PM00239
1344,851,Kiran Patil,30,1,A1,PM00766
1345,852,Sunil Patil,48,1,A1,PM00725
1346,853,Mahesh Pujari,31,2,A1,PM00174
1347,854,Suresh Pujari,21,2,A1,PM00829
1348,855,Arun Naik,47,2,A1,PM00991
1349,856,Suresh Sharma,28,3,A1,PM00504
1350,856,Sneha Gowda,49,2,A2,PM00288
1351,857,Neha Kumar,25,1,A1,PM00457
1352,858,Vijay Mulla,52,1,A1,PM00919
1353,858,Anil Khan,49,2,A2,PM00645
1354,858,Arun Joshi,18,1,A3,PM00263
1355,859,Prakash Patil,64,1,A1,PM00810
1356,860,Naveen Reddy,49,1,A1,PM00891
1357,861,Sunil Rao,34,2,A1,PM00650
1358,862,Sunil Sharma,57,1,A1,PM00858
1359,863,Meera Shetty,55,1,A1,PM00977
1360,864,Aishwarya Sharma,34,1,A1,PM00656
1361,864,Neha Bhat,43,1,A2,PM00830
1362,865,Asha Desai,22,3,A1,PM00376
1363,866,Manoj Shetty,65,1,A1,PM00926
1364,867,Asha Khan,34,1,A1,PM00420
1365,868,Vijay Joshi,19,2,A1,PM00139
1366,869,Farhan Joshi,33,1,A1,PM00915
1367,869,Sunil Khan,22,3,A2,PM01006
1368,870,Shankar Pujari,44,1,A1,PM00454
1369,870,Vijay Naik,49,1,A2,PM00886
1370,871,Ajay Joshi,37,2,A1,PM00404
1371,872,Naveen Naik,27,3,A1,PM00568
1372,872,Ravi Nayak,27,1,A2,PM00355
1373,873,Prakash Reddy,41,2,A1,PM00773
1374,874,Kavya Pujari,27,1,A1,PM00030
1375,874,Anil Reddy,18,2,A2,PM00686
1376,874,Suresh Sharma,20,2,A3,PM00782
1377,875,Naveen Gowda,58,1,A1,PM00586
1378,875,Ananya Kulkarni,58,3,A2,PM00038
1379,876,Rahul Desai,59,2,A1,PM00630
1380,877,Ananya Reddy,49,2,A1,PM00670
1381,878,Kiran Hegde,52,2,A1,PM00345
1382,879,Sunil Reddy,56,1,A1,PM00005
1383,880,Priya Nayak,20,2,A1,PM00978
1384,881,Imran Reddy,39,2,A1,PM00839
1385,881,Priya Gowda,29,1,A2,PM00217
1386,882,Ravi Hegde,41,1,A1,PM00631
1387,882,Lakshmi Joshi,62,1,A2,PM00564
1388,883,Manoj Gowda,39,1,A1,PM00023
1389,883,Prakash Gowda,34,3,A2,PM00244
1390,883,Meera Desai,34,2,A3,PM01015
1391,883,Priya Bhat,26,1,A4,PM00365
1392,884,Shankar Khan,35,2,A1,PM00807
1393,885,Pooja Kulkarni,51,1,A1,PM00169
1394,885,Naveen Khan,57,3,A2,PM00323
1395,885,Ananya Naik,31,3,A3,PM00595
1396,885,Farhan Patil,18,1,A4,PM00574
1397,886,Manoj Rao,64,2,A1,PM00338
1398,886,Prakash Patil,64,1,A2,PM00810
1399,886,Neha Mulla,33,2,A3,PM00774
1400,886,Mahesh Sharma,51,1,A4,PM00743
1401,887,Sneha Naik,54,3,A1,PM01032
1402,887,Kiran Jain,31,2,A2,PM00507
1403,887,Sunil Khan,58,1,A3,PM00150
1404,888,Asha Desai,22,3,A1,PM00376
1405,889,Neha Bhat,37,2,A1,PM00621
1406,889,Anil Bhat,35,2,A2,PM00048
1407,890,Meera Mulla,54,3,A1,PM00722
1408,891,Shankar Rao,32,2,A1,PM00786
1409,891,Mahesh Nayak,40,3,A2,PM00870
1410,891,Meera Pujari,59,2,A3,PM01078
1411,892,Imran Hegde,55,1,A1,PM00715
1412,893,Anil Pujari,22,3,A1,PM00520
1413,894,Meera Pujari,54,1,A1,PM00627
1414,894,Meera Pujari,54,1,A2,PM00627
1415,895,Rahul Rao,55,1,A1,PM01030
1416,895,Prakash Jain,54,3,A2,PM00719
1417,896,Meera Kulkarni,48,2,A1,PM00101
1418,897,Priya Sharma,30,1,A1,PM00907
1419,898,Kiran Patil,30,2,A1,PM00190
1420,899,Sunil Rao,34,2,A1,PM00650
1421,900,Aishwarya Bhat,52,2,A1,PM00980
1422,901,Divya Jain,59,2,A1,PM00900
1423,901,Ravi Joshi,52,1,A2,PM00071
1424,902,Aishwarya Nayak,23,3,A1,PM01068
1425,903,Shankar Nayak,26,2,A1,PM00172
1426,903,Pooja Mulla,62,2,A2,PM00093
1427,903,Vijay Kumar,37,1,A3,PM00321
1428,903,Shreya Kulkarni,19,3,A4,PM00307
1429,904,Ananya Naik,31,3,A1,PM00595
1430,905,Deepak Reddy,53,1,A1,PM00187
1431,906,Sneha Khan,23,1,A1,PM00727
1432,907,Divya Jain,59,2,A1,PM00900
1433,908,Divya Mulla,57,3,A1,PM00464
1434,908,Prakash Rao,61,1,A2,PM00124
1435,909,Mahesh Sharma,20,1,A1,PM01028
1436,910,Ravi Kulkarni,29,2,A1,PM00733
1437,910,Sunil Pujari,30,1,A2,PM00201
1438,911,Neha Bhat,43,1,A1,PM00830
1439,912,Kiran Jain,31,2,A1,PM00507
1440,913,Asha Joshi,20,2,A1,PM00690
1441,913,Divya Mulla,55,2,A2,PM00511
1442,914,Asha Desai,35,2,A1,PM00932
1443,915,Sneha Kulkarni,52,2,A1,PM00276
1444,916,Pooja Rao,43,2,A1,PM00191
1445,917,Kiran Patil,32,1,A1,PM01000
1446,917,Vijay Kumar,62,1,A2,PM00058
1447,918,Lakshmi Kulkarni,64,1,A1,PM00816
1448,919,Kiran Mulla,26,1,A1,PM00171
1449,920,Divya Naik,47,1,A1,PM00495
1450,920,Priya Khan,50,2,A2,PM00060
1451,920,Nandini Desai,32,3,A3,PM00781
1452,921,Pooja Shetty,54,2,A1,PM00633
1453,921,Anil Hegde,44,1,A2,PM00016
1454,922,Rahul Desai,43,1,A1,PM00210
1455,922,Ajay Bhat,48,2,A2,PM00340
1456,922,Arun Pujari,55,2,A3,PM00936
1457,923,Ananya Naik,19,3,A1,PM00751
1458,924,Deepak Reddy,40,3,A1,PM00373
1459,925,Asha Kumar,57,3,A1,PM00059
1460,925,Deepak Pujari,25,1,A2,PM00344
1461,926,Prakash Joshi,42,2,A1,PM00041
1462,926,Anil Rao,44,1,A2,PM00484
1463,926,Meera Patil,39,2,A3,PM00787
1464,927,Nandini Shetty,42,3,A1,PM00654
1465,927,Farhan Bhat,24,1,A2,PM00814
1466,928,Rahul Shetty,44,1,A1,PM00460
1467,929,Deepak Jain,60,1,A1,PM00092
1468,929,Asha Mulla,56,1,A2,PM00161
1469,930,Sunil Pujari,30,1,A1,PM00201
1470,931,Nandini Reddy,37,1,A1,PM00559
1471,932,Deepak Kumar,60,1,A1,PM00937
1472,932,Lakshmi Kulkarni,64,1,A2,PM00816
1473,932,Aishwarya Patil,57,1,A3,PM00876
1474,933,Mahesh Jain,47,1,A1,PM00027
1475,933,Divya Kulkarni,38,1,A2,PM00548
1476,933,Naveen Patil,27,1,A3,PM00565
1477,934,Naveen Gowda,62,3,A1,PM00943
1478,934,Lakshmi Joshi,21,1,A2,PM00182
1479,934,Farhan Bhat,38,2,A3,PM00090
1480,935,Farhan Naik,50,1,A1,PM00990
1481,935,Manoj Khan,36,1,A2,PM00898
1482,935,Nandini Shetty,54,2,A3,PM00118
1483,936,Priya Bhat,36,3,A1,PM00240
1484,937,Anil Reddy,45,2,A1,PM00081
1485,937,Priya Khan,40,1,A2,PM00976
1486,938,Naveen Kumar,22,1,A1,PM00584
1487,938,Prakash Jain,56,1,A2,PM00993
1488,938,Ananya Naik,53,1,A3,PM00179
1489,938,Pooja Sharma,36,2,A4,PM00700
1490,939,Vijay Kumar,37,1,A1,PM00321
1491,940,Lakshmi Kulkarni,64,1,A1,PM00816
1492,940,Ajay Reddy,43,1,A2,PM01027
1493,941,Suresh Gowda,20,2,A1,PM00994
1494,942,Pooja Naik,30,3,A1,PM00938
1495,943,Aishwarya Patil,57,1,A1,PM00876
1496,943,Prakash Hegde,31,3,A2,PM00657
1497,944,Neha Patil,61,1,A1,PM00492
1498,945,Imran Mulla,61,2,A1,PM00196
1499,945,Imran Mulla,61,2,A2,PM00196
1500,945,Vijay Khan,26,3,A3,PM00462
1501,946,Divya Naik,47,1,A1,PM00495
1502,946,Anil Mulla,27,2,A2,PM00601
1503,947,Rahul Kumar,47,2,A1,PM00205
1504,948,Lakshmi Joshi,21,1,A1,PM00182
1505,948,Naveen Shetty,60,2,A2,PM00223
1506,948,Kiran Khan,36,3,A3,PM00720
1507,948,Ananya Shetty,64,1,A4,PM00608
1508,949,Meera Hegde,56,1,A1,PM00808
1509,949,Pooja Desai,36,3,A2,PM00056
1510,950,Aishwarya Naik,65,2,A1,PM01072
1511,951,Rahul Pujari,42,3,A1,PM00163
1512,951,Vijay Bhat,43,1,A2,PM00129
1513,951,Asha Bhat,27,3,A3,PM00607
1514,952,Divya Gowda,45,2,A1,PM00795
1515,952,Meera Mulla,54,3,A2,PM00722
1516,952,Farhan Bhat,24,1,A3,PM00814
1517,953,Neha Patil,28,2,A1,PM00966
1518,953,Farhan Rao,59,2,A2,PM00353
1519,954,Ananya Naik,53,1,A1,PM00179
1520,955,Lakshmi Shetty,64,2,A1,PM00903
1521,956,Meera Kulkarni,48,2,A1,PM00101
1522,957,Prakash Kumar,33,2,A1,PM00873
1523,958,Meera Hegde,56,1,A1,PM00808
1524,958,Kavya Naik,22,2,A2,PM00691
1525,959,Ravi Hegde,30,3,A1,PM00840
1526,959,Anil Gowda,33,1,A2,PM00470
1527,959,Manoj Pujari,44,2,A3,PM00458
1528,960,Neha Reddy,29,1,A1,PM00825
1529,960,Lakshmi Shetty,64,2,A2,PM00903
1530,961,Deepak Pujari,25,1,A1,PM00344
1531,962,Suresh Pujari,21,2,A1,PM00829
1532,962,Imran Gowda,64,1,A2,PM00381
1533,962,Pooja Sharma,36,2,A3,PM00700
1534,963,Manoj Sharma,25,2,A1,PM00535
1535,964,Arun Sharma,33,1,A1,PM01075
1536,965,Nandini Nayak,19,3,A1,PM00643
1537,966,Asha Kumar,57,1,A1,PM00851
1538,967,Naveen Mulla,37,1,A1,PM00748
1539,968,Rahul Naik,57,2,A1,PM00667
1540,969,Naveen Rao,57,1,A1,PM01091
1541,969,Rahul Hegde,35,2,A2,PM00075
1542,970,Priya Shetty,21,2,A1,PM00918
1543,971,Asha Gowda,22,1,A1,PM00377
1544,972,Shreya Joshi,46,1,A1,PM00682
1545,973,Pooja Naik,30,3,A1,PM00938
1546,973,Ravi Naik,32,3,A2,PM00025
1547,974,Kiran Nayak,40,2,A1,PM00465
1548,975,Anil Kumar,56,2,A1,PM00004
1549,975,Imran Gowda,64,1,A2,PM00381
1550,976,Manoj Nayak,39,2,A1,PM00897
1551,977,Ajay Joshi,55,1,A1,PM00467
1552,978,Shankar Patil,60,2,A1,PM00117
1553,979,Shankar Bhat,32,3,A1,PM00758
1554,980,Nandini Naik,33,2,A1,PM00695
1555,980,Neha Sharma,32,3,A2,PM00402
1556,981,Anil Shetty,26,1,A1,PM00562
1557,981,Mahesh Sharma,48,2,A2,PM00911
1558,981,Priya Rao,32,2,A3,PM00040
1559,982,Asha Joshi,20,2,A1,PM00690
1560,983,Nandini Gowda,57,1,A1,PM00176
1561,983,Priya Gowda,29,1,A2,PM00217
1562,984,Nandini Naik,36,2,A1,PM00039
1563,985,Deepak Nayak,28,2,A1,PM00375
1564,985,Suresh Gowda,51,3,A2,PM00123
1565,985,Vijay Shetty,22,1,A3,PM00658
1566,985,Kiran Hegde,26,2,A4,PM00325
1567,986,Suresh Rao,64,2,A1,PM00673
1568,987,Mahesh Pujari,61,2,A1,PM00624
1569,988,Meera Sharma,61,3,A1,PM00868
1570,989,Imran Kumar,22,1,A1,PM00844
1571,990,Anil Khan,29,1,A1,PM00285
1572,991,Sneha Sharma,39,1,A1,PM00386
1573,992,Imran Kumar,57,1,A1,PM00116
1574,993,Lakshmi Desai,52,1,A1,PM00159
1575,994,Priya Sharma,18,3,A1,PM00572
1576,994,Rahul Khan,51,1,A2,PM00872
1577,995,Mahesh Hegde,25,2,A1,PM00273
1578,995,Pooja Hegde,28,1,A2,PM00127
1579,996,Shankar Rao,32,2,A1,PM00786
1580,997,Divya Mulla,51,2,A1,PM00702
1581,997,Neha Kulkarni,25,2,A2,PM00508
1582,998,Kavya Desai,33,1,A1,PM00522
1583,998,Arun Joshi,20,1,A2,PM00678
1584,998,Shankar Naik,25,3,A3,PM00665
1585,998,Farhan Rao,58,2,A4,PM00371
1586,999,Ananya Hegde,61,1,A1,PM00249
1587,1000,Nandini Sharma,64,3,A1,PM00615
1588,1001,Neha Naik,30,2,A1,PM00308
1589,1002,Meera Reddy,34,1,A1,PM00997
1590,1003,Asha Kulkarni,65,1,A1,PM00400
1591,1003,Suresh Mulla,35,3,A2,PM00157
1592,1003,Deepak Patil,48,1,A3,PM00599
1593,1004,Suresh Gowda,54,2,A1,PM00910
1594,1005,Imran Naik,18,1,A1,PM00317
1595,1006,Aishwarya Naik,65,2,A1,PM01072
1596,1007,Divya Pujari,35,1,A1,PM00144
1597,1007,Vijay Joshi,19,2,A2,PM00139
1598,1007,Shankar Kulkarni,60,2,A3,PM00536
1599,1007,Neha Rao,54,1,A4,PM00431
1600,1008,Deepak Patil,51,1,A1,PM00473
1601,1009,Rahul Nayak,55,1,A1,PM00659
1602,1010,Shreya Khan,62,1,A1,PM00732
1603,1010,Kiran Shetty,19,1,A2,PM01097
1604,1011,Kiran Patil,50,2,A1,PM00705
1605,1012,Divya Sharma,53,2,A1,PM00042
1606,1012,Arun Sharma,33,1,A2,PM01075
1607,1012,Sneha Naik,45,1,A3,PM00759
1608,1013,Priya Shetty,21,2,A1,PM00918
1609,1013,Ravi Khan,39,1,A2,PM00334
1610,1014,Anil Kumar,56,2,A1,PM00004
1611,1015,Divya Khan,28,2,A1,PM00264
1612,1016,Asha Rao,34,2,A1,PM00406
1613,1016,Mahesh Hegde,39,2,A2,PM00711
1614,1017,Pooja Desai,55,2,A1,PM00632
1615,1017,Deepak Jain,60,1,A2,PM00092
1616,1018,Deepak Nayak,28,2,A1,PM00375
1617,1019,Ajay Khan,40,1,A1,PM00989
1618,1020,Naveen Jain,36,2,A1,PM00485
1619,1021,Shreya Khan,61,1,A1,PM00398
1620,1022,Vijay Patil,23,3,A1,PM01053
1621,1022,Anil Reddy,18,2,A2,PM00686
1622,1023,Rahul Naik,57,2,A1,PM00667
1623,1023,Lakshmi Nayak,47,3,A2,PM00450
1624,1024,Mahesh Gowda,55,1,A1,PM00241
1625,1025,Lakshmi Naik,61,1,A1,PM00184
1626,1025,Shreya Sharma,22,2,A2,PM00827
1627,1026,Farhan Gowda,30,1,A1,PM01043
1628,1027,Meera Kumar,61,1,A1,PM01063
1629,1028,Anil Joshi,61,1,A1,PM00477
1630,1028,Sunil Mulla,54,3,A2,PM00069
1631,1028,Farhan Gowda,30,1,A3,PM01043
1632,1029,Prakash Gowda,29,1,A1,PM00456
1633,1030,Shankar Hegde,43,1,A1,PM00896
1634,1031,Shreya Sharma,33,2,A1,PM00232
1635,1031,Mahesh Gowda,24,1,A2,PM00142
1636,1032,Shankar Rao,39,2,A1,PM00947
1637,1033,Ajay Naik,34,2,A1,PM00280
1638,1034,Sunil Patil,48,1,A1,PM00725
1639,1034,Kavya Khan,51,2,A2,PM00594
1640,1035,Aishwarya Joshi,45,3,A1,PM00326
1641,1035,Mahesh Shetty,29,2,A2,PM00538
1642,1035,Suresh Nayak,20,2,A3,PM00676
1643,1036,Asha Rao,34,2,A1,PM00406
1644,1037,Kavya Kumar,50,1,A1,PM00489
1645,1038,Anil Rao,44,1,A1,PM00484
1646,1039,Ajay Kumar,26,2,A1,PM00799
1647,1039,Asha Jain,56,1,A2,PM00707
1648,1039,Shreya Joshi,22,2,A3,PM00629
1649,1040,Neha Kumar,39,1,A1,PM00847
1650,1040,Anil Patil,23,1,A2,PM00256
1651,1040,Ravi Patil,36,1,A3,PM00999
1652,1041,Ajay Patil,45,2,A1,PM00697
1653,1041,Asha Joshi,32,3,A2,PM00012
1654,1042,Meera Pujari,64,3,A1,PM00204
1655,1042,Lakshmi Pujari,58,2,A2,PM01011
1656,1042,Lakshmi Kulkarni,50,2,A3,PM00330
1657,1043,Ajay Shetty,61,2,A1,PM00175
1658,1043,Kavya Khan,37,1,A2,PM00742
1659,1044,Mahesh Sharma,48,2,A1,PM00911
1660,1044,Mahesh Khan,60,3,A2,PM00626
1661,1045,Naveen Pujari,45,2,A1,PM00279
1662,1046,Anil Desai,35,1,A1,PM00970
1663,1046,Divya Bhat,21,1,A2,PM00367
1664,1047,Farhan Patil,18,1,A1,PM00574
1665,1048,Shreya Shetty,40,1,A1,PM00553
1666,1049,Mahesh Nayak,42,3,A1,PM00828
1667,1049,Divya Hegde,56,1,A2,PM00942
1668,1050,Mahesh Gowda,55,1,A1,PM00241
1669,1050,Divya Gowda,27,1,A2,PM00290
1670,1050,Ananya Joshi,49,1,A3,PM00480
1671,1051,Lakshmi Reddy,63,2,A1,PM01100
1672,1052,Lakshmi Nayak,47,3,A1,PM00450
1673,1052,Ananya Desai,34,1,A2,PM00229
1674,1053,Farhan Bhat,49,2,A1,PM00680
1675,1054,Pooja Rao,43,2,A1,PM00191
1676,1055,Mahesh Kumar,29,1,A1,PM00167
1677,1056,Vijay Naik,51,2,A1,PM00794
1678,1056,Ajay Naik,43,2,A2,PM00954
1679,1057,Vijay Desai,27,2,A1,PM00156
1680,1058,Neha Desai,42,2,A1,PM00917
1681,1059,Ananya Naik,31,3,A1,PM00595
1682,1059,Aishwarya Sharma,34,1,A2,PM00656
1683,1059,Lakshmi Rao,33,1,A3,PM00272
1684,1060,Mahesh Hegde,57,1,A1,PM00689
1685,1061,Nandini Gowda,55,2,A1,PM00226
1686,1062,Naveen Jain,36,2,A1,PM00485
1687,1063,Kavya Reddy,40,1,A1,PM00893
1688,1063,Sneha Khan,59,1,A2,PM00192
1689,1064,Vijay Patil,62,2,A1,PM00619
1690,1064,Neha Jain,22,3,A2,PM00335
1691,1064,Rahul Joshi,45,1,A3,PM00637
1692,1065,Meera Desai,18,2,A1,PM00749
1693,1065,Sunil Patil,48,1,A2,PM00725
1694,1065,Naveen Bhat,52,1,A3,PM00410
1695,1066,Ravi Naik,42,1,A1,PM00809
1696,1067,Nandini Gowda,24,1,A1,PM01041
1697,1067,Neha Desai,42,2,A2,PM00917
1698,1067,Kavya Reddy,40,1,A3,PM00893
1699,1067,Ravi Desai,43,2,A4,PM01077
1700,1068,Shankar Naik,50,2,A1,PM00533
1701,1069,Neha Jain,22,3,A1,PM00335
1702,1069,Vijay Bhat,43,1,A2,PM00129
1703,1069,Mahesh Sharma,20,1,A3,PM01028
1704,1070,Naveen Nayak,35,1,A1,PM00764
1705,1070,Prakash Khan,24,3,A2,PM00765
1706,1070,Prakash Rao,61,1,A3,PM00124
1707,1071,Ananya Hegde,59,2,A1,PM00409
1708,1072,Asha Sharma,20,1,A1,PM00841
1709,1072,Nandini Kumar,39,2,A2,PM00428
1710,1073,Manoj Joshi,57,2,A1,PM00647
1711,1074,Priya Nayak,26,2,A1,PM00207
1712,1075,Suresh Joshi,23,1,A1,PM00067
1713,1076,Suresh Gowda,44,1,A1,PM00620
1714,1076,Divya Mulla,55,2,A2,PM00511
1715,1077,Meera Patil,52,1,A1,PM00486
1716,1077,Mahesh Hegde,57,1,A2,PM00689
1717,1078,Lakshmi Gowda,47,2,A1,PM00036
1718,1078,Asha Naik,38,1,A2,PM00459
1719,1078,Asha Joshi,32,3,A3,PM00012
1720,1079,Kiran Gowda,64,3,A1,PM00879
1721,1079,Priya Nayak,26,2,A2,PM00207
1722,1079,Rahul Naik,26,3,A3,PM00278
1723,1080,Neha Gowda,59,3,A1,PM00628
1724,1080,Imran Mulla,46,1,A2,PM00826
1725,1081,Pooja Sharma,36,2,A1,PM00700
1726,1081,Rahul Shetty,20,3,A2,PM00699
1727,1081,Naveen Sharma,54,1,A3,PM00203
1728,1082,Priya Nayak,20,2,A1,PM00978
1729,1083,Kavya Naik,20,1,A1,PM01061
1730,1084,Meera Khan,43,1,A1,PM00471
1731,1085,Divya Sharma,43,2,A1,PM00965
1732,1085,Divya Gowda,19,3,A2,PM00010
1733,1085,Lakshmi Bhat,35,1,A3,PM00560
1734,1086,Ravi Khan,39,1,A1,PM00693
1735,1086,Manoj Mulla,22,2,A2,PM00957
1736,1086,Imran Kulkarni,22,1,A3,PM01099
1737,1086,Shankar Bhat,60,2,A4,PM00068
1738,1087,Ravi Khan,39,1,A1,PM00693
1739,1087,Mahesh Jain,52,1,A2,PM00793
1740,1088,Kiran Hegde,42,2,A1,PM00387
1741,1088,Kiran Hegde,52,2,A2,PM00333
1742,1089,Manoj Rao,47,1,A1,PM01086
1743,1090,Priya Reddy,20,1,A1,PM00946
1744,1090,Aishwarya Rao,25,1,A2,PM00455
1745,1091,Neha Rao,50,1,A1,PM00349
1746,1091,Shankar Patil,60,2,A2,PM00095
1747,1092,Mahesh Shetty,29,2,A1,PM00538
1748,1093,Kiran Mulla,26,1,A1,PM00171
1749,1094,Kiran Kulkarni,57,3,A1,PM00552
1750,1095,Nandini Mulla,59,2,A1,PM01040
1751,1095,Sunil Pujari,42,1,A2,PM00393
1752,1095,Pooja Bhat,46,1,A3,PM00514
1753,1096,Shankar Rao,32,2,A1,PM00786
1754,1096,Kiran Pujari,42,1,A2,PM00013
1755,1097,Asha Joshi,26,1,A1,PM00611
1756,1097,Shankar Mulla,64,1,A2,PM00933
1757,1098,Mahesh Mulla,62,2,A1,PM00028
1758,1099,Meera Patil,54,1,A1,PM00466
1759,1100,Ananya Naik,19,3,A1,PM00751
1760,1101,Kavya Desai,20,2,A1,PM00971
1761,1102,Farhan Rao,58,2,A1,PM00371
1762,1102,Naveen Joshi,52,2,A2,PM00960
1763,1103,Sneha Khan,64,1,A1,PM00576
1764,1104,Pooja Bhat,25,1,A1,PM00395
1765,1105,Arun Bhat,35,1,A1,PM00017
1766,1106,Shreya Gowda,19,2,A1,PM00579
1767,1107,Ajay Sharma,42,2,A1,PM01060
1768,1108,Ravi Naik,19,1,A1,PM00688
1769,1109,Prakash Jain,54,3,A1,PM00719
1770,1110,Manoj Shetty,65,1,A1,PM00926
1771,1111,Lakshmi Khan,29,2,A1,PM00227
1772,1112,Deepak Jain,60,1,A1,PM00092
1773,1112,Naveen Hegde,44,1,A2,PM00131
1774,1113,Ananya Hegde,59,2,A1,PM00409
1775,1113,Meera Bhat,19,3,A2,PM00904
1776,1114,Sunil Naik,58,2,A1,PM01009
1777,1115,Priya Pujari,36,3,A1,PM00310
1778,1115,Shreya Desai,49,3,A2,PM00760
1779,1116,Imran Hegde,31,1,A1,PM00802
1780,1117,Mahesh Kulkarni,48,3,A1,PM00798
1781,1117,Nandini Gowda,55,2,A2,PM00226
1782,1117,Lakshmi Nayak,22,2,A3,PM00208
1783,1117,Divya Sharma,43,1,A4,PM00704
1784,1118,Divya Patil,58,2,A1,PM00923
1785,1119,Shreya Joshi,37,2,A1,PM00214
1786,1119,Nandini Gowda,24,1,A2,PM01041
1787,1120,Lakshmi Rao,32,3,A1,PM00721
1788,1121,Nandini Patil,18,2,A1,PM00600
1789,1121,Ajay Kulkarni,34,1,A2,PM00546
1790,1122,Ajay Bhat,48,2,A1,PM00340
1791,1123,Rahul Pujari,42,3,A1,PM00163
1792,1123,Farhan Khan,40,1,A2,PM00895
1793,1124,Ananya Nayak,39,1,A1,PM01087
1794,1124,Ravi Jain,20,1,A2,PM00449
1795,1125,Priya Khan,26,2,A1,PM00958
1796,1126,Arun Naik,47,2,A1,PM00991
1797,1126,Shreya Khan,61,1,A2,PM00398
1798,1126,Kavya Desai,20,2,A3,PM00971
1799,1127,Aishwarya Nayak,45,1,A1,PM00639
1800,1128,Anil Desai,35,1,A1,PM00970
1801,1128,Nandini Gowda,26,1,A2,PM01033
1802,1128,Ravi Kulkarni,23,3,A3,PM00452
1803,1128,Naveen Mulla,36,2,A4,PM00555
1804,1129,Ajay Nayak,40,2,A1,PM00762
1805,1130,Naveen Desai,48,2,A1,PM00209
1806,1131,Priya Reddy,48,2,A1,PM01057
1807,1131,Aishwarya Rao,25,1,A2,PM00455
1808,1132,Arun Khan,28,2,A1,PM00302
1809,1132,Vijay Joshi,59,3,A2,PM00032
1810,1133,Nandini Naik,33,2,A1,PM00695
1811,1133,Shreya Pujari,30,1,A2,PM00909
1812,1134,Ravi Jain,27,1,A1,PM00046
1813,1134,Prakash Jain,18,1,A2,PM00146
1814,1135,Nandini Reddy,56,2,A1,PM00861
1815,1136,Divya Kulkarni,38,1,A1,PM00548
1816,1136,Ananya Joshi,49,1,A2,PM00480
1817,1137,Asha Desai,35,2,A1,PM00932
1818,1137,Rahul Nayak,55,1,A2,PM00659
1819,1138,Neha Jain,22,3,A1,PM00335
1820,1138,Anil Hegde,44,1,A2,PM00016
1821,1138,Arun Kulkarni,60,1,A3,PM00843
1822,1139,Prakash Kulkarni,27,2,A1,PM01090
1823,1140,Asha Rao,19,1,A1,PM00202
1824,1140,Prakash Desai,29,3,A2,PM01022
1825,1140,Ananya Reddy,55,1,A3,PM00890
1826,1141,Ajay Khan,40,1,A1,PM00989
1827,1141,Kavya Desai,51,1,A2,PM00487
1828,1142,Mahesh Mulla,42,1,A1,PM00296
1829,1142,Meera Sharma,33,1,A2,PM00928
1830,1143,Arun Pujari,36,1,A1,PM00838
1831,1144,Suresh Naik,45,3,A1,PM01049
1832,1144,Neha Kumar,25,1,A2,PM00457
1833,1144,Kavya Reddy,40,1,A3,PM00893
1834,1144,Ravi Naik,39,2,A4,PM00135
1835,1145,Shreya Kulkarni,24,3,A1,PM00726
1836,1145,Asha Kumar,57,3,A2,PM00059
1837,1145,Naveen Mulla,36,2,A3,PM00555
1838,1145,Rahul Desai,29,3,A4,PM00107
1839,1146,Prakash Desai,29,3,A1,PM01022
1840,1146,Pooja Hegde,57,3,A2,PM00286
1841,1146,Mahesh Joshi,44,1,A3,PM00563
1842,1147,Farhan Naik,51,3,A1,PM00236
1843,1148,Lakshmi Kulkarni,64,1,A1,PM00816
1844,1148,Lakshmi Rao,30,1,A2,PM00752
1845,1148,Naveen Hegde,61,3,A3,PM00082
1846,1149,Meera Nayak,54,3,A1,PM00916
1847,1149,Lakshmi Kulkarni,64,1,A2,PM00816
1848,1150,Rahul Naik,27,2,A1,PM00396
1849,1150,Deepak Kulkarni,27,2,A2,PM00258
1850,1150,Mahesh Desai,65,1,A3,PM00833
1851,1151,Sunil Gowda,50,1,A1,PM00122
1852,1152,Deepak Pujari,47,2,A1,PM00073
1853,1152,Suresh Pujari,21,2,A2,PM00829
1854,1153,Shreya Kumar,19,2,A1,PM00339
1855,1154,Shankar Sharma,48,2,A1,PM00718
1856,1155,Anil Rao,44,1,A1,PM00484
1857,1156,Kavya Naik,20,1,A1,PM01061
1858,1157,Meera Bhat,19,3,A1,PM00904
1859,1158,Sunil Pujari,22,1,A1,PM01050
1860,1159,Kavya Kumar,42,3,A1,PM00651
1861,1159,Sunil Jain,44,1,A2,PM00283
1862,1160,Neha Kumar,39,1,A1,PM00847
1863,1161,Shankar Gowda,30,1,A1,PM00320
1864,1162,Ananya Gowda,47,2,A1,PM00271
1865,1163,Divya Gowda,18,3,A1,PM00974
1866,1164,Lakshmi Jain,55,1,A1,PM00121
1867,1165,Anil Nayak,52,3,A1,PM00605
1868,1166,Lakshmi Naik,41,2,A1,PM00791
1869,1166,Manoj Gowda,52,2,A2,PM00238
1870,1166,Asha Rao,34,2,A3,PM00406
1871,1167,Arun Shetty,30,3,A1,PM00706
1872,1167,Sneha Naik,43,2,A2,PM00539
1873,1168,Shreya Bhat,35,2,A1,PM00920
1874,1168,Lakshmi Nayak,47,3,A2,PM00450
1875,1169,Divya Desai,26,1,A1,PM00430
1876,1170,Suresh Mulla,35,3,A1,PM00157
1877,1170,Prakash Khan,26,3,A2,PM00835
1878,1170,Meera Kulkarni,57,1,A3,PM00849
1879,1171,Anil Sharma,18,1,A1,PM01081
1880,1172,Deepak Patil,51,1,A1,PM00473
1881,1173,Pooja Gowda,38,1,A1,PM00929
1882,1174,Neha Kumar,25,1,A1,PM00457
1883,1175,Suresh Patil,64,2,A1,PM00076
1884,1176,Sunil Nayak,36,3,A1,PM00865
1885,1176,Suresh Pujari,21,2,A2,PM00829
1886,1177,Lakshmi Shetty,56,1,A1,PM00800
1887,1178,Ananya Kumar,60,3,A1,PM00035
1888,1178,Suresh Sharma,44,2,A2,PM00648
1889,1178,Lakshmi Reddy,63,2,A3,PM01100
1890,1179,Naveen Jain,24,1,A1,PM00921
1891,1180,Ananya Pujari,23,2,A1,PM01014
1892,1181,Imran Naik,31,1,A1,PM00083
1893,1181,Imran Kulkarni,22,1,A2,PM01099
1894,1181,Priya Bhat,18,2,A3,PM00224
1895,1182,Shankar Gowda,30,1,A1,PM00320
1896,1183,Deepak Patil,51,1,A1,PM00473
1897,1183,Aishwarya Desai,61,1,A2,PM00284
1898,1184,Pooja Hegde,28,1,A1,PM00127
1899,1185,Priya Kumar,56,2,A1,PM00716
1900,1186,Manoj Khan,23,1,A1,PM00744
1901,1187,Asha Hegde,50,1,A1,PM00497
1902,1188,Manoj Kumar,34,1,A1,PM00853
1903,1188,Sunil Rao,24,1,A2,PM00755
1904,1188,Kiran Patil,42,2,A3,PM00218
1905,1188,Kiran Bhat,57,2,A4,PM00110
1906,1189,Manoj Reddy,52,1,A1,PM00969
1907,1190,Shankar Bhat,60,2,A1,PM00068
1908,1191,Vijay Bhat,25,2,A1,PM01029
1909,1192,Sneha Gowda,49,2,A1,PM00288
1910,1193,Pooja Rao,43,2,A1,PM00191
1911,1194,Imran Pujari,64,1,A1,PM00496
1912,1195,Naveen Kumar,54,1,A1,PM00115
1913,1195,Ananya Pujari,23,2,A2,PM01014
1914,1196,Shreya Kumar,19,2,A1,PM00339
1915,1196,Naveen Gowda,26,2,A2,PM00297
1916,1197,Lakshmi Shetty,64,2,A1,PM00903
1917,1197,Ajay Khan,40,1,A2,PM00989
1918,1197,Ananya Hegde,61,1,A3,PM00249
1919,1198,Asha Joshi,26,1,A1,PM00611
1920,1199,Lakshmi Gowda,19,1,A1,PM00108
1921,1200,Mahesh Nayak,42,3,A1,PM00828
1922,1201,Imran Mulla,53,2,A1,PM00061
1923,1202,Sunil Pujari,42,1,A1,PM00393
1924,1203,Arun Khan,25,2,A1,PM00312
1925,1204,Farhan Bhat,24,1,A1,PM00814
1926,1205,Mahesh Jain,37,2,A1,PM00785
1927,1206,Nandini Kumar,30,3,A1,PM00221
1928,1206,Manoj Patil,29,2,A2,PM00617
1929,1207,Shreya Jain,36,1,A1,PM00741
1930,1207,Ajay Naik,43,2,A2,PM00954
1931,1208,Nandini Khan,61,3,A1,PM00383
1932,1208,Rahul Jain,48,1,A2,PM00255
1933,1209,Ravi Kulkarni,29,2,A1,PM00733
1934,1210,Shreya Sharma,56,2,A1,PM00660
1935,1210,Suresh Rao,64,2,A2,PM00673
1936,1210,Kiran Kulkarni,54,3,A3,PM00388
1937,1211,Mahesh Khan,59,3,A1,PM00448
1938,1211,Neha Gowda,37,1,A2,PM00469
1939,1212,Nandini Khan,61,3,A1,PM00383
1940,1212,Lakshmi Pujari,58,2,A2,PM01011
1941,1212,Lakshmi Jain,55,1,A3,PM00121
1942,1212,Priya Reddy,20,1,A4,PM00946
1943,1213,Ravi Joshi,52,1,A1,PM00071
1944,1214,Ananya Kulkarni,58,3,A1,PM00038
1945,1214,Ajay Shetty,23,2,A2,PM00526
1946,1215,Priya Nayak,25,2,A1,PM00329
1947,1216,Naveen Bhat,52,1,A1,PM00410
1948,1216,Kiran Gowda,49,2,A2,PM00186
1949,1217,Vijay Shetty,22,1,A1,PM00658
1950,1217,Farhan Shetty,40,3,A2,PM00102
1951,1218,Prakash Reddy,41,2,A1,PM00773
1952,1218,Prakash Sharma,31,2,A2,PM00018
1953,1219,Neha Mulla,65,1,A1,PM00777
1954,1220,Anil Bhat,35,2,A1,PM00048
1955,1221,Meera Gowda,55,2,A1,PM00315
1956,1221,Ananya Pujari,23,2,A2,PM01014
1957,1221,Sneha Kumar,48,2,A3,PM00247
1958,1222,Kiran Pujari,44,1,A1,PM00737
1959,1223,Pooja Khan,35,1,A1,PM00441
1960,1224,Priya Sharma,64,2,A1,PM00091
1961,1225,Pooja Sharma,36,2,A1,PM00700
1962,1226,Prakash Pujari,38,2,A1,PM00883
1963,1227,Ananya Pujari,20,1,A1,PM00347
1964,1228,Lakshmi Nayak,47,3,A1,PM00450
1965,1229,Sunil Rao,49,3,A1,PM00433
1966,1230,Shreya Rao,36,3,A1,PM00788
1967,1231,Vijay Bhat,25,2,A1,PM01029
1968,1232,Asha Kumar,57,3,A1,PM00059
1969,1233,Imran Bhat,39,1,A1,PM00634
1970,1233,Suresh Gowda,52,3,A2,PM00429
1971,1234,Priya Joshi,65,3,A1,PM00501
1972,1234,Sunil Naik,58,3,A2,PM00981
1973,1235,Aishwarya Sharma,34,1,A1,PM00656
1974,1236,Kiran Mulla,26,1,A1,PM00171
1975,1237,Sunil Desai,45,1,A1,PM01020
1976,1238,Rahul Bhat,51,1,A1,PM00570
1977,1239,Sunil Naik,58,3,A1,PM00981
1978,1240,Aishwarya Pujari,54,1,A1,PM00935
1979,1241,Mahesh Gowda,48,1,A1,PM00585
1980,1241,Sunil Pujari,22,1,A2,PM01050
1981,1242,Ajay Naik,34,2,A1,PM00280
1982,1243,Anil Shetty,26,1,A1,PM00562
1983,1244,Kiran Patil,32,1,A1,PM01000
1984,1245,Mahesh Kumar,29,1,A1,PM00167
1985,1245,Naveen Gowda,26,2,A2,PM00297
1986,1246,Shankar Patil,26,1,A1,PM00987
1987,1247,Shreya Bhat,35,2,A1,PM00920
1988,1247,Priya Gowda,36,2,A2,PM00423
1989,1248,Meera Sharma,58,2,A1,PM00996
1990,1248,Neha Shetty,38,1,A2,PM00021
1991,1248,Ajay Bhat,48,2,A3,PM00340
1992,1249,Kavya Kumar,63,1,A1,PM00717
1993,1250,Ananya Jain,19,2,A1,PM00265
1994,1251,Neha Reddy,29,1,A1,PM00825
1995,1252,Naveen Jain,36,2,A1,PM00485
1996,1253,Priya Khan,40,1,A1,PM00976
1997,1253,Sunil Gowda,50,1,A2,PM00122
1998,1254,Nandini Patil,18,2,A1,PM00600
1999,1255,Manoj Sharma,25,2,A1,PM00535
2000,1255,Nandini Reddy,37,1,A2,PM00559
2001,1255,Arun Mulla,56,1,A3,PM00084
2002,1256,Manoj Kumar,43,2,A1,PM00902
2003,1256,Ajay Shetty,23,2,A2,PM00526
2004,1257,Meera Reddy,34,2,A1,PM00763
2005,1257,Lakshmi Rao,30,1,A2,PM00752
2006,1258,Sunil Kulkarni,24,1,A1,PM00817
2007,1258,Neha Naik,30,2,A2,PM00308
2008,1259,Suresh Mulla,61,2,A1,PM00378
2009,1260,Shreya Mulla,24,2,A1,PM00505
2010,1260,Kiran Desai,45,2,A2,PM00253
2011,1260,Rahul Khan,42,1,A3,PM00821
2012,1261,Aishwarya Joshi,46,1,A1,PM00534
2013,1261,Deepak Pujari,47,2,A2,PM00073
2014,1262,Asha Joshi,26,1,A1,PM00611
2015,1262,Deepak Reddy,53,1,A2,PM00187
2016,1263,Aishwarya Bhat,58,2,A1,PM00257
2017,1264,Rahul Sharma,30,2,A1,PM00020
2018,1265,Asha Sharma,29,1,A1,PM00784
2019,1265,Deepak Pujari,47,2,A2,PM00073
2020,1266,Asha Joshi,32,3,A1,PM00012
2021,1267,Vijay Mulla,52,1,A1,PM00919
2022,1267,Ravi Patil,36,1,A2,PM00999
2023,1268,Arun Gowda,31,2,A1,PM00104
2024,1268,Rahul Khan,57,1,A2,PM00418
2025,1269,Imran Kumar,34,3,A1,PM00557
2026,1269,Prakash Sharma,52,3,A2,PM00708
2027,1270,Kiran Kulkarni,31,3,A1,PM00385
2028,1270,Priya Nayak,20,2,A2,PM00978
2029,1271,Farhan Kulkarni,46,1,A1,PM00692
2030,1271,Naveen Kulkarni,49,1,A2,PM00322
2031,1271,Nandini Nayak,19,3,A3,PM00643
2032,1272,Anil Kumar,45,2,A1,PM00185
2033,1273,Rahul Naik,27,2,A1,PM00396
2034,1273,Suresh Kumar,51,1,A2,PM00120
2035,1274,Ananya Naik,31,3,A1,PM00595
2036,1275,Divya Gowda,27,1,A1,PM00290
2037,1275,Pooja Khan,35,1,A2,PM00441
2038,1276,Anil Pujari,44,1,A1,PM00677
2039,1276,Shreya Kulkarni,19,3,A2,PM00307
2040,1276,Suresh Gowda,51,3,A3,PM00123
2041,1277,Sneha Khan,42,2,A1,PM00356
2042,1278,Sunil Sharma,57,1,A1,PM00858
2043,1278,Prakash Jain,54,3,A2,PM00719
2044,1279,Ajay Nayak,40,2,A1,PM00762
2045,1279,Rahul Sharma,30,2,A2,PM00020
2046,1280,Rahul Shetty,44,1,A1,PM00460
2047,1281,Shankar Rao,39,2,A1,PM00947
2048,1282,Farhan Bhat,49,2,A1,PM00680
2049,1282,Aishwarya Joshi,19,1,A2,PM00834
2050,1283,Neha Kumar,62,1,A1,PM00314
2051,1284,Ananya Khan,46,1,A1,PM01048
2052,1285,Rahul Desai,43,1,A1,PM00210
2053,1286,Arun Gowda,46,1,A1,PM00034
2054,1287,Nandini Desai,32,3,A1,PM00781
2055,1288,Kiran Patil,24,2,A1,PM00126
2056,1288,Ananya Hegde,59,2,A2,PM00409
2057,1289,Arun Khan,25,2,A1,PM00312
2058,1289,Shreya Desai,60,1,A2,PM00930
2059,1289,Farhan Gowda,25,3,A3,PM00521
2060,1290,Mahesh Patil,49,3,A1,PM00055
2061,1290,Kavya Desai,20,2,A2,PM00971
2062,1290,Kavya Hegde,32,1,A3,PM00415
2063,1291,Vijay Desai,64,2,A1,PM00694
2064,1291,Ajay Joshi,55,1,A2,PM00467
2065,1292,Shreya Joshi,27,1,A1,PM00618
2066,1293,Prakash Pujari,18,1,A1,PM00948
2067,1294,Anil Bhat,35,2,A1,PM00048
2068,1294,Neha Desai,42,2,A2,PM00917
2069,1294,Neha Naik,30,2,A3,PM00308
2070,1294,Pooja Hegde,22,1,A4,PM00097
2071,1295,Arun Desai,50,2,A1,PM00756
2072,1296,Divya Kulkarni,38,2,A1,PM00662
2073,1297,Ajay Desai,20,1,A1,PM00372
2074,1297,Shankar Desai,64,3,A2,PM00797
2075,1297,Prakash Mulla,60,2,A3,PM00348
2076,1298,Ananya Gowda,52,1,A1,PM00140
2077,1299,Rahul Bhat,51,1,A1,PM00570
2078,1299,Anil Khan,31,1,A2,PM00438
2079,1300,Rahul Joshi,60,3,A1,PM00768
2080,1300,Ravi Jain,29,2,A2,PM00683
2081,1301,Ravi Bhat,45,2,A1,PM00390
2082,1302,Vijay Reddy,54,2,A1,PM00845
2083,1303,Priya Pujari,36,3,A1,PM00310
2084,1304,Sneha Pujari,27,2,A1,PM00266
2085,1305,Neha Kumar,62,1,A1,PM00314
2086,1306,Vijay Bhat,25,2,A1,PM01029
2087,1307,Vijay Joshi,57,2,A1,PM01044
2088,1308,Imran Naik,55,2,A1,PM00015
2089,1309,Anil Pujari,58,1,A1,PM00287
2090,1309,Ravi Pujari,46,1,A2,PM01037
2091,1310,Neha Bhat,43,1,A1,PM00830
2092,1310,Ananya Patil,62,1,A2,PM00672
2093,1310,Lakshmi Rao,32,3,A3,PM00721
2094,1310,Prakash Khan,56,3,A4,PM00064
2095,1311,Sneha Jain,62,2,A1,PM00740
2096,1312,Ananya Jain,19,2,A1,PM00265
2097,1312,Shreya Desai,60,1,A2,PM00930
2098,1312,Kavya Naik,53,2,A3,PM00775
2099,1313,Neha Naik,34,1,A1,PM00445
2100,1313,Ravi Desai,43,2,A2,PM01077
2101,1314,Anil Mulla,27,2,A1,PM00601
2102,1315,Kavya Gowda,61,1,A1,PM00342
2103,1315,Manoj Jain,63,3,A2,PM00523
2104,1315,Rahul Nayak,55,1,A3,PM00659
2105,1315,Anil Patil,62,2,A4,PM00277
2106,1316,Ananya Reddy,49,2,A1,PM00670
2107,1317,Vijay Naik,49,1,A1,PM00886
2108,1318,Kiran Jain,58,1,A1,PM01013
2109,1318,Vijay Mulla,37,1,A2,PM00888
2110,1319,Naveen Gowda,26,2,A1,PM00297
2111,1319,Ajay Shetty,45,2,A2,PM00855
2112,1319,Neha Patil,61,1,A3,PM00492
2113,1319,Nandini Jain,44,2,A4,PM00761
2114,1320,Manoj Patil,56,1,A1,PM00440
2115,1320,Mahesh Khan,60,3,A2,PM00626
2116,1321,Nandini Kumar,30,3,A1,PM00221
2117,1322,Sunil Joshi,35,1,A1,PM00509
2118,1323,Rahul Shetty,20,3,A1,PM00699
2119,1323,Ajay Naik,43,2,A2,PM00954
2120,1323,Manoj Pujari,39,1,A3,PM00311
2121,1324,Sneha Khan,59,1,A1,PM00192
2122,1324,Priya Khan,47,2,A2,PM00114
2123,1325,Pooja Rao,54,2,A1,PM00148
2124,1326,Rahul Hegde,35,2,A1,PM00075
2125,1327,Anil Nayak,52,3,A1,PM00605
2126,1327,Naveen Jain,28,1,A2,PM00343
2127,1328,Ravi Naik,32,3,A1,PM00025
2128,1329,Sneha Kumar,22,1,A1,PM00419
2129,1330,Deepak Kulkarni,27,2,A1,PM00258
2130,1331,Anil Patil,62,2,A1,PM00277
2131,1332,Sneha Bhat,21,3,A1,PM00259
2132,1333,Asha Rao,34,2,A1,PM00406
2133,1334,Farhan Pujari,59,1,A1,PM00540
2134,1334,Deepak Mulla,44,2,A2,PM00130
2135,1335,Vijay Kumar,39,1,A1,PM00894
2136,1336,Prakash Bhat,30,2,A1,PM01001
2137,1336,Vijay Bhat,43,1,A2,PM00129
2138,1336,Aishwarya Bhat,52,2,A3,PM00980
2139,1337,Ajay Pujari,59,1,A1,PM00780
2140,1337,Rahul Desai,43,1,A2,PM00210
2141,1337,Asha Sharma,20,1,A3,PM00841
2142,1338,Kiran Pujari,42,1,A1,PM00013
2143,1338,Manoj Joshi,64,1,A2,PM01084
2144,1338,Anil Kumar,21,3,A3,PM00363
2145,1338,Shreya Reddy,50,1,A4,PM00776
2146,1339,Kavya Pujari,32,1,A1,PM00679
2147,1339,Anil Joshi,47,3,A2,PM00109
2148,1339,Divya Kulkarni,38,1,A3,PM00548
2149,1340,Naveen Kumar,22,1,A1,PM00584
2150,1341,Sunil Nayak,59,1,A1,PM00413
2151,1342,Farhan Bhat,24,1,A1,PM00814
2152,1343,Aishwarya Pujari,51,3,A1,PM00972
2153,1344,Sneha Khan,23,1,A1,PM00727
2154,1344,Neha Reddy,29,1,A2,PM00825
2155,1345,Asha Hegde,50,1,A1,PM00497
2156,1346,Asha Nayak,59,1,A1,PM00874
2157,1346,Shankar Patil,26,1,A2,PM00987
2158,1347,Ananya Shetty,64,1,A1,PM00608
2159,1348,Shankar Gowda,30,1,A1,PM00320
2160,1348,Asha Sharma,20,1,A2,PM00841
2161,1349,Manoj Bhat,65,1,A1,PM00515
2162,1350,Arun Joshi,28,2,A1,PM00669
2163,1350,Priya Sharma,64,2,A2,PM00091
2164,1351,Asha Shetty,51,1,A1,PM00914
2165,1352,Suresh Kulkarni,44,1,A1,PM00854
2166,1352,Kiran Patil,30,2,A2,PM00190
2167,1352,Ravi Bhat,41,2,A3,PM00912
2168,1353,Ajay Patil,34,1,A1,PM01004
2169,1353,Ajay Nayak,40,2,A2,PM00762
2170,1354,Suresh Gowda,20,2,A1,PM00994
2171,1354,Imran Reddy,39,2,A2,PM00151
2172,1355,Sneha Kumar,22,1,A1,PM00419
2173,1355,Priya Bhat,58,2,A2,PM00248
2174,1356,Manoj Kumar,34,1,A1,PM00853
2175,1357,Meera Jain,58,1,A1,PM00940
2176,1358,Anil Khan,36,3,A1,PM00432
2177,1359,Suresh Gowda,52,3,A1,PM00429
2178,1359,Ananya Kumar,60,3,A2,PM00035
2179,1360,Suresh Desai,24,1,A1,PM00636
2180,1360,Asha Rao,19,1,A2,PM00202
2181,1360,Mahesh Mulla,27,1,A3,PM00905
2182,1360,Neha Patil,61,1,A4,PM00492
2183,1361,Arun Joshi,18,1,A1,PM00263
2184,1361,Meera Patil,54,1,A2,PM00466
2185,1362,Manoj Khan,23,1,A1,PM00744
2186,1363,Ananya Kumar,36,1,A1,PM00411
2187,1364,Sneha Rao,55,1,A1,PM01065
2188,1365,Meera Kulkarni,57,1,A1,PM00849
2189,1366,Meera Mulla,37,2,A1,PM00590
2190,1367,Naveen Jain,28,1,A1,PM00343
2191,1368,Kavya Kulkarni,51,3,A1,PM00580
2192,1368,Prakash Gowda,34,3,A2,PM00244
2193,1369,Shankar Patil,26,1,A1,PM00987
2194,1369,Imran Naik,43,1,A2,PM01003
2195,1370,Kiran Kulkarni,57,3,A1,PM00552
2196,1371,Ravi Naik,39,2,A1,PM00135
2197,1372,Prakash Pujari,22,2,A1,PM00239
2198,1373,Anil Kumar,56,2,A1,PM00004
2199,1374,Naveen Kulkarni,49,1,A1,PM00322
2200,1375,Neha Naik,61,1,A1,PM00080
2201,1375,Priya Nayak,20,2,A2,PM00978
2202,1375,Sunil Gowda,41,3,A3,PM00736
2203,1376,Aishwarya Pujari,54,1,A1,PM00935
2204,1377,Neha Kulkarni,25,2,A1,PM00508
2205,1378,Ajay Shetty,37,2,A1,PM00301
2206,1379,Ananya Reddy,55,1,A1,PM00890
2207,1380,Shreya Sharma,33,2,A1,PM00232
2208,1380,Manoj Khan,36,1,A2,PM00898
2209,1381,Lakshmi Desai,59,2,A1,PM00927
2210,1381,Arun Khan,48,1,A2,PM00975
2211,1382,Mahesh Sharma,51,1,A1,PM00743
2212,1383,Prakash Reddy,63,2,A1,PM00671
2213,1383,Ajay Jain,57,1,A2,PM00152
2214,1384,Ravi Hegde,44,2,A1,PM01069
2215,1384,Mahesh Desai,65,1,A2,PM00833
2216,1385,Anil Patil,23,1,A1,PM00256
2217,1386,Sunil Rao,27,2,A1,PM00451
2218,1386,Divya Sharma,42,1,A2,PM00613
2219,1387,Kavya Desai,51,1,A1,PM00487
2220,1387,Neha Nayak,29,2,A2,PM00149
2221,1388,Manoj Pujari,64,1,A1,PM00087
2222,1389,Manoj Shetty,19,1,A1,PM00193
2223,1389,Divya Kulkarni,38,2,A2,PM00662
2224,1390,Ravi Naik,32,3,A1,PM00025
2225,1391,Meera Sharma,58,2,A1,PM00996
2226,1392,Lakshmi Khan,64,2,A1,PM00225
2227,1392,Farhan Hegde,47,1,A2,PM00922
2228,1393,Ananya Kumar,60,3,A1,PM00035
2229,1394,Shankar Sharma,48,2,A1,PM00718
2230,1394,Neha Kumar,40,2,A2,PM00593
2231,1395,Anil Pujari,58,1,A1,PM00287
2232,1396,Nandini Jain,44,2,A1,PM00761
2233,1396,Priya Patil,23,1,A2,PM00575
2234,1397,Sneha Khan,23,1,A1,PM00727
2235,1397,Nandini Kulkarni,37,3,A2,PM00309
2236,1398,Manoj Mulla,22,2,A1,PM00957
2237,1399,Vijay Kumar,39,1,A1,PM00894
2238,1400,Arun Khan,48,1,A1,PM00975
2239,1401,Suresh Kumar,39,2,A1,PM00880
2240,1402,Lakshmi Rao,63,1,A1,PM00831
2241,1403,Divya Naik,51,1,A1,PM00133
2242,1404,Asha Sharma,29,1,A1,PM00784
2243,1404,Arun Naik,49,3,A2,PM01046
2244,1404,Rahul Reddy,49,2,A3,PM00610
2245,1405,Sneha Kulkarni,47,1,A1,PM00141
2246,1406,Divya Mulla,57,3,A1,PM00464
2247,1407,Deepak Kumar,60,1,A1,PM00937
2248,1408,Prakash Khan,27,1,A1,PM00062
2249,1409,Sneha Bhat,58,2,A1,PM00591
2250,1410,Anil Khan,49,2,A1,PM00645
2251,1410,Kavya Hegde,47,1,A2,PM00295
2252,1411,Vijay Bhat,25,2,A1,PM01029
2253,1412,Arun Desai,39,1,A1,PM00070
2254,1413,Anil Rao,44,1,A1,PM00484
2255,1413,Priya Reddy,48,2,A2,PM01057
2256,1414,Pooja Kumar,43,3,A1,PM00318
2257,1414,Vijay Kumar,39,1,A2,PM00894
2258,1415,Neha Kumar,25,1,A1,PM00457
2259,1415,Aishwarya Desai,23,1,A2,PM01054
2260,1416,Nandini Desai,32,3,A1,PM00781
2261,1416,Nandini Khan,43,2,A2,PM00685
2262,1417,Lakshmi Gowda,19,1,A1,PM00108
2263,1418,Manoj Jain,34,1,A1,PM00710
2264,1419,Prakash Reddy,63,2,A1,PM00671
2265,1419,Aishwarya Kumar,25,1,A2,PM00687
2266,1420,Meera Bhat,19,3,A1,PM00904
2267,1421,Arun Kumar,38,2,A1,PM00950
2268,1421,Kiran Khan,36,3,A2,PM00720
2269,1421,Imran Pujari,64,1,A3,PM00496
2270,1422,Priya Sharma,64,2,A1,PM00091
2271,1422,Shreya Joshi,37,2,A2,PM00214
2272,1423,Meera Jain,58,1,A1,PM00940
2273,1423,Shankar Rao,39,2,A2,PM00947
2274,1424,Mahesh Mulla,51,2,A1,PM00007
2275,1424,Prakash Khan,26,3,A2,PM00835
2276,1424,Prakash Hegde,32,1,A3,PM01005
2277,1425,Ravi Gowda,23,2,A1,PM00099
2278,1426,Ajay Jain,57,1,A1,PM00152
2279,1427,Anil Pujari,44,1,A1,PM00677
2280,1427,Imran Mulla,53,2,A2,PM00061
2281,1427,Nandini Kumar,42,1,A3,PM00136
2282,1428,Sunil Joshi,35,1,A1,PM00509
2283,1428,Ananya Kumar,41,1,A2,PM00444
2284,1429,Divya Naik,47,1,A1,PM00495
2285,1430,Deepak Pujari,19,1,A1,PM01023
2286,1430,Suresh Kumar,39,2,A2,PM00880
2287,1431,Sunil Pujari,22,1,A1,PM01050
2288,1431,Mahesh Sharma,51,1,A2,PM00743
2289,1432,Neha Pujari,18,2,A1,PM00162
2290,1433,Anil Khan,49,2,A1,PM00645
2291,1434,Imran Khan,65,2,A1,PM00625
2292,1434,Naveen Reddy,24,1,A2,PM00008
2293,1435,Anil Joshi,61,1,A1,PM00477
2294,1436,Priya Shetty,21,2,A1,PM00918
2295,1436,Nandini Desai,32,3,A2,PM00781
2296,1437,Divya Kulkarni,38,1,A1,PM00548
2297,1438,Meera Khan,46,3,A1,PM01071
2298,1439,Nandini Hegde,40,1,A1,PM00478
2299,1440,Anil Khan,49,2,A1,PM00645
2300,1440,Nandini Hegde,40,1,A2,PM00478
2301,1441,Naveen Hegde,61,3,A1,PM00082
2302,1442,Prakash Hegde,31,3,A1,PM00657
2303,1443,Divya Kulkarni,38,2,A1,PM00662
2304,1443,Ravi Hegde,41,1,A2,PM00631
2305,1443,Rahul Naik,27,2,A3,PM00396
2306,1444,Meera Mulla,37,2,A1,PM00590
2307,1444,Farhan Hegde,55,1,A2,PM00336
2308,1444,Pooja Desai,55,2,A3,PM00632
2309,1445,Ajay Kulkarni,48,3,A1,PM00425
2310,1445,Lakshmi Naik,61,1,A2,PM00184
2311,1446,Mahesh Khan,51,2,A1,PM00852
2312,1447,Naveen Mulla,36,2,A1,PM00555
2313,1447,Shankar Rao,39,2,A2,PM00947
2314,1448,Suresh Kumar,39,2,A1,PM00880
2315,1449,Pooja Bhat,25,1,A1,PM00395
2316,1450,Meera Bhat,19,3,A1,PM00904
2317,1450,Mahesh Hegde,57,1,A2,PM00689
2318,1451,Farhan Patil,47,1,A1,PM00885
2319,1452,Meera Shetty,32,1,A1,PM01056
2320,1452,Neha Patil,61,1,A2,PM00492
2321,1453,Naveen Mulla,37,1,A1,PM00748
2322,1453,Suresh Joshi,23,1,A2,PM00067
2323,1453,Prakash Kulkarni,35,1,A3,PM00527
2324,1454,Neha Jain,22,3,A1,PM00335
2325,1455,Rahul Rao,55,1,A1,PM01030
2326,1456,Meera Desai,34,2,A1,PM01015
2327,1457,Ravi Bhat,55,3,A1,PM00588
2328,1458,Lakshmi Rao,59,1,A1,PM00992
2329,1458,Imran Reddy,19,3,A2,PM00242
2330,1458,Sunil Gowda,41,3,A3,PM00736
2331,1459,Manoj Jain,34,1,A1,PM00710
2332,1460,Pooja Shetty,54,2,A1,PM00633
2333,1461,Kiran Pujari,64,2,A1,PM00925
2334,1461,Manoj Bhat,65,1,A2,PM00515
2335,1462,Ananya Bhat,50,1,A1,PM00119
2336,1463,Suresh Kulkarni,44,1,A1,PM00854
2337,1463,Shreya Joshi,27,1,A2,PM00618
2338,1464,Anil Joshi,47,3,A1,PM00109
2339,1465,Pooja Sharma,36,2,A1,PM00700
2340,1466,Pooja Nayak,49,2,A1,PM00709
2341,1467,Imran Sharma,39,1,A1,PM01096
2342,1468,Arun Joshi,18,1,A1,PM00263
2343,1469,Meera Desai,34,2,A1,PM01015
2344,1469,Imran Desai,49,1,A2,PM00592
2345,1469,Meera Kulkarni,53,1,A3,PM00547
2346,1469,Nandini Reddy,56,2,A4,PM00861
2347,1470,Sneha Mulla,24,3,A1,PM00770
2348,1471,Anil Bhat,23,1,A1,PM00488
2349,1471,Imran Bhat,39,1,A2,PM00634
2350,1471,Meera Sharma,46,1,A3,PM00047
2351,1472,Divya Gowda,27,1,A1,PM00290
2352,1473,Shreya Kumar,19,2,A1,PM00339
2353,1473,Meera Sharma,46,1,A2,PM00047
2354,1474,Ravi Hegde,30,3,A1,PM00840
2355,1475,Arun Joshi,28,2,A1,PM00669
2356,1476,Neha Desai,24,1,A1,PM01079
2357,1477,Vijay Naik,49,1,A1,PM00886
2358,1478,Vijay Kumar,37,1,A1,PM00321
2359,1479,Farhan Gowda,23,1,A1,PM00100
2360,1479,Mahesh Naik,38,1,A2,PM00955
2361,1480,Farhan Joshi,33,1,A1,PM00915
2362,1481,Sneha Naik,45,1,A1,PM00759
2363,1482,Anil Mulla,44,2,A1,PM00573
2364,1483,Anil Patil,62,2,A1,PM00277
2365,1484,Priya Gowda,63,1,A1,PM00088
2366,1485,Suresh Pujari,51,1,A1,PM00779
2367,1485,Farhan Pujari,19,1,A2,PM00822
2368,1485,Meera Mulla,54,3,A3,PM00722
2369,1486,Asha Joshi,32,3,A1,PM00012
2370,1487,Arun Gowda,49,2,A1,PM00790
2371,1487,Kiran Jain,61,2,A2,PM00801
2372,1488,Ravi Joshi,26,2,A1,PM00079
2373,1488,Lakshmi Rao,30,1,A2,PM00752
2374,1489,Kiran Nayak,40,2,A1,PM00465
2375,1490,Lakshmi Desai,59,2,A1,PM00927
2376,1490,Ajay Gowda,18,3,A2,PM00183
2377,1491,Sunil Hegde,18,1,A1,PM00674
2378,1492,Mahesh Pujari,61,2,A1,PM00624
2379,1492,Farhan Gowda,30,1,A2,PM01043
2380,1492,Sneha Khan,51,1,A3,PM00399
2381,1492,Priya Bhat,18,2,A4,PM00224
2382,1493,Ananya Pujari,36,3,A1,PM00757
2383,1494,Nandini Kumar,39,2,A1,PM00428
2384,1495,Ravi Pujari,42,1,A1,PM00113
2385,1496,Pooja Kulkarni,65,1,A1,PM00206
2386,1497,Vijay Joshi,57,2,A1,PM01044
2387,1498,Aishwarya Desai,21,1,A1,PM00714
2388,1498,Prakash Jain,54,3,A2,PM00719
2389,1499,Neha Bhat,22,1,A1,PM01059
2390,1499,Kiran Hegde,52,2,A2,PM00345
2391,1499,Pooja Naik,30,3,A3,PM00938
2392,1499,Suresh Sharma,44,2,A4,PM00648
2393,1500,Anil Pujari,44,1,A1,PM00677
2394,1501,Naveen Rao,28,1,A1,PM00823
2395,1502,Neha Desai,24,1,A1,PM01079
2396,1503,Neha Naik,61,1,A1,PM00080
2397,1504,Vijay Naik,49,1,A1,PM00886
2398,1505,Nandini Reddy,56,2,A1,PM00861
2399,1505,Farhan Gowda,23,1,A2,PM00100
2400,1505,Farhan Rao,24,1,A3,PM01035
2401,1506,Pooja Bhat,25,1,A1,PM00395
2402,1506,Farhan Shetty,40,3,A2,PM00102
2403,1507,Anil Joshi,47,3,A1,PM00109
2404,1508,Divya Sharma,42,1,A1,PM00613
2405,1509,Vijay Joshi,57,2,A1,PM01044
2406,1510,Deepak Kumar,64,3,A1,PM00550
2407,1510,Ananya Gowda,52,1,A2,PM00140
2408,1511,Pooja Bhat,25,1,A1,PM00395
2409,1512,Nandini Desai,65,1,A1,PM00313
2410,1512,Ravi Jain,27,1,A2,PM00046
2411,1513,Kavya Kumar,42,3,A1,PM00651
2412,1513,Shreya Mulla,24,2,A2,PM00505
2413,1514,Divya Desai,49,1,A1,PM00494
2414,1515,Imran Naik,43,1,A1,PM01003
2415,1516,Sneha Khan,59,1,A1,PM00192
2416,1516,Divya Nayak,38,2,A2,PM00513
2417,1517,Sneha Naik,54,3,A1,PM01032
2418,1518,Vijay Shetty,22,1,A1,PM00658
2419,1518,Suresh Patil,61,1,A2,PM00434
2420,1518,Asha Desai,22,3,A3,PM00376
2421,1518,Priya Shetty,21,2,A4,PM00918
2422,1519,Farhan Mulla,24,1,A1,PM00730
2423,1520,Divya Gowda,19,3,A1,PM00010
2424,1521,Ajay Kumar,26,2,A1,PM00799
2425,1522,Farhan Gowda,54,3,A1,PM00532
2426,1522,Pooja Naik,30,3,A2,PM00938
2427,1523,Priya Mulla,20,2,A1,PM00983
2428,1523,Shreya Khan,61,1,A2,PM00398
2429,1523,Shankar Joshi,60,1,A3,PM00612
2430,1524,Priya Khan,40,1,A1,PM00976
2431,1525,Mahesh Patil,42,2,A1,PM00357
2432,1526,Shankar Patil,31,3,A1,PM00194
2433,1527,Pooja Hegde,22,1,A1,PM00097
2434,1528,Rahul Naik,26,3,A1,PM00278
2435,1528,Ravi Hegde,41,1,A2,PM00631
2436,1529,Mahesh Sharma,51,1,A1,PM00743
2437,1529,Arun Rao,30,1,A2,PM00750
2438,1530,Lakshmi Shetty,64,2,A1,PM00903
2439,1531,Nandini Joshi,58,1,A1,PM00379
2440,1531,Pooja Mulla,45,2,A2,PM00245
2441,1532,Farhan Hegde,32,1,A1,PM00598
2442,1532,Priya Sharma,64,2,A2,PM00091
2443,1533,Ravi Hegde,30,3,A1,PM00840
2444,1534,Suresh Desai,24,1,A1,PM00636
2445,1535,Meera Khan,46,3,A1,PM01071
2446,1536,Arun Desai,39,1,A1,PM00070
2447,1537,Ajay Naik,43,2,A1,PM00954
2448,1537,Mahesh Sharma,51,1,A2,PM00743
2449,1538,Anil Mulla,39,1,A1,PM00655
2450,1538,Meera Sharma,33,1,A2,PM00928
2451,1539,Lakshmi Kulkarni,64,1,A1,PM00816
2452,1539,Mahesh Sharma,51,1,A2,PM00743
2453,1539,Meera Khan,59,2,A3,PM00341
2454,1539,Suresh Joshi,23,1,A4,PM00067
2455,1540,Meera Mulla,56,2,A1,PM00354
2456,1540,Shankar Mulla,64,1,A2,PM00933
2457,1541,Neha Kulkarni,49,3,A1,PM00011
2458,1541,Pooja Gowda,38,1,A2,PM00050
2459,1541,Shreya Bhat,35,2,A3,PM00920
2460,1542,Ajay Kulkarni,48,3,A1,PM00425
2461,1542,Lakshmi Rao,32,3,A2,PM00721
2462,1542,Anil Patil,23,1,A3,PM00256
2463,1543,Vijay Patil,62,2,A1,PM00619
2464,1544,Shankar Nayak,26,2,A1,PM00172
2465,1545,Kiran Hegde,42,2,A1,PM00387
2466,1546,Lakshmi Nayak,47,3,A1,PM00450
2467,1547,Shankar Kumar,28,2,A1,PM00168
2468,1548,Nandini Nayak,34,1,A1,PM00531
2469,1549,Sunil Gowda,41,3,A1,PM00736
2470,1549,Neha Rao,50,1,A2,PM00349
2471,1549,Suresh Nayak,20,2,A3,PM00676
2472,1550,Naveen Joshi,38,3,A1,PM00086
2473,1551,Sunil Khan,58,1,A1,PM00150
2474,1552,Sneha Nayak,42,2,A1,PM00368
2475,1553,Meera Desai,34,2,A1,PM01015
2476,1554,Meera Pujari,25,2,A1,PM00772
2477,1555,Sunil Kulkarni,24,1,A1,PM00817
2478,1556,Farhan Gowda,54,3,A1,PM00532
2479,1557,Manoj Kumar,57,1,A1,PM00195
2480,1557,Meera Patil,54,1,A2,PM00466
2481,1557,Ravi Gowda,23,2,A3,PM00099
2482,1558,Manoj Rao,64,2,A1,PM00338
2483,1558,Pooja Hegde,22,1,A2,PM00097
2484,1559,Anil Bhat,23,1,A1,PM00488
2485,1559,Suresh Nayak,51,1,A2,PM00502
2486,1559,Ananya Reddy,49,2,A3,PM00670
2487,1560,Ananya Pujari,40,2,A1,PM00468
2488,1561,Anil Patil,62,2,A1,PM00277
2489,1561,Kiran Mulla,26,1,A2,PM00171
2490,1561,Ananya Joshi,39,1,A3,PM00860
2491,1562,Shreya Pujari,30,1,A1,PM00909
2492,1563,Farhan Rao,36,1,A1,PM00604
2493,1564,Manoj Kumar,43,2,A1,PM00902
2494,1564,Divya Sharma,43,1,A2,PM00704
2495,1565,Asha Bhat,27,3,A1,PM00607
2496,1566,Asha Kulkarni,30,1,A1,PM01045
2497,1567,Kiran Gowda,49,2,A1,PM00186
2498,1568,Ajay Kumar,32,1,A1,PM00066
2499,1568,Naveen Reddy,53,1,A2,PM00979
2500,1569,Rahul Kumar,47,2,A1,PM00205
2501,1569,Vijay Kumar,37,1,A2,PM00321
2502,1570,Suresh Naik,24,1,A1,PM01083
2503,1571,Deepak Kulkarni,27,2,A1,PM00258
2504,1572,Divya Naik,47,1,A1,PM00495
2505,1573,Prakash Jain,44,1,A1,PM00436
2506,1573,Sunil Nayak,36,3,A2,PM00865
2507,1574,Lakshmi Joshi,21,1,A1,PM00182
2508,1574,Shreya Sharma,27,2,A2,PM00995
2509,1575,Neha Reddy,29,1,A1,PM00825
2510,1575,Nandini Kulkarni,37,3,A2,PM00309
2511,1576,Lakshmi Jain,55,1,A1,PM00121
2512,1576,Mahesh Kulkarni,46,1,A2,PM00638
2513,1577,Ananya Kumar,39,2,A1,PM00863
2514,1578,Anil Mulla,27,2,A1,PM00601
2515,1579,Divya Rao,23,1,A1,PM00968
2516,1580,Sunil Patil,48,1,A1,PM00725
2517,1580,Neha Kumar,25,1,A2,PM00457
2518,1580,Ravi Naik,32,3,A3,PM00025
2519,1581,Anil Joshi,61,1,A1,PM00477
2520,1582,Shreya Sharma,65,3,A1,PM00125
2521,1582,Rahul Mulla,56,1,A2,PM00882
2522,1582,Asha Pujari,47,2,A3,PM00359
2523,1583,Naveen Patil,27,1,A1,PM00565
2524,1583,Anil Kulkarni,26,3,A2,PM01017
2525,1583,Asha Shetty,51,1,A3,PM00914
2526,1584,Nandini Jain,44,2,A1,PM00761
2527,1584,Neha Hegde,45,3,A2,PM01073
2528,1585,Prakash Patil,64,1,A1,PM00810
2529,1586,Prakash Khan,56,3,A1,PM00064
2530,1587,Arun Kulkarni,60,1,A1,PM00843
2531,1588,Meera Sharma,33,1,A1,PM00928
2532,1588,Lakshmi Joshi,21,1,A2,PM00182
2533,1588,Pooja Naik,30,3,A3,PM00938
2534,1589,Ajay Pujari,59,1,A1,PM00780
2535,1590,Kiran Patil,30,2,A1,PM00190
2536,1590,Kavya Gowda,61,1,A2,PM00342
2537,1591,Pooja Khan,35,2,A1,PM00435
2538,1591,Vijay Joshi,59,3,A2,PM00032
2539,1592,Kavya Sharma,65,1,A1,PM00158
2540,1593,Imran Naik,31,1,A1,PM00083
2541,1593,Mahesh Kulkarni,46,1,A2,PM00638
2542,1594,Nandini Jain,44,2,A1,PM00761
2543,1594,Meera Khan,46,3,A2,PM01071
2544,1595,Lakshmi Kulkarni,61,1,A1,PM00362
2545,1595,Deepak Kulkarni,22,1,A2,PM00461
2546,1596,Kiran Gowda,64,3,A1,PM00879
2547,1597,Sunil Sharma,57,1,A1,PM00858
2548,1597,Shreya Kumar,19,2,A2,PM00339
2549,1598,Kiran Nayak,28,2,A1,PM00789
2550,1599,Shankar Rao,39,2,A1,PM00947
2551,1599,Shankar Naik,25,3,A2,PM00665
2552,1600,Pooja Mulla,62,2,A1,PM00093
2553,1600,Naveen Bhat,19,1,A2,PM00551
2554,1600,Kavya Hegde,32,1,A3,PM00415
2555,1600,Farhan Patil,47,1,A4,PM00885
2556,1601,Deepak Kumar,60,1,A1,PM00937
2557,1602,Ananya Pujari,20,1,A1,PM00347
2558,1603,Priya Mulla,61,2,A1,PM00446
2559,1603,Vijay Kumar,37,1,A2,PM00321
2560,1604,Prakash Khan,24,3,A1,PM00765
2561,1605,Lakshmi Reddy,41,2,A1,PM00877
2562,1606,Kiran Nayak,28,2,A1,PM00789
2563,1607,Mahesh Hegde,39,2,A1,PM00711
2564,1607,Anil Hegde,44,1,A2,PM00016
2565,1608,Kiran Desai,45,2,A1,PM00253
2566,1608,Priya Shetty,58,1,A2,PM00738
2567,1609,Naveen Reddy,49,1,A1,PM00891
2568,1610,Asha Jain,20,3,A1,PM00836
2569,1611,Shreya Desai,60,1,A1,PM00930
2570,1612,Neha Mulla,28,2,A1,PM01016
2571,1613,Divya Mulla,55,2,A1,PM00511
2572,1614,Asha Joshi,32,3,A1,PM00012
2573,1614,Arun Bhat,35,1,A2,PM00596
2574,1615,Pooja Gowda,38,1,A1,PM00050
2575,1615,Sneha Gowda,49,2,A2,PM00288
2576,1615,Sneha Naik,35,2,A3,PM00243
2577,1616,Asha Desai,22,3,A1,PM00376
2578,1617,Deepak Khan,52,2,A1,PM00603
2579,1618,Shankar Mulla,52,1,A1,PM00364
2580,1618,Anil Sharma,64,3,A2,PM01070
2581,1618,Ananya Pujari,20,1,A3,PM00347
2582,1619,Kiran Pujari,64,2,A1,PM00925
2583,1620,Mahesh Hegde,25,2,A1,PM00273
2584,1620,Neha Sharma,38,1,A2,PM00147
2585,1621,Meera Sharma,58,2,A1,PM00996
2586,1622,Anil Pujari,22,3,A1,PM00520
2587,1623,Shreya Gowda,19,2,A1,PM00579
2588,1624,Manoj Kumar,34,1,A1,PM00853
2589,1624,Ananya Naik,53,1,A2,PM00179
2590,1625,Pooja Khan,19,2,A1,PM00528
2591,1625,Manoj Bhat,65,1,A2,PM00515
2592,1625,Manoj Pujari,44,2,A3,PM00458
2593,1626,Ananya Hegde,61,1,A1,PM00249
2594,1626,Asha Jain,20,3,A2,PM00836
2595,1627,Divya Naik,51,1,A1,PM00133
2596,1628,Lakshmi Naik,41,2,A1,PM00791
2597,1629,Kiran Naik,23,3,A1,PM00483
2598,1629,Farhan Jain,41,3,A2,PM00443
2599,1630,Divya Kulkarni,38,1,A1,PM00548
2600,1631,Suresh Mulla,35,3,A1,PM00157
2601,1632,Arun Gowda,31,2,A1,PM00104
2602,1632,Ananya Hegde,61,1,A2,PM00249
2603,1632,Aishwarya Joshi,19,1,A3,PM00834
2604,1633,Rahul Desai,43,1,A1,PM00210
2605,1634,Shreya Gowda,46,1,A1,PM00558
2606,1635,Priya Sharma,32,3,A1,PM00723
2607,1636,Kiran Kulkarni,31,3,A1,PM00385
2608,1637,Ravi Desai,43,2,A1,PM01077
2609,1637,Kiran Patil,24,2,A2,PM00126
2610,1638,Kavya Sharma,46,2,A1,PM00542
2611,1638,Suresh Nayak,20,2,A2,PM00676
2612,1639,Shankar Rao,39,2,A1,PM00947
2613,1639,Anil Shetty,42,3,A2,PM00525
2614,1639,Nandini Gowda,26,1,A3,PM01033
2615,1640,Ravi Bhat,45,2,A1,PM00390
2616,1640,Shreya Bhat,28,2,A2,PM00293
2617,1640,Ananya Patil,47,2,A3,PM00269
2618,1640,Shankar Joshi,60,1,A4,PM00612
2619,1641,Divya Rao,23,1,A1,PM00968
2620,1642,Rahul Desai,59,2,A1,PM00630
2621,1643,Manoj Patil,29,2,A1,PM00617
2622,1644,Naveen Pujari,26,1,A1,PM00769
2623,1645,Divya Naik,51,1,A1,PM00133
2624,1646,Sneha Mulla,26,2,A1,PM00282
2625,1647,Ananya Pujari,23,2,A1,PM01014
2626,1648,Manoj Kumar,38,1,A1,PM00189
2627,1648,Deepak Kumar,60,1,A2,PM00937
2628,1649,Sunil Khan,22,3,A1,PM01006
2629,1649,Farhan Hegde,32,1,A2,PM00598
2630,1650,Shankar Reddy,32,2,A1,PM00324
2631,1651,Shreya Sharma,22,2,A1,PM00827
2632,1652,Anil Desai,25,2,A1,PM00178
2633,1653,Imran Hegde,33,1,A1,PM00771
2634,1653,Mahesh Hegde,25,2,A2,PM00273
2635,1653,Anil Patil,46,1,A3,PM00063
2636,1654,Naveen Rao,20,2,A1,PM00275
2637,1654,Mahesh Sharma,20,2,A2,PM00384
2638,1655,Kiran Desai,45,2,A1,PM00253
2639,1656,Arun Naik,49,3,A1,PM01046
2640,1657,Imran Mulla,65,1,A1,PM01018
2641,1658,Meera Naik,32,1,A1,PM00945
2642,1658,Asha Kumar,57,1,A2,PM00851
2643,1659,Pooja Desai,36,3,A1,PM00056
2644,1660,Ravi Patil,36,1,A1,PM00999
2645,1661,Rahul Reddy,49,2,A1,PM00610
2646,1662,Mahesh Patil,49,3,A1,PM00055
2647,1663,Divya Shetty,48,1,A1,PM00421
2648,1663,Rahul Sharma,46,1,A2,PM01082
2649,1664,Ajay Kumar,53,2,A1,PM00407
2650,1665,Mahesh Khan,59,3,A1,PM00448
2651,1665,Sneha Kulkarni,52,2,A2,PM00276
2652,1666,Nandini Jain,44,2,A1,PM00761
2653,1667,Pooja Gowda,38,1,A1,PM00929
2654,1667,Nandini Kulkarni,37,3,A2,PM00309
2655,1667,Sneha Patil,23,3,A3,PM00578
2656,1668,Ajay Desai,52,3,A1,PM00653
2657,1669,Anil Patil,46,1,A1,PM00063
2658,1669,Vijay Desai,64,2,A2,PM00694
2659,1670,Suresh Pujari,21,2,A1,PM00829
2660,1671,Ajay Kulkarni,48,3,A1,PM00425
2661,1672,Meera Desai,31,2,A1,PM00304
2662,1673,Kiran Gowda,49,2,A1,PM00186
2663,1674,Ravi Patil,34,1,A1,PM00988
2664,1675,Arun Rao,30,1,A1,PM00750
2665,1676,Manoj Gowda,39,1,A1,PM00023
2666,1676,Ananya Reddy,55,1,A2,PM00890
2667,1677,Deepak Khan,52,2,A1,PM00603
2668,1678,Ajay Rao,24,1,A1,PM00405
2669,1679,Prakash Khan,56,3,A1,PM00064
2670,1680,Sunil Nayak,42,1,A1,PM00361
2671,1681,Ajay Shetty,45,2,A1,PM00855
2672,1682,Lakshmi Sharma,48,2,A1,PM00165
2673,1682,Kiran Jain,55,1,A2,PM00850
2674,1682,Divya Sharma,53,2,A3,PM00042
2675,1683,Aishwarya Nayak,23,3,A1,PM01068
2676,1683,Naveen Bhat,19,1,A2,PM00551
2677,1684,Divya Kulkarni,31,2,A1,PM00869
2678,1684,Priya Nayak,20,2,A2,PM00978
2679,1684,Neha Gowda,59,3,A3,PM00628
2680,1685,Naveen Gowda,54,1,A1,PM01055
2681,1686,Priya Reddy,43,2,A1,PM00029
2682,1687,Shankar Kumar,47,1,A1,PM00848
2683,1688,Aishwarya Patil,21,2,A1,PM00739
2684,1689,Suresh Gowda,54,2,A1,PM00910
2685,1689,Sunil Hegde,18,1,A2,PM00674
2686,1690,Neha Nayak,47,2,A1,PM00577
2687,1691,Aishwarya Hegde,26,1,A1,PM00962
2688,1692,Rahul Khan,32,3,A1,PM00166
2689,1693,Sunil Nayak,36,1,A1,PM00219
2690,1693,Ananya Jain,65,3,A2,PM00498
2691,1694,Rahul Shetty,38,1,A1,PM00811
2692,1694,Sneha Khan,23,1,A2,PM00727
2693,1695,Anil Bhat,23,1,A1,PM00488
2694,1696,Ananya Hegde,59,2,A1,PM00409
2695,1697,Sunil Khan,58,1,A1,PM00150
2696,1697,Pooja Bhat,46,1,A2,PM00514
2697,1698,Sneha Kulkarni,52,2,A1,PM00276
2698,1698,Shankar Bhat,64,2,A2,PM00506
2699,1699,Shreya Patil,27,1,A1,PM00328
2700,1699,Neha Mulla,28,2,A2,PM01016
2701,1700,Kiran Hegde,52,2,A1,PM00345
2702,1700,Ajay Mulla,63,1,A2,PM00024
2703,1701,Divya Gowda,27,1,A1,PM00290
2704,1701,Vijay Kumar,39,1,A2,PM00894
2705,1702,Divya Rao,23,1,A1,PM00968
2706,1703,Aishwarya Sharma,34,1,A1,PM00656
2707,1704,Vijay Mulla,37,1,A1,PM00888
2708,1705,Deepak Kumar,60,1,A1,PM00937
2709,1706,Farhan Rao,58,2,A1,PM00371
2710,1707,Meera Desai,34,2,A1,PM01015
2711,1708,Ajay Rao,24,1,A1,PM00405
2712,1709,Lakshmi Desai,59,2,A1,PM00927
2713,1710,Sneha Naik,28,1,A1,PM00394
2714,1711,Imran Kumar,56,3,A1,PM00003
2715,1712,Ananya Patil,47,2,A1,PM00269
2716,1712,Arun Pujari,55,2,A2,PM00936
2717,1713,Vijay Patil,62,2,A1,PM00619
2718,1713,Naveen Desai,48,2,A2,PM00209
2719,1714,Meera Sharma,33,1,A1,PM00928
2720,1714,Ajay Rao,24,1,A2,PM00405
2721,1715,Farhan Patil,55,1,A1,PM00642
2722,1716,Pooja Kumar,43,3,A1,PM00318
2723,1717,Lakshmi Gowda,19,1,A1,PM00108
2724,1718,Manoj Bhat,65,1,A1,PM00515
2725,1719,Manoj Bhat,36,3,A1,PM00267
2726,1720,Priya Mulla,20,2,A1,PM00983
2727,1720,Pooja Bhat,25,1,A2,PM00395
2728,1721,Anil Patil,46,1,A1,PM00063
2729,1722,Naveen Jain,28,1,A1,PM00343
2730,1722,Vijay Reddy,59,1,A2,PM00054
2731,1722,Asha Desai,35,2,A3,PM00932
2732,1723,Naveen Nayak,35,1,A1,PM00764
2733,1724,Prakash Sharma,52,3,A1,PM00708
2734,1724,Rahul Bhat,51,1,A2,PM00570
2735,1724,Naveen Jain,28,1,A3,PM00343
2736,1725,Vijay Joshi,19,2,A1,PM00139
2737,1725,Asha Jain,20,3,A2,PM00836
2738,1725,Ajay Hegde,23,1,A3,PM00414
2739,1725,Meera Mulla,37,2,A4,PM00590
2740,1726,Priya Bhat,36,3,A1,PM00240
2741,1726,Aishwarya Joshi,45,3,A2,PM00326
2742,1726,Sneha Rao,55,1,A3,PM01065
2743,1727,Sunil Mulla,57,1,A1,PM00228
2744,1728,Nandini Gowda,26,1,A1,PM01033
2745,1728,Imran Hegde,33,1,A2,PM00771
2746,1728,Farhan Reddy,31,1,A3,PM00173
2747,1729,Prakash Reddy,54,2,A1,PM00931
2748,1729,Prakash Reddy,63,2,A2,PM00671
2749,1729,Sneha Sharma,46,3,A3,PM00818
2750,1730,Ravi Nayak,53,2,A1,PM00212
2751,1730,Mahesh Pujari,31,2,A2,PM00174
2752,1731,Mahesh Khan,59,3,A1,PM00448
2753,1731,Meera Patil,39,2,A2,PM00787
2754,1732,Nandini Nayak,34,1,A1,PM00531
2755,1732,Neha Kumar,40,2,A2,PM00593
2756,1733,Lakshmi Rao,63,1,A1,PM00831
2757,1733,Vijay Naik,51,2,A2,PM00794
2758,1734,Naveen Kulkarni,49,1,A1,PM00322
2759,1735,Sneha Khan,55,1,A1,PM00200
2760,1736,Kiran Jain,58,1,A1,PM01013
2761,1737,Neha Shetty,48,2,A1,PM00652
2762,1737,Lakshmi Nayak,47,3,A2,PM00450
2763,1737,Anil Kumar,21,3,A3,PM00363
2764,1738,Deepak Kulkarni,27,2,A1,PM00258
2765,1738,Vijay Desai,26,1,A2,PM00889
2766,1739,Manoj Kumar,58,3,A1,PM00517
2767,1739,Ananya Patil,62,1,A2,PM00672
2768,1739,Imran Kumar,53,1,A3,PM00268
2769,1740,Anil Patil,46,1,A1,PM00063
2770,1741,Imran Kumar,56,3,A1,PM00003
2771,1742,Kavya Kumar,50,1,A1,PM00489
2772,1743,Rahul Reddy,59,1,A1,PM01012
2773,1744,Kiran Shetty,19,1,A1,PM01097
2774,1745,Arun Gowda,31,2,A1,PM00104
2775,1746,Kiran Gowda,64,3,A1,PM00879
2776,1747,Meera Pujari,59,2,A1,PM01078
2777,1748,Vijay Desai,44,3,A1,PM00281
2778,1748,Arun Kumar,38,2,A2,PM00292
2779,1749,Anil Gowda,33,1,A1,PM00470
2780,1749,Ajay Naik,43,2,A2,PM00954
2781,1749,Sunil Jain,44,1,A3,PM00283
2782,1750,Priya Sharma,65,1,A1,PM00952
2783,1751,Arun Joshi,18,1,A1,PM00263
2784,1752,Kiran Jain,61,2,A1,PM00801
2785,1753,Manoj Kulkarni,56,2,A1,PM00614
2786,1754,Naveen Naik,27,3,A1,PM00568
2787,1755,Ananya Shetty,64,1,A1,PM00608
2788,1755,Vijay Gowda,31,1,A2,PM00862
2789,1756,Deepak Naik,39,3,A1,PM00037
2790,1757,Naveen Reddy,24,1,A1,PM00008
2791,1757,Ajay Rao,24,1,A2,PM00405
2792,1758,Meera Sharma,58,2,A1,PM00996
2793,1759,Deepak Pujari,25,1,A1,PM00344
2794,1760,Meera Mulla,56,2,A1,PM00354
2795,1761,Suresh Desai,24,1,A1,PM00636
2796,1762,Shreya Kulkarni,62,3,A1,PM00180
2797,1762,Rahul Khan,19,2,A2,PM00967
2798,1763,Shreya Patil,35,1,A1,PM00884
2799,1763,Ajay Shetty,45,2,A2,PM00855
2800,1764,Sneha Kulkarni,47,1,A1,PM00141
2801,1765,Nandini Kulkarni,37,3,A1,PM00309
2802,1765,Lakshmi Pujari,58,2,A2,PM01011
2803,1766,Divya Desai,26,1,A1,PM00430
2804,1767,Lakshmi Desai,59,2,A1,PM00927
2805,1768,Kavya Khan,51,2,A1,PM00594
2806,1769,Suresh Hegde,23,2,A1,PM00606
2807,1769,Meera Khan,59,2,A2,PM00341
2808,1770,Meera Gowda,55,2,A1,PM00315
2809,1771,Manoj Gowda,39,1,A1,PM00023
2810,1771,Neha Gowda,59,3,A2,PM00628
2811,1771,Kavya Sharma,30,1,A3,PM00270
2812,1772,Ajay Naik,30,3,A1,PM00164
2813,1773,Ravi Bhat,45,2,A1,PM00390
2814,1773,Mahesh Desai,65,1,A2,PM00833
2815,1774,Vijay Desai,26,1,A1,PM00889
2816,1775,Sneha Khan,64,1,A1,PM00576
2817,1775,Shreya Mulla,24,2,A2,PM00505
2818,1775,Neha Sharma,38,1,A3,PM00147
2819,1775,Naveen Desai,32,2,A4,PM00796
2820,1776,Sunil Pujari,30,1,A1,PM00201
2821,1777,Mahesh Kulkarni,46,1,A1,PM00638
2822,1777,Suresh Reddy,28,1,A2,PM00646
2823,1778,Sunil Khan,58,1,A1,PM00150
2824,1779,Ravi Sharma,41,1,A1,PM01002
2825,1780,Meera Kumar,61,1,A1,PM00616
2826,1781,Sunil Khan,30,3,A1,PM00597
2827,1781,Arun Kumar,38,2,A2,PM00292
2828,1782,Asha Desai,22,3,A1,PM00376
2829,1782,Farhan Reddy,37,3,A2,PM00370
2830,1783,Kavya Naik,20,1,A1,PM01061
2831,1784,Ananya Shetty,64,1,A1,PM00608
2832,1784,Mahesh Kumar,29,1,A2,PM00167
2833,1785,Priya Sharma,32,3,A1,PM00723
2834,1786,Meera Jain,58,1,A1,PM00940
2835,1787,Ravi Joshi,26,2,A1,PM00079
2836,1787,Aishwarya Hegde,26,1,A2,PM00962
2837,1788,Aishwarya Kulkarni,45,1,A1,PM00453
2838,1789,Asha Sharma,29,1,A1,PM00784
2839,1790,Neha Desai,31,1,A1,PM00332
2840,1790,Neha Sharma,46,3,A2,PM00001
2841,1791,Kiran Pujari,44,1,A1,PM00737
2842,1792,Imran Hegde,55,1,A1,PM00715
2843,1792,Asha Naik,38,1,A2,PM00459
2844,1793,Anil Hegde,44,1,A1,PM00016
2845,1794,Meera Khan,43,1,A1,PM00471
2846,1795,Imran Kumar,34,3,A1,PM00557
2847,1795,Priya Patil,51,2,A2,PM00274
2848,1796,Arun Shetty,30,3,A1,PM00706
2849,1797,Anil Desai,25,2,A1,PM00178
2850,1797,Ananya Desai,46,1,A2,PM00745
2851,1798,Anil Bhat,23,1,A1,PM00488
2852,1798,Priya Patil,23,1,A2,PM00575
2853,1798,Shreya Bhat,42,2,A3,PM00913
2854,1798,Vijay Khan,26,3,A4,PM00462
2855,1799,Meera Sharma,61,3,A1,PM00868
2856,1800,Arun Kulkarni,30,3,A1,PM00783
2857,1801,Neha Naik,30,2,A1,PM00308
2858,1802,Farhan Joshi,49,1,A1,PM00510
2859,1803,Pooja Bhat,64,2,A1,PM00331
2860,1803,Rahul Desai,29,3,A2,PM00107
2861,1804,Prakash Hegde,65,1,A1,PM00846
2862,1805,Lakshmi Gowda,52,1,A1,PM00684
2863,1806,Arun Khan,48,1,A1,PM00975
2864,1807,Vijay Desai,26,1,A1,PM00889
2865,1808,Imran Bhat,39,1,A1,PM00634
2866,1809,Kavya Nayak,49,3,A1,PM00251
2867,1810,Suresh Nayak,20,2,A1,PM00676
2868,1811,Vijay Shetty,22,1,A1,PM00658
2869,1812,Aishwarya Bhat,52,2,A1,PM00980
2870,1812,Lakshmi Rao,32,3,A2,PM00721
2871,1813,Manoj Pujari,64,1,A1,PM00087
2872,1813,Asha Gowda,22,1,A2,PM00377
2873,1814,Priya Khan,40,1,A1,PM00976
2874,1814,Sneha Khan,23,1,A2,PM00727
2875,1815,Imran Mulla,53,2,A1,PM00061
2876,1816,Shreya Sharma,27,2,A1,PM00995
2877,1816,Divya Desai,49,1,A2,PM00494
2878,1817,Shreya Shetty,57,3,A1,PM00427
2879,1818,Prakash Khan,26,3,A1,PM00835
2880,1818,Suresh Kumar,51,1,A2,PM00120
2881,1819,Priya Bhat,36,3,A1,PM00240
2882,1819,Ajay Jain,57,1,A2,PM00152
2883,1819,Mahesh Joshi,44,1,A3,PM00563
2884,1819,Sneha Mulla,26,2,A4,PM00282
2885,1820,Shreya Reddy,50,1,A1,PM00776
2886,1821,Aishwarya Rao,25,1,A1,PM00455
2887,1822,Prakash Jain,18,1,A1,PM00146
2888,1823,Meera Patil,52,1,A1,PM00486
2889,1824,Arun Pujari,55,2,A1,PM00936
2890,1825,Anil Joshi,40,2,A1,PM00213
2891,1825,Prakash Mulla,60,2,A2,PM00348
2892,1826,Priya Bhat,26,1,A1,PM00365
2893,1826,Anil Reddy,34,3,A2,PM01062
2894,1827,Mahesh Nayak,42,3,A1,PM00828
2895,1828,Asha Desai,56,1,A1,PM00089
2896,1828,Divya Khan,28,2,A2,PM00264
2897,1829,Ananya Pujari,34,1,A1,PM00294
2898,1830,Lakshmi Shetty,64,2,A1,PM00903
2899,1831,Arun Khan,48,1,A1,PM00975
2900,1831,Mahesh Sharma,20,1,A2,PM01028
2901,1831,Anil Sharma,64,3,A3,PM01070
2902,1832,Kiran Pujari,64,2,A1,PM00925
2903,1833,Naveen Jain,54,3,A1,PM00754
2904,1834,Lakshmi Joshi,62,1,A1,PM00564
2905,1835,Mahesh Kumar,31,3,A1,PM00544
2906,1836,Suresh Gowda,20,2,A1,PM00994
2907,1836,Ananya Gowda,47,2,A2,PM00271
2908,1836,Rahul Bhat,51,1,A3,PM00570
2909,1837,Priya Nayak,20,2,A1,PM00978
2910,1838,Kavya Khan,37,1,A1,PM00742
2911,1839,Suresh Kumar,21,1,A1,PM00260
2912,1840,Kiran Patil,32,1,A1,PM01000
2913,1841,Naveen Reddy,53,1,A1,PM00979
2914,1841,Neha Bhat,44,1,A2,PM00197
2915,1841,Anil Nayak,52,3,A3,PM00605
2916,1842,Kiran Desai,45,2,A1,PM00253
2917,1843,Priya Rao,34,2,A1,PM00951
2918,1843,Ananya Nayak,39,1,A2,PM01087
2919,1844,Shreya Khan,62,1,A1,PM00732
2920,1844,Pooja Desai,55,2,A2,PM00632
2921,1844,Priya Shetty,21,2,A3,PM00918
2922,1845,Anil Rao,44,1,A1,PM00484
2923,1845,Lakshmi Naik,46,2,A2,PM00211
2924,1845,Kiran Hegde,52,2,A3,PM00333
2925,1846,Asha Desai,19,3,A1,PM00463
2926,1847,Meera Jain,58,1,A1,PM00940
2927,1847,Neha Shetty,38,1,A2,PM00021
2928,1847,Nandini Khan,43,2,A3,PM00685
2929,1847,Shankar Rao,39,2,A4,PM00947
2930,1848,Nandini Desai,65,1,A1,PM00313
2931,1849,Ravi Bhat,45,2,A1,PM00390
2932,1850,Suresh Kumar,51,1,A1,PM00120
2933,1850,Divya Mulla,58,1,A2,PM01088
2934,1850,Rahul Shetty,44,1,A3,PM00460
2935,1851,Pooja Khan,35,2,A1,PM00435
2936,1851,Anil Khan,49,2,A2,PM00645
2937,1852,Meera Naik,32,1,A1,PM00945
2938,1853,Mahesh Patil,49,3,A1,PM00055
2939,1854,Lakshmi Gowda,47,2,A1,PM00036
2940,1855,Shankar Bhat,64,2,A1,PM00506
2941,1856,Divya Khan,28,2,A1,PM00264
2942,1857,Meera Jain,58,1,A1,PM00940
2943,1857,Priya Gowda,63,1,A2,PM00088
2944,1858,Naveen Reddy,49,1,A1,PM00891
2945,1859,Mahesh Kulkarni,46,1,A1,PM00638
2946,1859,Priya Shetty,21,2,A2,PM00918
2947,1859,Neha Reddy,34,1,A3,PM00635
2948,1860,Kavya Gowda,28,3,A1,PM00792
2949,1861,Kavya Kulkarni,51,3,A1,PM00580
2950,1862,Meera Sharma,58,2,A1,PM00996
2951,1863,Anil Reddy,34,3,A1,PM01062
2952,1864,Sunil Kulkarni,24,1,A1,PM00817
2953,1865,Nandini Sharma,23,1,A1,PM00482
2954,1866,Meera Mulla,37,2,A1,PM00590
2955,1867,Priya Kulkarni,18,3,A1,PM00474
2956,1868,Sunil Rao,34,2,A1,PM00650
2957,1869,Shreya Reddy,50,1,A1,PM00776
2958,1870,Asha Jain,20,3,A1,PM00836
2959,1870,Kiran Desai,51,1,A2,PM00299
2960,1871,Manoj Kumar,57,1,A1,PM00195
2961,1871,Deepak Naik,39,3,A2,PM00037
2962,1871,Arun Sharma,33,1,A3,PM01075
2963,1872,Ananya Naik,31,3,A1,PM00595
2964,1873,Manoj Pujari,39,1,A1,PM00311
2965,1874,Divya Joshi,60,3,A1,PM00681
2966,1875,Kavya Nayak,49,3,A1,PM00251
2967,1876,Ananya Kumar,39,2,A1,PM00863
2968,1877,Prakash Kumar,33,2,A1,PM00873
2969,1878,Suresh Desai,24,1,A1,PM00636
2970,1878,Kiran Desai,51,1,A2,PM00299
2971,1879,Ananya Hegde,61,1,A1,PM00249
2972,1880,Ananya Reddy,55,1,A1,PM00890
2973,1881,Pooja Desai,55,2,A1,PM00632
2974,1882,Mahesh Khan,59,3,A1,PM00448
2975,1883,Pooja Hegde,64,1,A1,PM01034
2976,1883,Lakshmi Shetty,56,1,A2,PM00800
2977,1883,Naveen Sharma,54,1,A3,PM00203
2978,1883,Vijay Joshi,57,2,A4,PM01044
2979,1884,Farhan Gowda,54,3,A1,PM00532
2980,1885,Kiran Jain,61,2,A1,PM00801
2981,1885,Mahesh Bhat,35,1,A2,PM00009
2982,1885,Sunil Desai,45,1,A3,PM01020
2983,1885,Nandini Reddy,56,2,A4,PM00861
2984,1886,Aishwarya Pujari,51,3,A1,PM00972
2985,1886,Naveen Hegde,24,1,A2,PM00545
2986,1886,Mahesh Mulla,62,2,A3,PM00028
2987,1887,Naveen Rao,57,1,A1,PM01091
2988,1888,Naveen Shetty,52,1,A1,PM00747
2989,1889,Shreya Jain,54,3,A1,PM01094
2990,1890,Asha Rao,34,2,A1,PM00406
2991,1891,Ravi Patil,36,1,A1,PM00999
2992,1892,Priya Reddy,48,2,A1,PM01057
2993,1893,Meera Pujari,54,1,A1,PM00627
2994,1894,Rahul Hegde,35,2,A1,PM00075
2995,1894,Suresh Pujari,21,2,A2,PM00829
2996,1895,Ananya Kumar,41,1,A1,PM00444
2997,1895,Ananya Desai,46,1,A2,PM00745
2998,1896,Ravi Bhat,45,2,A1,PM00390
2999,1896,Naveen Mulla,36,2,A2,PM00555
3000,1897,Sunil Mulla,57,1,A1,PM00228
3001,1898,Ananya Reddy,53,1,A1,PM00587
3002,1898,Rahul Naik,27,2,A2,PM00396
3003,1899,Neha Sharma,32,3,A1,PM00402
3004,1900,Deepak Kumar,64,3,A1,PM00550
3005,1900,Neha Reddy,29,1,A2,PM00825
3006,1900,Shreya Pujari,30,1,A3,PM00909
3007,1901,Suresh Gowda,44,1,A1,PM00620
3008,1901,Arun Khan,28,2,A2,PM00302
3009,1901,Naveen Joshi,38,3,A3,PM00086
3010,1902,Meera Desai,21,1,A1,PM00713
3011,1902,Suresh Nayak,31,2,A2,PM00556
3012,1903,Shreya Gowda,19,2,A1,PM00579
3013,1904,Shreya Jain,36,1,A1,PM00741
3014,1904,Naveen Kumar,54,1,A2,PM00115
3015,1905,Divya Joshi,60,3,A1,PM00681
3016,1906,Farhan Hegde,55,1,A1,PM00336
3017,1906,Ravi Reddy,47,2,A2,PM00262
3018,1906,Neha Desai,42,2,A3,PM00917
3019,1907,Prakash Reddy,41,2,A1,PM00773
3020,1907,Lakshmi Shetty,64,2,A2,PM00903
3021,1908,Ravi Joshi,26,2,A1,PM00079
3022,1908,Kavya Gowda,28,3,A2,PM00792
3023,1908,Asha Desai,35,2,A3,PM00932
3024,1909,Ajay Hegde,23,1,A1,PM00414
3025,1910,Divya Hegde,56,1,A1,PM00942
3026,1911,Nandini Naik,63,2,A1,PM00177
3027,1912,Ajay Reddy,28,2,A1,PM00220
3028,1912,Ravi Gowda,23,2,A2,PM00099
3029,1913,Shreya Sharma,27,2,A1,PM00995
3030,1913,Suresh Desai,24,1,A2,PM00636
3031,1913,Divya Rao,23,1,A3,PM00968
3032,1914,Anil Kumar,45,2,A1,PM00185
3033,1915,Ravi Joshi,26,2,A1,PM00079
3034,1916,Kavya Hegde,32,1,A1,PM00415
3035,1916,Shankar Pujari,44,1,A2,PM00454
3036,1917,Imran Gowda,64,1,A1,PM00381
3037,1917,Deepak Mulla,48,3,A2,PM00908
3038,1917,Rahul Desai,29,3,A3,PM00107
3039,1918,Sneha Patil,23,3,A1,PM00578
3040,1919,Meera Gowda,55,2,A1,PM00315
3041,1920,Shankar Pujari,44,1,A1,PM00454
3042,1920,Ravi Khan,39,1,A2,PM00693
3043,1920,Neha Rao,50,1,A3,PM00349
3044,1921,Mahesh Bhat,35,1,A1,PM00009
3045,1922,Ananya Shetty,64,1,A1,PM00608
3046,1922,Ajay Shetty,23,2,A2,PM00526
3047,1922,Shreya Nayak,62,3,A3,PM00490
3048,1923,Sneha Kulkarni,52,2,A1,PM00276
3049,1924,Divya Hegde,56,1,A1,PM00942
3050,1925,Shankar Hegde,43,1,A1,PM00896
3051,1926,Vijay Naik,49,1,A1,PM00886
3052,1927,Farhan Shetty,40,3,A1,PM00102
3053,1928,Mahesh Mulla,27,1,A1,PM00905
3054,1928,Farhan Rao,59,2,A2,PM00353
3055,1928,Suresh Desai,24,1,A3,PM00636
3056,1929,Mahesh Nayak,42,3,A1,PM00828
3057,1930,Neha Rao,50,1,A1,PM00349
3058,1930,Sunil Naik,58,3,A2,PM00981
3059,1930,Lakshmi Desai,59,2,A3,PM00927
3060,1931,Ravi Hegde,40,2,A1,PM00985
3061,1931,Priya Naik,34,2,A2,PM01031
3062,1931,Meera Pujari,64,3,A3,PM00204
3063,1932,Manoj Jain,63,3,A1,PM00523
3064,1932,Shreya Desai,49,3,A2,PM00760
3065,1932,Lakshmi Naik,41,2,A3,PM00791
3066,1933,Priya Bhat,26,1,A1,PM00365
3067,1933,Meera Kulkarni,35,2,A2,PM00481
3068,1934,Mahesh Jain,47,1,A1,PM00027
3069,1935,Shreya Reddy,48,1,A1,PM00500
3070,1936,Farhan Rao,59,2,A1,PM00353
3071,1937,Deepak Naik,39,3,A1,PM00037
3072,1938,Shankar Reddy,32,2,A1,PM00324
3073,1938,Prakash Pujari,22,2,A2,PM00239
3074,1938,Anil Kumar,21,3,A3,PM00363
3075,1939,Lakshmi Reddy,41,2,A1,PM00877
3076,1939,Ananya Naik,19,3,A2,PM00751
3077,1939,Ajay Patil,42,1,A3,PM00382
3078,1940,Imran Mulla,65,1,A1,PM01018
3079,1941,Vijay Shetty,22,1,A1,PM00658
3080,1941,Kavya Kumar,42,3,A2,PM00651
3081,1942,Anil Reddy,18,2,A1,PM00686
3082,1943,Prakash Rao,61,1,A1,PM00124
3083,1943,Anil Bhat,35,2,A2,PM00048
3084,1943,Suresh Patil,61,1,A3,PM00434
3085,1944,Nandini Shetty,42,3,A1,PM00654
3086,1945,Neha Naik,61,1,A1,PM00080
3087,1945,Meera Patil,54,1,A2,PM00466
3088,1946,Farhan Gowda,54,3,A1,PM00532
3089,1947,Lakshmi Gowda,19,1,A1,PM00108
3090,1948,Nandini Kumar,39,2,A1,PM00428
3091,1948,Naveen Mulla,36,2,A2,PM00555
3092,1949,Kavya Sharma,30,1,A1,PM00270
3093,1949,Shreya Sharma,22,2,A2,PM00827
3094,1950,Naveen Jain,36,2,A1,PM00485
3095,1951,Kiran Hegde,52,2,A1,PM00345
3096,1952,Shankar Pujari,27,2,A1,PM01024
3097,1952,Ravi Naik,32,3,A2,PM00025
3098,1953,Naveen Shetty,52,1,A1,PM00747
3099,1954,Sunil Shetty,28,1,A1,PM00417
3100,1955,Mahesh Hegde,25,2,A1,PM00273
3101,1955,Meera Kulkarni,53,1,A2,PM00547
3102,1956,Lakshmi Rao,32,3,A1,PM00721
3103,1956,Prakash Pujari,18,1,A2,PM00392
3104,1957,Shankar Khan,35,2,A1,PM00807
3105,1958,Anil Kumar,45,2,A1,PM00185
3106,1959,Asha Bhat,27,3,A1,PM00607
3107,1960,Shankar Bhat,46,2,A1,PM00887
3108,1961,Sunil Reddy,41,2,A1,PM00554
3109,1961,Imran Kumar,34,3,A2,PM00557
3110,1961,Lakshmi Gowda,47,2,A3,PM00036
3111,1962,Divya Gowda,27,1,A1,PM00290
3112,1963,Suresh Patil,49,1,A1,PM00401
3113,1963,Prakash Joshi,49,1,A2,PM00237
3114,1963,Ananya Kulkarni,58,3,A3,PM00038
3115,1964,Neha Naik,61,1,A1,PM00080
3116,1965,Ravi Kulkarni,29,2,A1,PM00733
3117,1965,Shankar Patil,26,1,A2,PM00987
3118,1966,Suresh Patil,49,1,A1,PM00401
3119,1966,Pooja Pujari,34,1,A2,PM00519
3120,1967,Shreya Pujari,52,2,A1,PM00583
3121,1968,Suresh Kumar,21,1,A1,PM00260
3122,1969,Deepak Desai,29,1,A1,PM00812
3123,1969,Kavya Pujari,32,1,A2,PM00679
3124,1969,Naveen Gowda,58,1,A3,PM00586
3125,1969,Pooja Kulkarni,51,1,A4,PM00169
3126,1970,Ajay Kumar,26,2,A1,PM00799
3127,1971,Lakshmi Kulkarni,64,1,A1,PM00816
3128,1971,Sneha Naik,45,1,A2,PM00759
3129,1971,Nandini Desai,65,1,A3,PM00313
3130,1972,Imran Hegde,55,1,A1,PM00715
3131,1972,Lakshmi Kumar,42,1,A2,PM00479
3132,1973,Kavya Kulkarni,51,3,A1,PM00580
3133,1974,Ajay Joshi,55,1,A1,PM00467
3134,1975,Kiran Hegde,52,2,A1,PM00345
3135,1975,Anil Khan,29,1,A2,PM00285
3136,1976,Pooja Rao,54,2,A1,PM00148
3137,1976,Priya Desai,42,1,A2,PM00982
3138,1977,Suresh Joshi,23,1,A1,PM00067
3139,1977,Pooja Bhat,25,1,A2,PM00395
3140,1977,Arun Kumar,38,2,A3,PM00292
3141,1978,Vijay Joshi,57,2,A1,PM01044
3142,1979,Priya Sharma,32,3,A1,PM00723
3143,1980,Farhan Rao,59,2,A1,PM00353
3144,1980,Kavya Mulla,50,3,A2,PM00668
3145,1981,Priya Joshi,65,3,A1,PM00501
3146,1981,Kavya Mulla,50,3,A2,PM00668
3147,1982,Shankar Desai,56,2,A1,PM00529
3148,1982,Shreya Sharma,65,3,A2,PM00125
3149,1983,Lakshmi Reddy,63,2,A1,PM01100
3150,1984,Manoj Patil,56,1,A1,PM00440
3151,1985,Shankar Mulla,32,3,A1,PM00289
3152,1986,Kavya Khan,37,1,A1,PM00742
3153,1986,Sunil Naik,58,3,A2,PM00981
3154,1987,Priya Reddy,43,2,A1,PM00029
3155,1988,Prakash Sharma,31,2,A1,PM00018
3156,1989,Priya Bhat,36,3,A1,PM00240
3157,1989,Manoj Kumar,58,3,A2,PM00517
3158,1989,Asha Shetty,51,1,A3,PM00914
3159,1989,Meera Shetty,55,1,A4,PM00977
3160,1990,Shreya Kulkarni,19,3,A1,PM00307
3161,1991,Mahesh Hegde,39,2,A1,PM00711
3162,1992,Suresh Mulla,35,3,A1,PM00157
3163,1993,Priya Sharma,65,1,A1,PM00952
3164,1993,Prakash Reddy,63,2,A2,PM00671
3165,1993,Imran Kumar,34,3,A3,PM00557
3166,1993,Lakshmi Naik,41,2,A4,PM00791
3167,1994,Meera Reddy,27,1,A1,PM00044
3168,1994,Arun Desai,39,1,A2,PM00070
3169,1995,Mahesh Kulkarni,48,3,A1,PM00798
3170,1996,Neha Nayak,47,2,A1,PM00577
3171,1997,Pooja Shetty,54,2,A1,PM00633
3172,1997,Divya Nayak,38,2,A2,PM00513
3173,1998,Suresh Nayak,53,2,A1,PM00566
3174,1998,Neha Kulkarni,49,3,A2,PM00011
3175,1999,Kiran Khan,36,3,A1,PM00720
3176,2000,Kavya Desai,33,1,A1,PM00522
3177,2000,Ananya Hegde,61,1,A2,PM00249
3178,2001,Shankar Bhat,32,3,A1,PM00758
3179,2002,Aishwarya Pujari,54,1,A1,PM00935
3180,2003,Naveen Bhat,19,1,A1,PM00551
3181,2004,Lakshmi Jain,55,1,A1,PM00121
3182,2004,Divya Gowda,18,3,A2,PM00974
3183,2005,Shreya Gowda,46,1,A1,PM00558
3184,2005,Prakash Gowda,34,3,A2,PM00244
3185,2006,Shankar Sharma,20,2,A1,PM00052
3186,2007,Nandini Khan,61,3,A1,PM00383
3187,2007,Asha Kumar,57,1,A2,PM00851
3188,2008,Vijay Mulla,52,1,A1,PM00919
3189,2008,Suresh Jain,22,1,A2,PM00859
3190,2009,Deepak Kulkarni,22,1,A1,PM00461
3191,2009,Manoj Patil,29,2,A2,PM00617
3192,2010,Meera Khan,46,3,A1,PM01071
3193,2010,Lakshmi Rao,59,1,A2,PM00992
3194,2010,Shreya Kulkarni,24,3,A3,PM00726
3195,2011,Aishwarya Joshi,45,3,A1,PM00326
3196,2011,Meera Sharma,58,2,A2,PM00996
3197,2011,Divya Mulla,55,2,A3,PM00511
3198,2012,Neha Kulkarni,25,2,A1,PM00508
3199,2013,Lakshmi Jain,55,1,A1,PM00121
3200,2013,Neha Nayak,29,2,A2,PM00149
3201,2014,Divya Gowda,27,1,A1,PM00290
3202,2015,Neha Bhat,44,1,A1,PM00197
3203,2016,Naveen Pujari,45,2,A1,PM00279
3204,2016,Neha Mulla,28,2,A2,PM01016
3205,2017,Ravi Khan,39,1,A1,PM00693
3206,2018,Meera Sharma,58,2,A1,PM00996
3207,2019,Nandini Gowda,24,1,A1,PM01041
3208,2020,Meera Reddy,34,2,A1,PM00763
3209,2020,Ananya Patil,47,2,A2,PM00269
3210,2020,Imran Kulkarni,22,1,A3,PM01099
3211,2021,Asha Sharma,29,1,A1,PM00784
3212,2022,Meera Shetty,55,1,A1,PM00977
3213,2023,Ravi Hegde,30,3,A1,PM00840
3214,2023,Prakash Reddy,41,2,A2,PM00773
3215,2023,Sneha Naik,46,1,A3,PM00022
3216,2024,Arun Gowda,46,1,A1,PM00034
3217,2025,Naveen Naik,51,3,A1,PM01047
3218,2025,Meera Sharma,33,1,A2,PM00928
3219,2025,Anil Patil,46,1,A3,PM00063
3220,2026,Kiran Khan,36,3,A1,PM00720
3221,2027,Anil Hegde,44,1,A1,PM00016
3222,2027,Pooja Gowda,38,1,A2,PM00050
3223,2027,Manoj Gowda,52,2,A3,PM00238
3224,2028,Anil Patil,46,1,A1,PM00063
3225,2029,Asha Khan,34,1,A1,PM00420
3226,2029,Meera Patil,52,1,A2,PM00486
3227,2029,Pooja Khan,19,2,A3,PM00528
3228,2030,Kiran Naik,23,3,A1,PM00483
3229,2030,Arun Rao,63,2,A2,PM00403
3230,2031,Shankar Patil,60,2,A1,PM00117
3231,2031,Divya Kulkarni,38,1,A2,PM00548
3232,2031,Sneha Jain,62,2,A3,PM00740
3233,2032,Deepak Shetty,54,1,A1,PM00098
3234,2033,Shreya Bhat,35,2,A1,PM00920
3235,2033,Farhan Bhat,49,2,A2,PM00680
3236,2034,Ravi Naik,42,1,A1,PM00809
3237,2034,Ajay Bhat,48,2,A2,PM00340
3238,2034,Aishwarya Naik,65,2,A3,PM01072
3239,2035,Vijay Desai,44,3,A1,PM00281
3240,2035,Manoj Reddy,52,1,A2,PM00969
3241,2036,Priya Patil,51,2,A1,PM00274
3242,2037,Kiran Kulkarni,57,3,A1,PM00552
3243,2038,Meera Reddy,34,2,A1,PM00763
3244,2038,Divya Nayak,38,2,A2,PM00513
3245,2039,Nandini Khan,61,3,A1,PM00383
3246,2040,Asha Sharma,29,1,A1,PM00784
3247,2040,Meera Jain,64,2,A2,PM00963
3248,2041,Priya Kulkarni,18,3,A1,PM00474
3249,2041,Shreya Kulkarni,19,3,A2,PM00307
3250,2042,Farhan Bhat,24,1,A1,PM00814
3251,2042,Vijay Desai,64,2,A2,PM00694
3252,2042,Shreya Sharma,33,2,A3,PM00232
3253,2042,Ravi Desai,43,2,A4,PM01077
3254,2043,Aishwarya Joshi,46,1,A1,PM00534
3255,2043,Kavya Naik,20,1,A2,PM01061
3256,2044,Arun Kumar,38,2,A1,PM00950
3257,2045,Divya Gowda,19,3,A1,PM00010
3258,2046,Meera Mulla,37,2,A1,PM00590
3259,2047,Divya Shetty,36,2,A1,PM00352
3260,2048,Shreya Nayak,62,3,A1,PM00490
3261,2048,Rahul Patil,60,1,A2,PM00132
3262,2048,Sneha Jain,48,2,A3,PM01089
3263,2049,Meera Shetty,55,1,A1,PM00977
3264,2050,Shreya Reddy,48,1,A1,PM00500
3265,2051,Mahesh Sharma,51,1,A1,PM00743
3266,2051,Ajay Patil,52,3,A2,PM00724
3267,2051,Pooja Naik,30,3,A3,PM00938
3268,2052,Sneha Naik,28,1,A1,PM00394
3269,2052,Anil Shetty,26,1,A2,PM00562
3270,2052,Mahesh Bhat,35,1,A3,PM00009
3271,2053,Suresh Nayak,20,2,A1,PM00676
3272,2054,Sneha Kumar,48,2,A1,PM00247
3273,2055,Rahul Hegde,35,2,A1,PM00075
3274,2056,Nandini Jain,44,2,A1,PM00761
3275,2056,Ravi Pujari,46,1,A2,PM01037
3276,2056,Shreya Sharma,65,3,A3,PM00125
3277,2057,Anil Sharma,64,3,A1,PM01070
3278,2058,Nandini Reddy,37,1,A1,PM00559
3279,2059,Mahesh Hegde,39,2,A1,PM00711
3280,2060,Manoj Kumar,34,1,A1,PM00853
3281,2060,Priya Shetty,58,1,A2,PM00738
3282,2060,Imran Naik,43,1,A3,PM01003
3283,2061,Suresh Kumar,21,1,A1,PM00260
3284,2061,Kavya Kumar,42,3,A2,PM00651
3285,2062,Mahesh Kumar,29,1,A1,PM00167
3286,2063,Naveen Jain,24,1,A1,PM00921
3287,2064,Anil Bhat,50,2,A1,PM00701
3288,2065,Aishwarya Sharma,34,1,A1,PM00656
3289,2065,Suresh Patil,64,2,A2,PM00076
3290,2065,Sneha Mulla,26,2,A3,PM00282
3291,2065,Kiran Desai,45,2,A4,PM00253
3292,2066,Vijay Kumar,37,1,A1,PM00321
3293,2067,Anil Patil,23,1,A1,PM00256
3294,2068,Kiran Patil,32,1,A1,PM01000
3295,2069,Anil Hegde,60,2,A1,PM00155
3296,2069,Arun Gowda,46,1,A2,PM00034
3297,2070,Anil Rao,44,1,A1,PM00484
3298,2071,Ravi Patil,36,1,A1,PM00999
3299,2071,Shreya Khan,61,1,A2,PM00398
3300,2072,Kavya Sharma,46,2,A1,PM00542
3301,2073,Kiran Joshi,20,1,A1,PM00112
3302,2073,Anil Kumar,56,2,A2,PM00004
3303,2074,Sunil Khan,46,1,A1,PM00188
3304,2075,Ananya Gowda,47,2,A1,PM00271
3305,2075,Manoj Nayak,51,1,A2,PM00944
3306,2076,Naveen Reddy,49,1,A1,PM00891
3307,2077,Aishwarya Rao,25,1,A1,PM00455
3308,2078,Nandini Sharma,23,1,A1,PM00482
3309,2078,Rahul Sharma,46,1,A2,PM01082
3310,2078,Rahul Shetty,20,3,A3,PM00699
3311,2079,Ananya Kumar,39,2,A1,PM00863
3312,2079,Ajay Kulkarni,48,3,A2,PM00425
3313,2080,Lakshmi Khan,64,2,A1,PM00225
3314,2081,Pooja Khan,35,1,A1,PM00441
3315,2081,Vijay Patil,23,3,A2,PM01053
3316,2081,Anil Mulla,39,1,A3,PM00655
3317,2082,Anil Pujari,44,1,A1,PM00677
3318,2082,Anil Bhat,23,1,A2,PM00488
3319,2082,Pooja Mulla,62,2,A3,PM00408
3320,2083,Farhan Joshi,33,1,A1,PM00915
3321,2083,Sunil Jain,44,1,A2,PM00283
3322,2084,Manoj Shetty,19,1,A1,PM00193
3323,2085,Shreya Sharma,27,2,A1,PM00995
3324,2085,Divya Naik,47,1,A2,PM00495
3325,2086,Naveen Bhat,52,1,A1,PM00410
3326,2087,Nandini Shetty,54,2,A1,PM00118
3327,2088,Kiran Shetty,19,1,A1,PM01097
3328,2089,Ajay Mulla,23,2,A1,PM00476
3329,2089,Kavya Kumar,42,3,A2,PM00651
3330,2090,Ajay Shetty,37,2,A1,PM00301
3331,2091,Sunil Reddy,41,2,A1,PM00554
3332,2091,Lakshmi Reddy,33,1,A2,PM00871
3333,2092,Pooja Rao,54,2,A1,PM00148
3334,2093,Meera Sharma,33,1,A1,PM00928
3335,2093,Nandini Jain,44,2,A2,PM00761
3336,2094,Mahesh Gowda,24,1,A1,PM00142
3337,2095,Mahesh Kulkarni,48,3,A1,PM00798
3338,2095,Shreya Sharma,51,2,A2,PM00518
3339,2096,Shreya Kulkarni,19,3,A1,PM00307
3340,2096,Priya Joshi,65,3,A2,PM00501
3341,2097,Shreya Joshi,22,2,A1,PM00629
3342,2098,Manoj Rao,47,1,A1,PM01086
3343,2098,Imran Kumar,56,3,A2,PM00003
3344,2098,Imran Kumar,58,2,A3,PM00160
3345,2099,Kiran Patil,42,2,A1,PM00218
3346,2099,Suresh Naik,45,3,A2,PM01049
3347,2099,Ajay Patil,34,1,A3,PM01004
3348,2100,Farhan Bhat,38,2,A1,PM00090
3349,2101,Pooja Khan,19,2,A1,PM00528
3350,2102,Imran Pujari,45,1,A1,PM00105
3351,2102,Ananya Shetty,64,1,A2,PM00608
3352,2103,Naveen Gowda,62,3,A1,PM00943
3353,2104,Prakash Hegde,65,1,A1,PM00846
3354,2104,Farhan Khan,40,1,A2,PM00895
3355,2104,Ananya Pujari,23,2,A3,PM01014
3356,2104,Shreya Patil,27,1,A4,PM00328
3357,2105,Nandini Mulla,59,2,A1,PM01040
3358,2106,Anil Patil,43,2,A1,PM00493
3359,2107,Naveen Gowda,54,1,A1,PM01055
3360,2107,Meera Reddy,34,2,A2,PM00763
3361,2108,Imran Mulla,53,2,A1,PM00061
3362,2108,Prakash Reddy,41,2,A2,PM00773
3363,2108,Asha Kumar,57,1,A3,PM00851
3364,2108,Neha Nayak,47,2,A4,PM00577
3365,2109,Mahesh Kulkarni,48,3,A1,PM00798
3366,2109,Nandini Desai,19,3,A2,PM00541
3367,2110,Priya Reddy,57,2,A1,PM00623
3368,2110,Nandini Reddy,37,1,A2,PM00559
3369,2110,Priya Patil,51,2,A3,PM00274
3370,2111,Vijay Shetty,64,2,A1,PM00145
3371,2112,Divya Gowda,19,3,A1,PM00010
3372,2112,Neha Shetty,38,1,A2,PM00021
3373,2113,Ajay Joshi,55,1,A1,PM00467
3374,2114,Divya Rao,23,1,A1,PM00968
3375,2114,Neha Kumar,40,2,A2,PM00593
3376,2114,Suresh Gowda,52,3,A3,PM00429
3377,2115,Nandini Desai,19,3,A1,PM00541
3378,2115,Ravi Rao,53,3,A2,PM00735
3379,2116,Imran Naik,55,2,A1,PM00015
3380,2117,Asha Naik,38,1,A1,PM00459
3381,2117,Anil Pujari,58,1,A2,PM00287
3382,2118,Ananya Kumar,39,2,A1,PM00863
3383,2118,Farhan Hegde,47,1,A2,PM00922
3384,2119,Lakshmi Nayak,57,2,A1,PM00866
3385,2119,Kavya Reddy,40,1,A2,PM00893
3386,2119,Imran Naik,43,1,A3,PM01003
3387,2119,Vijay Mulla,52,1,A4,PM00919
3388,2120,Asha Kulkarni,30,1,A1,PM01045
3389,2120,Naveen Bhat,19,1,A2,PM00551
3390,2120,Shreya Sharma,56,2,A3,PM00660
3391,2121,Sunil Reddy,41,2,A1,PM00554
3392,2121,Prakash Hegde,31,3,A2,PM00657
3393,2122,Suresh Nayak,20,2,A1,PM00676
3394,2123,Meera Desai,34,2,A1,PM01015
3395,2123,Lakshmi Nayak,57,2,A2,PM00866
3396,2123,Asha Kulkarni,30,1,A3,PM01045
3397,2124,Vijay Khan,26,3,A1,PM00462
3398,2125,Suresh Gowda,54,2,A1,PM00910
3399,2126,Sunil Sharma,57,1,A1,PM00858
3400,2127,Manoj Bhat,65,1,A1,PM00515
3401,2127,Kiran Mulla,26,1,A2,PM00171
3402,2128,Mahesh Pujari,31,2,A1,PM00174
3403,2128,Ananya Nayak,39,1,A2,PM01087
3404,2129,Pooja Bhat,25,1,A1,PM00395
3405,2130,Neha Sharma,38,1,A1,PM00147
3406,2131,Mahesh Jain,37,2,A1,PM00785
3407,2132,Pooja Gowda,38,1,A1,PM00929
3408,2133,Sunil Mulla,57,1,A1,PM00228
3409,2134,Arun Desai,50,2,A1,PM00756
3410,2134,Sneha Rao,55,1,A2,PM01065
3411,2135,Naveen Gowda,58,1,A1,PM00586
3412,2136,Suresh Pujari,32,1,A1,PM00437
3413,2136,Priya Bhat,26,1,A2,PM00365
3414,2136,Asha Kumar,57,1,A3,PM00851
3415,2137,Mahesh Kulkarni,46,1,A1,PM00638
3416,2138,Pooja Shetty,54,2,A1,PM00633
3417,2139,Kiran Bhat,57,2,A1,PM00110
3418,2139,Vijay Naik,49,1,A2,PM00886
3419,2139,Ajay Shetty,45,2,A3,PM00855
3420,2140,Lakshmi Rao,33,1,A1,PM00272
3421,2140,Sneha Khan,23,1,A2,PM00727
3422,2140,Aishwarya Desai,21,1,A3,PM00714
3423,2141,Nandini Shetty,42,3,A1,PM00654
3424,2141,Mahesh Gowda,24,1,A2,PM00142
3425,2142,Lakshmi Bhat,35,1,A1,PM00560
3426,2142,Sunil Khan,46,1,A2,PM00188
3427,2143,Priya Sharma,32,3,A1,PM00723
3428,2144,Ravi Jain,29,2,A1,PM00683
3429,2145,Ananya Khan,65,1,A1,PM00045
3430,2146,Meera Gowda,55,2,A1,PM00315
3431,2146,Prakash Mulla,60,2,A2,PM00348
3432,2146,Shankar Bhat,32,3,A3,PM00758
3433,2147,Ananya Nayak,39,1,A1,PM01087
3434,2148,Naveen Reddy,24,1,A1,PM00008
3435,2148,Ajay Pujari,59,1,A2,PM00780
3436,2149,Kiran Hegde,42,2,A1,PM00387
3437,2149,Manoj Khan,36,1,A2,PM00898
3438,2150,Suresh Pujari,32,1,A1,PM00437
3439,2151,Farhan Khan,40,1,A1,PM00895
3440,2151,Imran Desai,49,1,A2,PM00592
3441,2151,Meera Desai,21,1,A3,PM00713
3442,2152,Sunil Reddy,56,1,A1,PM00005
3443,2153,Asha Rao,34,2,A1,PM00406
3444,2154,Anil Shetty,26,1,A1,PM00562
3445,2154,Anil Mulla,39,1,A2,PM00655
3446,2155,Manoj Nayak,51,1,A1,PM00944
3447,2155,Naveen Khan,65,1,A2,PM00057
3448,2156,Priya Sharma,65,1,A1,PM00952
3449,2157,Arun Rao,63,2,A1,PM00403
3450,2157,Shankar Kumar,28,2,A2,PM00168
3451,2158,Manoj Gowda,39,1,A1,PM00023
3452,2158,Ravi Bhat,41,2,A2,PM00912
3453,2159,Meera Patil,54,1,A1,PM00466
3454,2159,Neha Nayak,29,2,A2,PM00149
3455,2159,Ravi Jain,20,1,A3,PM00449
3456,2159,Suresh Hegde,23,2,A4,PM00606
3457,2160,Naveen Khan,57,3,A1,PM00323
3458,2161,Ananya Jain,19,2,A1,PM00265
3459,2161,Suresh Reddy,28,1,A2,PM00646
3460,2162,Neha Mulla,28,2,A1,PM01016
3461,2163,Ajay Rao,24,1,A1,PM00405
3462,2164,Aishwarya Pujari,51,3,A1,PM00972
3463,2164,Asha Joshi,26,1,A2,PM00611
3464,2165,Suresh Kumar,21,1,A1,PM00260
3465,2166,Ravi Pujari,46,1,A1,PM01037
3466,2167,Nandini Kulkarni,37,3,A1,PM00309
3467,2168,Pooja Kulkarni,65,1,A1,PM00206
3468,2168,Divya Khan,31,3,A2,PM01026
3469,2169,Ravi Bhat,55,3,A1,PM00588
3470,2170,Ajay Shetty,37,2,A1,PM00301
3471,2170,Mahesh Shetty,29,2,A2,PM00538
3472,2171,Lakshmi Nayak,57,2,A1,PM00866
3473,2172,Shankar Pujari,27,2,A1,PM01024
3474,2173,Meera Mulla,37,2,A1,PM00590
3475,2173,Neha Shetty,48,2,A2,PM00652
3476,2174,Prakash Sharma,52,3,A1,PM00708
3477,2174,Lakshmi Reddy,33,1,A2,PM00871
3478,2175,Shreya Khan,62,1,A1,PM00732
3479,2176,Ajay Kulkarni,48,3,A1,PM00425
3480,2177,Deepak Patil,51,1,A1,PM00473
3481,2177,Nandini Reddy,37,1,A2,PM00559
3482,2178,Divya Desai,49,1,A1,PM00494
3483,2179,Meera Kumar,18,2,A1,PM00949
3484,2179,Aishwarya Naik,34,1,A2,PM00731
3485,2179,Lakshmi Gowda,19,1,A3,PM00108
3486,2180,Sunil Naik,58,3,A1,PM00981
3487,2181,Lakshmi Bhat,35,1,A1,PM00560
3488,2182,Sunil Khan,22,3,A1,PM01006
3489,2182,Manoj Kumar,58,3,A2,PM00517
3490,2183,Mahesh Khan,51,1,A1,PM01066
3491,2183,Sunil Rao,49,3,A2,PM00433
3492,2184,Suresh Nayak,53,2,A1,PM00566
3493,2185,Kiran Kulkarni,57,3,A1,PM00552
3494,2186,Nandini Kulkarni,37,3,A1,PM00309
3495,2187,Ananya Naik,19,3,A1,PM00751
3496,2188,Farhan Mulla,24,1,A1,PM00730
3497,2189,Suresh Kumar,39,2,A1,PM00880
3498,2189,Priya Sharma,30,1,A2,PM00907
3499,2189,Ananya Jain,19,2,A3,PM00265
3500,2190,Mahesh Bhat,35,1,A1,PM00009
3501,2191,Lakshmi Nayak,47,3,A1,PM00450
3502,2192,Prakash Jain,54,3,A1,PM00719
3503,2193,Suresh Patil,34,2,A1,PM00358
3504,2193,Ajay Reddy,28,2,A2,PM00220
3505,2194,Vijay Desai,44,3,A1,PM00281
3506,2194,Rahul Shetty,44,1,A2,PM00460
3507,2194,Shreya Sharma,65,3,A3,PM00125
3508,2195,Neha Shetty,38,1,A1,PM00021
3509,2195,Mahesh Khan,51,2,A2,PM00852
3510,2195,Kiran Patil,24,2,A3,PM00126
3511,2196,Sunil Rao,34,1,A1,PM00074
3512,2196,Meera Bhat,19,3,A2,PM00904
3513,2197,Shreya Pujari,52,2,A1,PM00583
3514,2197,Anil Bhat,50,2,A2,PM00701
3515,2197,Farhan Rao,58,2,A3,PM00371
3516,2197,Suresh Patil,49,1,A4,PM00401
3517,2198,Mahesh Khan,59,3,A1,PM00448
3518,2198,Shankar Rao,39,2,A2,PM00947
3519,2199,Farhan Hegde,47,1,A1,PM00922
3520,2199,Prakash Khan,27,1,A2,PM00062
3521,2200,Kavya Jain,52,2,A1,PM00298
3522,2201,Shreya Sharma,65,3,A1,PM00125
3523,2202,Nandini Shetty,42,3,A1,PM00654
3524,2203,Kiran Shetty,35,3,A1,PM00867
3525,2203,Neha Gowda,37,1,A2,PM00469
3526,2204,Sneha Pujari,27,2,A1,PM00266
3527,2205,Neha Nayak,24,1,A1,PM01021
3528,2206,Manoj Kumar,43,2,A1,PM00902
3529,2206,Rahul Khan,57,1,A2,PM00418
3530,2207,Manoj Kumar,34,1,A1,PM00853
3531,2208,Naveen Mulla,29,1,A1,PM00806
3532,2208,Mahesh Khan,59,3,A2,PM00448
3533,2208,Asha Gowda,22,1,A3,PM00377
3534,2209,Asha Pujari,47,2,A1,PM00359
3535,2209,Lakshmi Joshi,62,1,A2,PM00564
3536,2210,Mahesh Patil,49,3,A1,PM00055
3537,2210,Sunil Nayak,59,1,A2,PM00413
3538,2210,Arun Kulkarni,61,2,A3,PM00964
3539,2211,Imran Desai,49,1,A1,PM00592
3540,2212,Imran Kumar,57,1,A1,PM00116
3541,2213,Asha Kulkarni,30,1,A1,PM01045
3542,2214,Ananya Nayak,39,1,A1,PM01087
3543,2214,Sneha Bhat,21,3,A2,PM00259
3544,2215,Meera Shetty,55,1,A1,PM00977
3545,2216,Farhan Rao,24,1,A1,PM01035
3546,2217,Rahul Desai,43,1,A1,PM00210
3547,2217,Ananya Patil,47,2,A2,PM00269
3548,2217,Kiran Patil,50,2,A3,PM00705
3549,2218,Sneha Khan,23,1,A1,PM00727
3550,2219,Sunil Nayak,41,2,A1,PM00664
3551,2220,Divya Gowda,19,3,A1,PM00010
3552,2220,Nandini Nayak,34,1,A2,PM00531
3553,2221,Arun Joshi,18,1,A1,PM00263
3554,2221,Mahesh Sharma,20,1,A2,PM01028
3555,2222,Prakash Khan,56,3,A1,PM00064
3556,2223,Meera Pujari,33,2,A1,PM00235
3557,2224,Ajay Bhat,48,2,A1,PM00340
3558,2224,Pooja Bhat,64,2,A2,PM00331
3559,2225,Kiran Patil,42,2,A1,PM00218
3560,2226,Aishwarya Joshi,46,1,A1,PM00534
3561,2226,Prakash Desai,43,1,A2,PM00878
3562,2227,Manoj Rao,64,2,A1,PM00338
3563,2228,Nandini Sharma,64,3,A1,PM00615
3564,2228,Ajay Hegde,23,1,A2,PM00414
3565,2228,Meera Pujari,54,1,A3,PM00627
3566,2228,Anil Desai,35,1,A4,PM00970
3567,2229,Ananya Pujari,53,2,A1,PM00366
3568,2229,Arun Kulkarni,61,2,A2,PM00964
3569,2230,Ananya Joshi,25,1,A1,PM00306
3570,2231,Ajay Patil,34,1,A1,PM01004
3571,2231,Naveen Bhat,49,1,A2,PM01093
3572,2231,Rahul Desai,59,2,A3,PM00630
3573,2232,Deepak Kulkarni,27,2,A1,PM00258
3574,2232,Prakash Mulla,60,2,A2,PM00348
3575,2232,Neha Reddy,29,1,A3,PM00825
3576,2233,Deepak Mulla,44,2,A1,PM00130
3577,2233,Manoj Joshi,57,2,A2,PM00647
3578,2234,Rahul Desai,29,3,A1,PM00107
3579,2235,Naveen Khan,65,1,A1,PM00057
3580,2236,Ananya Gowda,47,2,A1,PM00271
3581,2236,Shreya Kulkarni,19,3,A2,PM00307
3582,2237,Prakash Jain,44,1,A1,PM00436
3583,2238,Farhan Gowda,25,3,A1,PM00521
3584,2239,Kiran Pujari,42,1,A1,PM00013
3585,2239,Divya Sharma,43,2,A2,PM00965
3586,2240,Aishwarya Sharma,34,1,A1,PM00656
3587,2240,Prakash Joshi,49,1,A2,PM00237
3588,2240,Sneha Patil,23,3,A3,PM00578
3589,2240,Lakshmi Rao,30,1,A4,PM00752
3590,2241,Pooja Naik,22,1,A1,PM00078
3591,2241,Vijay Joshi,57,2,A2,PM01044
3592,2241,Aishwarya Hegde,26,1,A3,PM00962
3593,2242,Deepak Mulla,44,2,A1,PM00130
3594,2243,Ananya Patil,47,2,A1,PM00269
3595,2244,Sunil Naik,58,3,A1,PM00981
3596,2245,Ananya Pujari,65,1,A1,PM00051
3597,2245,Manoj Kumar,57,1,A2,PM00195
3598,2246,Kiran Patil,50,2,A1,PM00705
3599,2247,Shreya Sharma,22,2,A1,PM00827
3600,2248,Naveen Khan,57,3,A1,PM00323
3601,2249,Arun Kulkarni,60,1,A1,PM00843
3602,2250,Kavya Gowda,61,1,A1,PM00342
3603,2250,Nandini Jain,44,2,A2,PM00761
3604,2251,Shreya Gowda,46,1,A1,PM00558
3605,2251,Pooja Hegde,22,1,A2,PM00097
3606,2252,Mahesh Shetty,29,2,A1,PM00538
3607,2253,Kavya Gowda,28,3,A1,PM00792
3608,2253,Vijay Kumar,39,1,A2,PM00894
3609,2254,Naveen Sharma,54,1,A1,PM00203
3610,2254,Farhan Hegde,47,1,A2,PM00922
3611,2254,Ananya Joshi,39,1,A3,PM00860
3612,2255,Anil Khan,29,1,A1,PM00285
3613,2255,Divya Mulla,58,1,A2,PM01088
3614,2255,Neha Patil,28,2,A3,PM00966
3615,2256,Pooja Mulla,62,2,A1,PM00093
3616,2256,Nandini Pujari,24,1,A2,PM00291
3617,2257,Divya Hegde,55,1,A1,PM00254
3618,2258,Imran Kumar,57,1,A1,PM00116
3619,2259,Kiran Shetty,19,1,A1,PM01097
3620,2259,Prakash Hegde,32,1,A2,PM01005
3621,2260,Mahesh Khan,59,3,A1,PM00448
3622,2260,Prakash Bhat,63,1,A2,PM00128
3623,2260,Asha Gowda,37,2,A3,PM00543
3624,2261,Kavya Desai,51,1,A1,PM00487
3625,2262,Priya Bhat,58,2,A1,PM00248
3626,2262,Ananya Pujari,20,1,A2,PM00347
3627,2263,Pooja Gowda,38,1,A1,PM00929
3628,2263,Asha Desai,22,3,A2,PM00376
3629,2263,Naveen Hegde,61,3,A3,PM00082
3630,2264,Priya Sharma,30,1,A1,PM00907
3631,2265,Asha Gowda,61,3,A1,PM00813
3632,2266,Divya Khan,31,3,A1,PM01026
3633,2267,Suresh Joshi,23,1,A1,PM00067
3634,2268,Ravi Hegde,30,3,A1,PM00840
3635,2268,Sneha Jain,62,2,A2,PM00740
3636,2269,Divya Nayak,38,2,A1,PM00513
3637,2270,Imran Naik,43,1,A1,PM01003
3638,2271,Kavya Nayak,49,3,A1,PM00251
3639,2271,Ananya Kumar,39,2,A2,PM00863
3640,2272,Sunil Pujari,22,1,A1,PM01050
3641,2272,Lakshmi Kulkarni,61,1,A2,PM00362
3642,2273,Aishwarya Khan,36,1,A1,PM00137
3643,2273,Deepak Mulla,48,3,A2,PM00908
3644,2274,Priya Reddy,43,2,A1,PM00029
3645,2274,Asha Khan,34,1,A2,PM00420
3646,2274,Manoj Kumar,34,1,A3,PM00853
3647,2274,Asha Hegde,50,1,A4,PM00497
3648,2275,Shankar Patil,31,3,A1,PM00194
3649,2275,Sunil Mulla,57,1,A2,PM00228
3650,2276,Prakash Mulla,60,2,A1,PM00348
3651,2276,Lakshmi Rao,59,1,A2,PM00992
3652,2277,Kavya Jain,52,2,A1,PM00298
3653,2278,Kiran Patil,50,2,A1,PM00705
3654,2278,Deepak Kulkarni,27,2,A2,PM00258
3655,2278,Divya Gowda,27,1,A3,PM00290
3656,2279,Arun Joshi,18,1,A1,PM00263
3657,2280,Manoj Joshi,60,1,A1,PM00231
3658,2280,Kiran Nayak,28,2,A2,PM00789
3659,2281,Ajay Patil,45,2,A1,PM00697
3660,2282,Arun Gowda,46,1,A1,PM00034
3661,2282,Asha Nayak,59,1,A2,PM00874
3662,2283,Sneha Khan,55,1,A1,PM00200
3663,2283,Ananya Gowda,47,2,A2,PM00271
3664,2284,Ananya Joshi,39,1,A1,PM00860
3665,2285,Nandini Gowda,26,1,A1,PM01033
3666,2286,Nandini Gowda,24,1,A1,PM01041
3667,2286,Ajay Patil,45,2,A2,PM00697
3668,2287,Neha Pujari,51,1,A1,PM01076
3669,2288,Divya Khan,31,3,A1,PM01026
3670,2289,Aishwarya Rao,23,1,A1,PM00085
3671,2290,Imran Kumar,58,2,A1,PM00160
3672,2291,Imran Reddy,39,2,A1,PM00839
3673,2292,Rahul Bhat,51,1,A1,PM00570
3674,2293,Lakshmi Nayak,22,2,A1,PM00208
3675,2294,Meera Sharma,61,3,A1,PM00868
3676,2294,Meera Desai,21,1,A2,PM00713
3677,2294,Ajay Sharma,51,1,A3,PM00956
3678,2295,Neha Patil,61,1,A1,PM00492
3679,2295,Asha Sharma,20,1,A2,PM00841
3680,2296,Shankar Sharma,20,2,A1,PM00052
3681,2296,Imran Khan,65,2,A2,PM00625
3682,2296,Anil Bhat,50,2,A3,PM00701
3683,2297,Mahesh Gowda,48,1,A1,PM00585
3684,2297,Meera Sharma,58,2,A2,PM00996
3685,2298,Imran Kumar,58,2,A1,PM00160
3686,2299,Arun Kulkarni,30,3,A1,PM00783
3687,2300,Aishwarya Bhat,52,2,A1,PM00980
3688,2301,Prakash Reddy,54,2,A1,PM00931
3689,2302,Deepak Kumar,64,3,A1,PM00550
3690,2303,Rahul Mulla,56,1,A1,PM00882
3691,2303,Vijay Desai,64,2,A2,PM00694
3692,2304,Neha Bhat,43,1,A1,PM00830
3693,2305,Naveen Reddy,49,1,A1,PM00891
3694,2305,Aishwarya Naik,65,2,A2,PM01072
3695,2306,Divya Khan,45,2,A1,PM00199
3696,2307,Neha Reddy,29,1,A1,PM00825
3697,2308,Kiran Patil,30,2,A1,PM00190
3698,2309,Ananya Reddy,49,2,A1,PM00670
3699,2309,Farhan Bhat,49,2,A2,PM00680
3700,2309,Vijay Kumar,37,1,A3,PM00321
3701,2309,Naveen Khan,65,1,A4,PM00057
3702,2310,Anil Mulla,44,2,A1,PM00573
3703,2311,Prakash Gowda,29,1,A1,PM00456
3704,2312,Sunil Kulkarni,24,1,A1,PM00817
3705,2313,Ananya Kumar,60,3,A1,PM00035
3706,2314,Anil Kulkarni,26,3,A1,PM01017
3707,2315,Farhan Gowda,30,1,A1,PM01043
3708,2316,Nandini Desai,32,3,A1,PM00781
3709,2317,Imran Patil,42,3,A1,PM00663
3710,2318,Prakash Jain,18,1,A1,PM00146
3711,2319,Suresh Pujari,45,1,A1,PM00984
3712,2319,Prakash Mulla,60,2,A2,PM00348
3713,2319,Naveen Hegde,61,3,A3,PM00082
3714,2319,Asha Rao,34,2,A4,PM00406
3715,2320,Sneha Kumar,22,1,A1,PM00419
3716,2321,Mahesh Desai,65,1,A1,PM00833
3717,2322,Ananya Kumar,39,2,A1,PM00863
3718,2322,Ajay Mulla,63,1,A2,PM00024
3719,2323,Meera Mulla,37,2,A1,PM00590
3720,2324,Nandini Naik,36,2,A1,PM00039
3721,2324,Meera Gowda,55,2,A2,PM00315
3722,2324,Kiran Gowda,64,3,A3,PM00879
3723,2325,Aishwarya Patil,37,3,A1,PM01058
3724,2326,Neha Mulla,28,2,A1,PM01016
3725,2327,Naveen Rao,28,1,A1,PM00823
3726,2328,Nandini Gowda,26,1,A1,PM01033
3727,2329,Anil Khan,31,1,A1,PM00438
3728,2329,Suresh Rao,64,2,A2,PM00673
3729,2330,Priya Desai,42,1,A1,PM00982
3730,2331,Rahul Khan,51,1,A1,PM00872
3731,2332,Kiran Jain,61,2,A1,PM00801
3732,2333,Aishwarya Rao,25,1,A1,PM00455
3733,2334,Kiran Patil,30,1,A1,PM00766
3734,2335,Farhan Hegde,27,1,A1,PM00649
3735,2336,Ravi Naik,42,1,A1,PM00809
3736,2337,Divya Patil,58,2,A1,PM00923
3737,2338,Anil Desai,25,2,A1,PM00178
3738,2338,Lakshmi Kulkarni,64,1,A2,PM00816
3739,2338,Manoj Pujari,39,1,A3,PM00311
3740,2339,Kiran Pujari,31,1,A1,PM00442
3741,2339,Naveen Nayak,35,1,A2,PM00764
3742,2340,Sunil Khan,18,2,A1,PM00703
3743,2340,Kiran Nayak,40,2,A2,PM00465
3744,2341,Ajay Mulla,26,1,A1,PM00567
3745,2341,Pooja Mulla,62,2,A2,PM00408
3746,2341,Priya Gowda,63,1,A3,PM00088
3747,2342,Prakash Khan,56,3,A1,PM00064
3748,2343,Farhan Bhat,38,2,A1,PM00090
3749,2343,Meera Pujari,33,2,A2,PM00235
3750,2344,Kiran Kulkarni,57,3,A1,PM00552
3751,2344,Arun Mulla,20,3,A2,PM00864
3752,2344,Arun Gowda,31,2,A3,PM00104
3753,2345,Arun Joshi,18,1,A1,PM00263
3754,2346,Neha Kumar,62,1,A1,PM00314
3755,2346,Anil Nayak,52,3,A2,PM00605
3756,2347,Divya Mulla,55,2,A1,PM00511
3757,2348,Ajay Reddy,28,2,A1,PM00220
3758,2348,Prakash Desai,29,3,A2,PM01022
3759,2349,Kiran Hegde,52,2,A1,PM00345
3760,2350,Ajay Mulla,26,1,A1,PM00567
3761,2351,Pooja Kumar,43,3,A1,PM00318
3762,2352,Aishwarya Gowda,56,1,A1,PM00803
3763,2353,Aishwarya Joshi,45,3,A1,PM00326
3764,2353,Priya Rao,34,2,A2,PM00951
3765,2353,Sneha Pujari,27,2,A3,PM00266
3766,2354,Divya Desai,26,1,A1,PM00430
3767,2355,Nandini Khan,43,2,A1,PM00685
3768,2355,Mahesh Khan,60,3,A2,PM00626
3769,2355,Meera Sharma,20,2,A3,PM00924
3770,2356,Shreya Reddy,50,1,A1,PM00776
3771,2357,Nandini Jain,44,2,A1,PM00761
3772,2357,Priya Sharma,30,1,A2,PM00907
3773,2358,Suresh Reddy,28,1,A1,PM00646
3774,2359,Nandini Reddy,37,1,A1,PM00559
3775,2359,Aishwarya Desai,61,1,A2,PM00284
3776,2360,Neha Shetty,38,1,A1,PM00021
3777,2361,Nandini Nayak,34,1,A1,PM00531
3778,2362,Ravi Jain,27,1,A1,PM00046
3779,2363,Mahesh Sharma,20,1,A1,PM01028
3780,2364,Ananya Joshi,59,1,A1,PM00246
3781,2365,Asha Gowda,37,2,A1,PM00543
3782,2366,Neha Kumar,18,3,A1,PM00824
3783,2366,Suresh Nayak,51,1,A2,PM00502
3784,2366,Asha Bhat,27,3,A3,PM00607
3785,2367,Naveen Naik,59,1,A1,PM00234
3786,2367,Ananya Joshi,25,1,A2,PM00306
3787,2367,Prakash Gowda,46,2,A3,PM00181
3788,2368,Rahul Kumar,47,2,A1,PM00205
3789,2368,Manoj Khan,23,1,A2,PM00744
3790,2368,Shankar Desai,56,2,A3,PM00529
3791,2369,Asha Nayak,41,1,A1,PM00953
3792,2370,Kavya Naik,20,1,A1,PM01061
3793,2371,Nandini Khan,61,3,A1,PM00383
3794,2372,Manoj Kumar,58,3,A1,PM00517
3795,2373,Kavya Hegde,32,1,A1,PM00415
3796,2373,Deepak Naik,39,3,A2,PM00037
3797,2374,Rahul Naik,57,2,A1,PM00667
3798,2375,Deepak Desai,29,1,A1,PM00812
3799,2376,Rahul Joshi,60,3,A1,PM00768
3800,2376,Lakshmi Nayak,47,3,A2,PM00450
3801,2377,Lakshmi Nayak,22,2,A1,PM00208
3802,2377,Shreya Mulla,24,2,A2,PM00505
3803,2378,Pooja Kulkarni,65,1,A1,PM00206
3804,2379,Ajay Mulla,23,2,A1,PM00476
3805,2380,Ananya Joshi,49,1,A1,PM00480
3806,2380,Divya Jain,59,2,A2,PM00900
3807,2380,Farhan Khan,40,1,A3,PM00895
3808,2381,Mahesh Jain,52,1,A1,PM00793
3809,2382,Ajay Mulla,26,1,A1,PM00567
3810,2382,Farhan Hegde,47,1,A2,PM00922
3811,2382,Suresh Naik,44,2,A3,PM00842
3812,2383,Ajay Patil,42,1,A1,PM00382
3813,2383,Ajay Shetty,37,2,A2,PM00301
3814,2384,Rahul Khan,19,2,A1,PM00967
3815,2384,Pooja Shetty,22,1,A2,PM00571
3816,2384,Suresh Gowda,51,3,A3,PM00123
3817,2385,Mahesh Joshi,44,1,A1,PM00563
3818,2385,Farhan Rao,36,1,A2,PM00604
3819,2386,Neha Kumar,62,1,A1,PM00314
3820,2386,Nandini Gowda,26,1,A2,PM01033
3821,2386,Sunil Gowda,42,2,A3,PM01038
3822,2387,Ananya Naik,19,3,A1,PM00751
3823,2387,Meera Bhat,19,3,A2,PM00904
3824,2388,Anil Joshi,47,3,A1,PM00109
3825,2389,Asha Desai,35,2,A1,PM00932
3826,2390,Imran Kulkarni,22,1,A1,PM01099
3827,2390,Kiran Jain,31,2,A2,PM00507
3828,2391,Kiran Pujari,44,1,A1,PM00737
3829,2392,Prakash Jain,44,1,A1,PM00436
3830,2393,Sneha Kumar,22,1,A1,PM00419
3831,2394,Aishwarya Patil,21,2,A1,PM00739
3832,2395,Kiran Patil,50,2,A1,PM00705
3833,2396,Divya Nayak,38,2,A1,PM00513
3834,2396,Asha Desai,35,2,A2,PM00932
3835,2396,Vijay Desai,64,2,A3,PM00694
3836,2397,Aishwarya Naik,65,2,A1,PM01072
3837,2398,Shreya Sharma,27,2,A1,PM00995
3838,2399,Lakshmi Kumar,26,1,A1,PM00351
3839,2399,Nandini Gowda,26,1,A2,PM01033
3840,2400,Pooja Naik,22,1,A1,PM00078
3841,2400,Sneha Jain,62,2,A2,PM00740
3842,2401,Prakash Jain,18,1,A1,PM00146
3843,2402,Prakash Bhat,55,1,A1,PM00077
3844,2402,Farhan Naik,51,3,A2,PM00236
3845,2403,Lakshmi Kulkarni,61,1,A1,PM00362
3846,2404,Vijay Kumar,37,1,A1,PM00321
3847,2405,Rahul Hegde,35,2,A1,PM00075
3848,2406,Mahesh Nayak,40,3,A1,PM00870
3849,2407,Aishwarya Bhat,58,2,A1,PM00257
3850,2408,Meera Sharma,58,2,A1,PM00996
3851,2409,Priya Bhat,36,3,A1,PM00240
3852,2409,Nandini Nayak,19,3,A2,PM00643
3853,2410,Kavya Hegde,32,1,A1,PM00415
3854,2411,Aishwarya Nayak,23,3,A1,PM01068
3855,2411,Meera Sharma,61,3,A2,PM00868
3856,2411,Rahul Bhat,51,1,A3,PM00570
3857,2412,Shreya Gowda,46,1,A1,PM00558
3858,2413,Farhan Naik,51,3,A1,PM00236
3859,2413,Asha Bhat,27,3,A2,PM00607
3860,2413,Vijay Desai,49,1,A3,PM00198
3861,2414,Divya Nayak,38,2,A1,PM00513
3862,2414,Neha Bhat,37,2,A2,PM00621
3863,2415,Ravi Naik,39,2,A1,PM00135
3864,2416,Shreya Shetty,57,3,A1,PM00427
3865,2417,Arun Mulla,56,1,A1,PM00084
3866,2418,Divya Bhat,61,1,A1,PM00581
3867,2419,Farhan Rao,36,1,A1,PM00604
3868,2419,Sneha Pujari,27,2,A2,PM00266
3869,2419,Lakshmi Gowda,57,1,A3,PM00072
3870,2420,Naveen Desai,48,2,A1,PM00209
3871,2421,Pooja Khan,35,2,A1,PM00435
3872,2422,Aishwarya Sharma,41,1,A1,PM00230
3873,2422,Ravi Desai,43,2,A2,PM01077
3874,2423,Arun Gowda,49,2,A1,PM00790
3875,2424,Farhan Shetty,40,3,A1,PM00102
3876,2425,Mahesh Jain,37,2,A1,PM00785
3877,2425,Vijay Patil,23,3,A2,PM01053
3878,2426,Mahesh Shetty,29,2,A1,PM00538
3879,2427,Lakshmi Pujari,58,2,A1,PM01011
3880,2428,Naveen Kulkarni,49,1,A1,PM00322
3881,2428,Kiran Patil,30,2,A2,PM00190
3882,2429,Prakash Jain,44,1,A1,PM00436
3883,2430,Farhan Rao,58,2,A1,PM00371
3884,2430,Imran Naik,55,2,A2,PM00015
3885,2431,Prakash Rao,37,1,A1,PM00303
3886,2431,Ajay Patil,34,1,A2,PM01004
3887,2432,Ajay Kulkarni,34,1,A1,PM00546
3888,2432,Rahul Joshi,45,1,A2,PM00637
3889,2433,Anil Pujari,35,1,A1,PM00233
3890,2434,Rahul Rao,55,1,A1,PM01030
3891,2435,Kiran Nayak,28,2,A1,PM00789
3892,2435,Deepak Nayak,28,2,A2,PM00375
3893,2436,Naveen Naik,27,3,A1,PM00568
3894,2437,Naveen Gowda,58,1,A1,PM00586
3895,2437,Asha Kumar,57,3,A2,PM00059
3896,2438,Mahesh Khan,51,2,A1,PM00852
3897,2438,Nandini Hegde,40,1,A2,PM00478
3898,2439,Divya Joshi,60,3,A1,PM00681
3899,2439,Manoj Reddy,52,1,A2,PM00969
3900,2439,Rahul Bhat,51,1,A3,PM00570
3901,2440,Aishwarya Pujari,54,1,A1,PM00935
3902,2441,Kiran Hegde,52,2,A1,PM00345
3903,2441,Farhan Shetty,40,3,A2,PM00102
3904,2442,Asha Kulkarni,30,1,A1,PM01045
3905,2442,Lakshmi Shetty,64,2,A2,PM00903
3906,2443,Vijay Joshi,19,2,A1,PM00139
3907,2444,Anil Patil,43,2,A1,PM00493
3908,2445,Kiran Mulla,26,1,A1,PM00171
3909,2445,Sneha Jain,62,2,A2,PM00740
3910,2445,Meera Pujari,25,2,A3,PM00772
3911,2445,Sunil Khan,30,3,A4,PM00597
3912,2446,Shreya Bhat,28,2,A1,PM00293
3913,2447,Naveen Rao,28,1,A1,PM00823
3914,2448,Nandini Shetty,42,3,A1,PM00654
3915,2449,Nandini Desai,65,1,A1,PM00313
3916,2450,Naveen Pujari,26,1,A1,PM00769
3917,2451,Neha Naik,30,2,A1,PM00308
3918,2451,Arun Joshi,20,1,A2,PM00678
3919,2452,Priya Gowda,29,1,A1,PM00217
3920,2453,Arun Joshi,20,1,A1,PM00678
3921,2454,Ananya Shetty,64,1,A1,PM00608
3922,2455,Imran Hegde,55,1,A1,PM00715
3923,2456,Suresh Pujari,45,1,A1,PM00984
3924,2456,Farhan Patil,55,1,A2,PM00642
3925,2457,Anil Sharma,64,3,A1,PM01070
3926,2457,Vijay Joshi,19,2,A2,PM00139
3927,2458,Mahesh Mulla,51,2,A1,PM00007
3928,2459,Kiran Shetty,35,3,A1,PM00867
3929,2460,Naveen Sharma,48,1,A1,PM01085
3930,2461,Shankar Bhat,64,2,A1,PM00506
3931,2462,Meera Kulkarni,53,1,A1,PM00547
3932,2462,Manoj Shetty,42,1,A2,PM00316
3933,2462,Vijay Desai,64,2,A3,PM00694
3934,2463,Arun Sharma,23,1,A1,PM00111
3935,2464,Lakshmi Rao,32,3,A1,PM00721
3936,2465,Shreya Kulkarni,62,3,A1,PM00180
3937,2466,Ravi Jain,27,1,A1,PM00046
3938,2467,Deepak Shetty,54,1,A1,PM00098
3939,2468,Aishwarya Gowda,56,1,A1,PM00803
3940,2469,Ravi Hegde,44,2,A1,PM01069
3941,2469,Prakash Sharma,31,2,A2,PM00018
3942,2469,Meera Nayak,54,3,A3,PM00916
3943,2469,Anil Patil,46,1,A4,PM00063
3944,2470,Vijay Mulla,52,1,A1,PM00919
3945,2471,Anil Nayak,52,3,A1,PM00605
3946,2472,Arun Sharma,33,1,A1,PM01075
3947,2473,Vijay Shetty,22,1,A1,PM00658
3948,2474,Farhan Rao,24,1,A1,PM01035
3949,2474,Neha Gowda,59,3,A2,PM00628
3950,2475,Pooja Hegde,64,1,A1,PM01034
3951,2476,Naveen Jain,24,1,A1,PM00921
3952,2477,Ajay Naik,43,2,A1,PM00954
3953,2478,Anil Mulla,44,2,A1,PM00573
3954,2478,Kavya Pujari,32,1,A2,PM00679
3955,2479,Divya Desai,50,3,A1,PM00939
3956,2480,Farhan Gowda,25,3,A1,PM00521
3957,2481,Mahesh Rao,62,1,A1,PM00696
3958,2482,Deepak Shetty,54,1,A1,PM00098
3959,2483,Asha Shetty,51,1,A1,PM00914
3960,2484,Anil Bhat,23,1,A1,PM00488
3961,2485,Arun Khan,48,1,A1,PM00975
3962,2485,Lakshmi Mulla,47,2,A2,PM00065
3963,2485,Shankar Pujari,27,2,A3,PM01024
3964,2486,Aishwarya Kulkarni,45,1,A1,PM00453
3965,2487,Shreya Joshi,37,2,A1,PM00214
3966,2487,Prakash Mulla,60,2,A2,PM00348
3967,2487,Naveen Jain,36,2,A3,PM00485
3968,2488,Kiran Nayak,40,2,A1,PM00465
3969,2489,Rahul Naik,57,2,A1,PM00667
3970,2489,Prakash Reddy,41,2,A2,PM00773
3971,2489,Manoj Pujari,44,2,A3,PM00458
3972,2489,Aishwarya Naik,34,1,A4,PM00731
3973,2490,Naveen Joshi,52,2,A1,PM00960
3974,2490,Sunil Gowda,42,2,A2,PM01038
3975,2490,Anil Sharma,64,3,A3,PM01070
3976,2490,Lakshmi Reddy,33,1,A4,PM00871
3977,2491,Anil Sharma,18,1,A1,PM01081
3978,2491,Naveen Hegde,24,1,A2,PM00545
3979,2492,Sunil Khan,22,3,A1,PM01006
3980,2493,Nandini Kulkarni,37,3,A1,PM00309
3981,2494,Suresh Sharma,28,3,A1,PM00504
3982,2495,Ananya Jain,31,2,A1,PM00549
3983,2495,Lakshmi Jain,55,1,A2,PM00121
3984,2496,Naveen Khan,65,1,A1,PM00057
3985,2497,Farhan Bhat,24,1,A1,PM00814
3986,2497,Nandini Desai,19,3,A2,PM00541
3987,2498,Mahesh Shetty,29,2,A1,PM00538
3988,2499,Priya Sharma,18,3,A1,PM00572
3989,2500,Manoj Shetty,65,1,A1,PM00926
3990,2500,Priya Nayak,20,2,A2,PM00978
3991,2500,Aishwarya Naik,50,2,A3,PM00530
