CaseMasterID,CrimeNo,CaseNo,CrimeRegisteredDate,PolicePersonID,PoliceStationID,CaseCategoryID,GravityOffenceID,CrimeMajorHeadID,CrimeMinorHeadID,CaseStatusID,CourtID,IncidentFromDate,IncidentToDate,InfoReceivedPSDate,latitude,longitude,BriefFacts
1,100311302202500001,202500001,2025-05-11,5188,1302,1,2,2,6,3,7031,2025-05-11 19:54:00,2025-05-11 22:02:00,2025-05-11 23:51:00,15.332012,76.474077,Vehicle Theft reported in Vijayanagara; registered at Vijayanagara Police Station 02. Synthetic demonstration record.
2,100071065202500001,202500001,2025-02-19,5400,1065,1,2,3,8,1,7007,2025-02-17 01:30:00,2025-02-17 02:46:00,2025-02-17 04:20:00,11.886494,76.95567,Domestic Violence reported in Chamarajanagar; registered at Chamarajanagar Police Station 05. Synthetic demonstration record.
3,100131121202500001,202500001,2025-06-15,5182,1121,1,2,2,7,2,7013,2025-06-13 03:42:00,2025-06-13 05:17:00,2025-06-13 06:42:00,15.426603,74.987385,House Theft reported in Dharwad; registered at Dharwad Police Station 01. Synthetic demonstration record.
4,100041031202200001,202200001,2022-08-06,5556,1031,1,2,7,18,1,7004,2022-08-04 19:23:00,2022-08-04 20:00:00,2022-08-04 20:46:00,13.280386,77.727642,Cheating reported in Bengaluru Rural; registered at Bengaluru Rural Police Station 01. Synthetic demonstration record.
5,100171167202600001,202600001,2026-05-03,5143,1167,1,2,6,16,5,7017,2026-05-03 10:17:00,2026-05-03 10:49:00,2026-05-03 11:53:00,17.367035,76.876849,Rioting reported in Kalaburagi; registered at Kalaburagi Police Station 07. Synthetic demonstration record.
6,100191189202400001,202400001,2024-10-19,5451,1189,1,2,5,14,2,7019,2024-10-18 14:20:00,2024-10-18 15:03:00,2024-10-18 16:59:00,13.154858,78.161511,NDPS Possession reported in Kolar; registered at Kolar Police Station 09. Synthetic demonstration record.
7,100301291202300001,202300001,2023-10-20,5306,1291,1,2,5,14,4,7030,2023-10-18 12:42:00,2023-10-18 13:06:00,2023-10-18 14:26:00,16.797711,77.156244,NDPS Possession reported in Yadgir; registered at Yadgir Police Station 01. Synthetic demonstration record.
8,100151142202500001,202500001,2025-12-10,5371,1142,1,2,4,11,2,7015,2025-12-10 14:32:00,2025-12-10 15:38:00,2025-12-10 17:34:00,13.021906,76.1157,Online Fraud reported in Hassan; registered at Hassan Police Station 02. Synthetic demonstration record.
9,100221212202300001,202300001,2023-11-08,5291,1212,1,1,1,2,1,7022,2023-11-06 02:35:00,2023-11-06 04:52:00,2023-11-06 06:43:00,12.239073,76.630512,Attempt to Murder reported in Mysuru; registered at Mysuru Police Station 02. Synthetic demonstration record.
10,100171165202500001,202500001,2025-01-30,5218,1165,1,2,4,13,1,7017,2025-01-29 09:46:00,2025-01-29 10:41:00,2025-01-29 12:13:00,17.329318,76.860535,Cyber Stalking reported in Kalaburagi; registered at Kalaburagi Police Station 05. Synthetic demonstration record.
11,800261254202200001,202200001,2022-10-21,5288,1254,4,2,6,16,1,7026,2022-10-21 00:52:00,2022-10-21 01:18:00,2022-10-21 01:59:00,13.338465,77.089287,Rioting reported in Tumakuru; registered at Tumakuru Police Station 04. Synthetic demonstration record.
12,400111104202300001,202300001,2023-08-19,5519,1104,3,2,2,6,1,7011,2023-08-19 18:40:00,2023-08-19 19:53:00,2023-08-19 20:07:00,12.870551,74.89606,Vehicle Theft reported in Dakshina Kannada; registered at Dakshina Kannada Police Station 04. Synthetic demonstration record.
13,100051041202300001,202300001,2023-03-10,5077,1041,1,2,4,11,3,7005,2023-03-08 19:50:00,2023-03-08 21:15:00,2023-03-08 21:56:00,12.95698,77.592862,Online Fraud reported in Bengaluru Urban; registered at Bengaluru Urban Police Station 01. Synthetic demonstration record.
14,100271262202300001,202300001,2023-03-14,5444,1262,1,2,2,7,1,7027,2023-03-12 03:18:00,2023-03-12 04:23:00,2023-03-12 05:12:00,13.323065,74.749579,House Theft reported in Udupi; registered at Udupi Police Station 02. Synthetic demonstration record.
15,100231224202300001,202300001,2023-03-20,5240,1224,1,1,2,4,1,7023,2023-03-19 20:49:00,2023-03-19 22:48:00,2023-03-19 23:50:00,16.237058,77.351011,Robbery reported in Raichur; registered at Raichur Police Station 04. Synthetic demonstration record.
16,300121113202300001,202300001,2023-12-13,5083,1113,2,2,3,8,2,7012,2023-12-11 23:19:00,2023-12-12 01:15:00,2023-12-12 01:46:00,14.445366,75.956671,Domestic Violence reported in Davanagere; registered at Davanagere Police Station 03. Synthetic demonstration record.
17,100201195202600001,202600001,2026-05-05,5004,1195,1,1,1,2,2,7020,2026-05-04 14:19:00,2026-05-04 16:30:00,2026-05-04 17:20:00,15.374132,76.169351,Attempt to Murder reported in Koppal; registered at Koppal Police Station 05. Synthetic demonstration record.
18,100131125202500001,202500001,2025-10-12,5379,1125,1,2,4,12,3,7013,2025-10-12 10:22:00,2025-10-12 12:56:00,2025-10-12 13:26:00,15.449403,75.022462,Identity Theft reported in Dharwad; registered at Dharwad Police Station 05. Synthetic demonstration record.
19,100291287202300001,202300001,2023-01-11,5112,1287,1,2,5,14,1,7029,2023-01-09 00:24:00,2023-01-09 01:21:00,2023-01-09 02:20:00,16.79956,75.710179,NDPS Possession reported in Vijayapura; registered at Vijayapura Police Station 07. Synthetic demonstration record.
20,100281275202600001,202600001,2026-04-10,5574,1275,1,2,4,12,2,7028,2026-04-08 11:22:00,2026-04-08 12:44:00,2026-04-08 13:06:00,14.84074,74.216552,Identity Theft reported in Uttara Kannada; registered at Uttara Kannada Police Station 05. Synthetic demonstration record.
21,100221214202300001,202300001,2023-05-24,5373,1214,1,1,1,2,2,7022,2023-05-24 03:30:00,2023-05-24 04:32:00,2023-05-24 06:02:00,12.333025,76.653545,Attempt to Murder reported in Mysuru; registered at Mysuru Police Station 04. Synthetic demonstration record.
22,100151143202500001,202500001,2025-10-30,5235,1143,1,2,6,17,2,7015,2025-10-30 01:05:00,2025-10-30 03:04:00,2025-10-30 04:10:00,12.994672,76.132414,Unlawful Assembly reported in Hassan; registered at Hassan Police Station 03. Synthetic demonstration record.
23,100141133202200001,202200001,2022-07-22,5205,1133,1,1,2,4,5,7014,2022-07-21 20:57:00,2022-07-21 22:25:00,2022-07-21 22:48:00,15.436612,75.643925,Robbery reported in Gadag; registered at Gadag Police Station 03. Synthetic demonstration record.
24,100211209202400001,202400001,2024-12-18,5016,1209,1,2,8,20,1,7021,2024-12-16 22:50:00,2024-12-17 01:50:00,2024-12-17 02:21:00,12.531972,76.885061,Hit and Run reported in Mandya; registered at Mandya Police Station 09. Synthetic demonstration record.
25,100211204202200001,202200001,2022-01-31,5318,1204,1,2,6,17,3,7021,2022-01-30 10:48:00,2022-01-30 11:35:00,2022-01-30 13:24:00,12.488181,76.902149,Unlawful Assembly reported in Mandya; registered at Mandya Police Station 04. Synthetic demonstration record.
26,100201198202500001,202500001,2025-11-20,5216,1198,1,2,1,3,1,7020,2025-11-20 14:58:00,2025-11-20 16:17:00,2025-11-20 16:50:00,15.331744,76.130264,Assault reported in Koppal; registered at Koppal Police Station 08. Synthetic demonstration record.
27,100051044202600001,202600001,2026-06-12,5468,1044,1,2,4,11,1,7005,2026-06-11 17:58:00,2026-06-11 19:03:00,2026-06-11 20:27:00,13.012337,77.613582,Online Fraud reported in Bengaluru Urban; registered at Bengaluru Urban Police Station 04. Synthetic demonstration record.
28,100301295202200001,202200001,2022-10-28,5180,1295,1,2,7,18,2,7030,2022-10-28 11:27:00,2022-10-28 13:22:00,2022-10-28 14:03:00,16.755697,77.113382,Cheating reported in Yadgir; registered at Yadgir Police Station 05. Synthetic demonstration record.
29,300161154202200001,202200001,2022-09-05,5405,1154,2,1,5,15,1,7016,2022-09-05 21:33:00,2022-09-05 23:01:00,2022-09-05 23:21:00,14.764764,75.395632,Drug Trafficking reported in Haveri; registered at Haveri Police Station 04. Synthetic demonstration record.
30,100261254202300001,202300001,2023-04-25,5288,1254,1,2,3,9,3,7026,2023-04-23 17:08:00,2023-04-23 18:50:00,2023-04-23 20:35:00,13.334191,77.113771,Sexual Harassment reported in Tumakuru; registered at Tumakuru Police Station 04. Synthetic demonstration record.
31,100121120202500001,202500001,2025-05-19,5530,1120,1,2,2,6,2,7012,2025-05-17 18:05:00,2025-05-17 19:36:00,2025-05-17 19:51:00,14.432734,75.922864,Vehicle Theft reported in Davanagere; registered at Davanagere Police Station 10. Synthetic demonstration record.
32,100271268202300001,202300001,2023-05-28,5189,1268,1,2,2,6,1,7027,2023-05-28 21:58:00,2023-05-28 23:17:00,2023-05-29 00:06:00,13.347611,74.742211,Vehicle Theft reported in Udupi; registered at Udupi Police Station 08. Synthetic demonstration record.
33,100221214202600001,202600001,2026-04-16,5373,1214,1,1,2,4,1,7022,2026-04-16 17:29:00,2026-04-16 19:31:00,2026-04-16 20:42:00,12.30896,76.59447,Robbery reported in Mysuru; registered at Mysuru Police Station 04. Synthetic demonstration record.
34,100051042202500001,202500001,2025-03-03,5300,1042,1,2,2,6,3,7005,2025-03-01 17:39:00,2025-03-01 18:31:00,2025-03-01 20:27:00,12.931851,77.593322,Vehicle Theft reported in Bengaluru Urban; registered at Bengaluru Urban Police Station 02. Synthetic demonstration record.
35,100271263202500001,202500001,2025-02-21,5210,1263,1,2,7,19,1,7027,2025-02-19 10:24:00,2025-02-19 10:40:00,2025-02-19 11:55:00,13.334113,74.730999,Forgery reported in Udupi; registered at Udupi Police Station 03. Synthetic demonstration record.
36,100291290202400001,202400001,2024-11-26,5286,1290,1,2,4,12,2,7029,2024-11-26 15:22:00,2024-11-26 17:17:00,2024-11-26 17:39:00,16.816726,75.765075,Identity Theft reported in Vijayapura; registered at Vijayapura Police Station 10. Synthetic demonstration record.
37,100051042202400001,202400001,2024-12-03,5300,1042,1,2,2,6,2,7005,2024-12-02 21:24:00,2024-12-03 00:16:00,2024-12-03 01:43:00,12.952547,77.608089,Vehicle Theft reported in Bengaluru Urban; registered at Bengaluru Urban Police Station 02. Synthetic demonstration record.
38,100291289202300001,202300001,2023-11-22,5304,1289,1,2,8,20,1,7029,2023-11-22 04:40:00,2023-11-22 07:09:00,2023-11-22 08:07:00,16.84033,75.73478,Hit and Run reported in Vijayapura; registered at Vijayapura Police Station 09. Synthetic demonstration record.
39,100201197202300001,202300001,2023-08-25,5515,1197,1,1,2,4,1,7020,2023-08-25 17:07:00,2023-08-25 18:58:00,2023-08-25 20:21:00,15.315123,76.213655,Robbery reported in Koppal; registered at Koppal Police Station 07. Synthetic demonstration record.
40,100221213202400001,202400001,2024-12-26,5007,1213,1,2,7,18,3,7022,2024-12-24 21:48:00,2024-12-25 00:37:00,2024-12-25 01:42:00,12.311561,76.634124,Cheating reported in Mysuru; registered at Mysuru Police Station 03. Synthetic demonstration record.
41,100261257202300001,202300001,2023-12-20,5185,1257,1,1,3,10,2,7026,2023-12-19 02:37:00,2023-12-19 05:00:00,2023-12-19 06:22:00,13.33027,77.11452,Kidnapping reported in Tumakuru; registered at Tumakuru Police Station 07. Synthetic demonstration record.
42,100061056202600001,202600001,2026-06-12,5549,1056,1,2,2,7,1,7006,2026-06-10 23:14:00,2026-06-11 00:04:00,2026-06-11 00:38:00,17.957763,77.478989,House Theft reported in Bidar; registered at Bidar Police Station 06. Synthetic demonstration record.
43,100231227202200001,202200001,2022-05-14,5287,1227,1,1,3,10,4,7023,2022-05-14 15:22:00,2022-05-14 16:51:00,2022-05-14 17:41:00,16.224517,77.335704,Kidnapping reported in Raichur; registered at Raichur Police Station 07. Synthetic demonstration record.
44,100011009202600001,202600001,2026-05-08,5011,1009,1,2,4,12,3,7001,2026-05-08 20:24:00,2026-05-08 21:01:00,2026-05-08 22:37:00,16.211179,75.755021,Identity Theft reported in Bagalkot; registered at Bagalkot Police Station 09. Synthetic demonstration record.
45,100091085202300001,202300001,2023-03-20,5500,1085,1,2,5,14,1,7009,2023-03-20 16:36:00,2023-03-20 19:13:00,2023-03-20 21:01:00,13.255,75.833792,NDPS Possession reported in Chikkamagaluru; registered at Chikkamagaluru Police Station 05. Synthetic demonstration record.
46,100111108202400001,202400001,2024-07-10,5555,1108,1,2,3,9,4,7011,2024-07-09 20:44:00,2024-07-09 21:30:00,2024-07-09 23:07:00,12.932793,74.873905,Sexual Harassment reported in Dakshina Kannada; registered at Dakshina Kannada Police Station 08. Synthetic demonstration record.
47,300071067202400001,202400001,2024-08-05,5529,1067,2,2,2,7,4,7007,2024-08-04 03:28:00,2024-08-04 04:03:00,2024-08-04 05:23:00,11.921089,76.933148,House Theft reported in Chamarajanagar; registered at Chamarajanagar Police Station 07. Synthetic demonstration record.
48,100031028202500001,202500001,2025-07-15,5402,1028,1,2,8,20,1,7003,2025-07-15 19:56:00,2025-07-15 21:53:00,2025-07-15 22:14:00,15.846498,74.550976,Hit and Run reported in Belagavi; registered at Belagavi Police Station 08. Synthetic demonstration record.
49,100061055202500001,202500001,2025-11-30,5536,1055,1,2,7,18,2,7006,2025-11-29 10:17:00,2025-11-29 11:30:00,2025-11-29 12:03:00,17.916682,77.533731,Cheating reported in Bidar; registered at Bidar Police Station 05. Synthetic demonstration record.
50,100261255202200001,202200001,2022-07-23,5008,1255,1,2,2,6,5,7026,2022-07-21 19:43:00,2022-07-21 20:19:00,2022-07-21 20:34:00,13.367597,77.111389,Vehicle Theft reported in Tumakuru; registered at Tumakuru Police Station 05. Synthetic demonstration record.
51,100161159202500001,202500001,2025-10-05,5333,1159,1,2,4,11,2,7016,2025-10-04 15:49:00,2025-10-04 16:57:00,2025-10-04 18:05:00,14.822888,75.428491,Online Fraud reported in Haveri; registered at Haveri Police Station 09. Synthetic demonstration record.
52,100231227202500001,202500001,2025-04-01,5158,1227,1,2,1,3,1,7023,2025-03-30 21:25:00,2025-03-30 23:16:00,2025-03-30 23:58:00,16.200485,77.380773,Assault reported in Raichur; registered at Raichur Police Station 07. Synthetic demonstration record.
53,100311302202200001,202200001,2022-12-22,5188,1302,1,2,6,16,4,7031,2022-12-22 07:22:00,2022-12-22 07:52:00,2022-12-22 08:16:00,15.36281,76.487988,Rioting reported in Vijayanagara; registered at Vijayanagara Police Station 02. Synthetic demonstration record.
54,100111101202200001,202200001,2022-04-02,5589,1101,1,2,4,11,1,7011,2022-04-02 19:50:00,2022-04-02 20:37:00,2022-04-02 21:08:00,12.944254,74.848291,Online Fraud reported in Dakshina Kannada; registered at Dakshina Kannada Police Station 01. Synthetic demonstration record.
55,800051042202500001,202500001,2025-11-08,5300,1042,4,2,4,11,3,7005,2025-11-06 16:02:00,2025-11-06 16:34:00,2025-11-06 16:57:00,12.90543,77.652985,Online Fraud reported in Bengaluru Urban; registered at Bengaluru Urban Police Station 02. Synthetic demonstration record.
56,100091089202400001,202400001,2024-11-22,5430,1089,1,2,2,6,3,7009,2024-11-21 21:35:00,2024-11-21 23:04:00,2024-11-22 00:03:00,13.29543,75.796689,Vehicle Theft reported in Chikkamagaluru; registered at Chikkamagaluru Police Station 09. Synthetic demonstration record.
57,100031021202500001,202500001,2025-11-08,5562,1021,1,1,2,4,1,7003,2025-11-06 20:56:00,2025-11-06 21:47:00,2025-11-06 23:19:00,15.857703,74.564945,Robbery reported in Belagavi; registered at Belagavi Police Station 01. Synthetic demonstration record.
58,100231229202200001,202200001,2022-06-27,5312,1229,1,2,1,3,2,7023,2022-06-27 01:03:00,2022-06-27 01:26:00,2022-06-27 02:12:00,16.207233,77.351529,Assault reported in Raichur; registered at Raichur Police Station 09. Synthetic demonstration record.
59,100041035202200001,202200001,2022-10-28,5525,1035,1,2,2,7,2,7004,2022-10-27 02:23:00,2022-10-27 04:03:00,2022-10-27 05:59:00,13.268792,77.679345,House Theft reported in Bengaluru Rural; registered at Bengaluru Rural Police Station 05. Synthetic demonstration record.
60,100141139202600001,202600001,2026-01-20,5241,1139,1,2,7,18,1,7014,2026-01-20 11:13:00,2026-01-20 13:07:00,2026-01-20 14:19:00,15.431433,75.670438,Cheating reported in Gadag; registered at Gadag Police Station 09. Synthetic demonstration record.
61,100071064202500001,202500001,2025-08-29,5146,1064,1,2,4,11,1,7007,2025-08-28 17:52:00,2025-08-28 20:33:00,2025-08-28 22:12:00,11.902526,76.946585,Online Fraud reported in Chamarajanagar; registered at Chamarajanagar Police Station 04. Synthetic demonstration record.
62,100121118202200001,202200001,2022-09-23,5035,1118,1,2,2,6,2,7012,2022-09-22 17:10:00,2022-09-22 18:46:00,2022-09-22 19:45:00,14.495572,75.93505,Vehicle Theft reported in Davanagere; registered at Davanagere Police Station 08. Synthetic demonstration record.
63,100041031202300001,202300001,2023-03-26,5169,1031,1,2,7,18,2,7004,2023-03-24 13:33:00,2023-03-24 15:21:00,2023-03-24 17:15:00,13.329544,77.666875,Cheating reported in Bengaluru Rural; registered at Bengaluru Rural Police Station 01. Synthetic demonstration record.
64,100011006202200001,202200001,2022-07-21,5366,1006,1,2,4,11,2,7001,2022-07-21 19:48:00,2022-07-21 22:08:00,2022-07-21 22:51:00,16.168445,75.69807,Online Fraud reported in Bagalkot; registered at Bagalkot Police Station 06. Synthetic demonstration record.
65,100291283202300001,202300001,2023-08-04,5534,1283,1,2,3,8,5,7029,2023-08-02 08:06:00,2023-08-02 10:25:00,2023-08-02 11:26:00,16.838256,75.741846,Domestic Violence reported in Vijayapura; registered at Vijayapura Police Station 03. Synthetic demonstration record.
66,100221217202500001,202500001,2025-01-26,5461,1217,1,2,2,7,5,7022,2025-01-24 02:06:00,2025-01-24 04:01:00,2025-01-24 04:15:00,12.280133,76.629049,House Theft reported in Mysuru; registered at Mysuru Police Station 07. Synthetic demonstration record.
67,100111101202600001,202600001,2026-04-08,5589,1101,1,2,5,14,2,7011,2026-04-06 21:50:00,2026-04-06 23:05:00,2026-04-06 23:31:00,12.974917,74.839014,NDPS Possession reported in Dakshina Kannada; registered at Dakshina Kannada Police Station 01. Synthetic demonstration record.
68,100301291202500001,202500001,2025-06-17,5279,1291,1,2,4,13,3,7030,2025-06-17 16:54:00,2025-06-17 18:51:00,2025-06-17 19:06:00,16.769595,77.190003,Cyber Stalking reported in Yadgir; registered at Yadgir Police Station 01. Synthetic demonstration record.
69,100181178202200001,202200001,2022-11-27,5593,1178,1,2,8,20,2,7018,2022-11-25 00:16:00,2022-11-25 00:40:00,2022-11-25 01:08:00,12.371856,75.843859,Hit and Run reported in Kodagu; registered at Kodagu Police Station 08. Synthetic demonstration record.
70,100161156202400001,202400001,2024-12-27,5020,1156,1,2,7,18,2,7016,2024-12-27 15:07:00,2024-12-27 16:46:00,2024-12-27 18:28:00,14.747793,75.425996,Cheating reported in Haveri; registered at Haveri Police Station 06. Synthetic demonstration record.
71,100031028202300001,202300001,2023-10-13,5006,1028,1,2,2,6,2,7003,2023-10-12 20:55:00,2023-10-12 22:14:00,2023-10-12 22:38:00,15.825755,74.541231,Vehicle Theft reported in Belagavi; registered at Belagavi Police Station 08. Synthetic demonstration record.
72,100111102202400001,202400001,2024-09-03,5290,1102,1,2,4,11,2,7011,2024-09-02 20:08:00,2024-09-02 20:23:00,2024-09-02 21:45:00,12.894384,74.925571,Online Fraud reported in Dakshina Kannada; registered at Dakshina Kannada Police Station 02. Synthetic demonstration record.
73,100061052202400001,202400001,2024-10-02,5001,1052,1,2,2,5,5,7006,2024-09-30 01:03:00,2024-09-30 02:21:00,2024-09-30 02:41:00,17.898985,77.564315,Burglary reported in Bidar; registered at Bidar Police Station 02. Synthetic demonstration record.
74,100091081202200001,202200001,2022-05-24,5403,1081,1,2,1,3,5,7009,2022-05-22 13:20:00,2022-05-22 15:36:00,2022-05-22 17:21:00,13.310212,75.752806,Assault reported in Chikkamagaluru; registered at Chikkamagaluru Police Station 01. Synthetic demonstration record.
75,100141136202400001,202400001,2024-10-18,5571,1136,1,1,3,10,1,7014,2024-10-18 15:39:00,2024-10-18 17:10:00,2024-10-18 18:09:00,15.420004,75.645085,Kidnapping reported in Gadag; registered at Gadag Police Station 06. Synthetic demonstration record.
76,400221218202300001,202300001,2023-09-06,5103,1218,3,2,3,8,5,7022,2023-09-05 16:38:00,2023-09-05 17:51:00,2023-09-05 19:18:00,12.286734,76.64796,Domestic Violence reported in Mysuru; registered at Mysuru Police Station 08. Synthetic demonstration record.
77,100011008202400001,202400001,2024-01-15,5255,1008,1,1,1,1,2,7001,2024-01-13 18:47:00,2024-01-13 21:43:00,2024-01-13 23:19:00,16.133822,75.703788,Murder reported in Bagalkot; registered at Bagalkot Police Station 08. Synthetic demonstration record.
78,100211206202400001,202400001,2024-09-15,5017,1206,1,2,4,12,1,7021,2024-09-15 14:46:00,2024-09-15 16:12:00,2024-09-15 16:31:00,12.549112,76.872362,Identity Theft reported in Mandya; registered at Mandya Police Station 06. Synthetic demonstration record.
79,100301295202400001,202400001,2024-05-22,5180,1295,1,2,2,6,3,7030,2024-05-22 21:38:00,2024-05-22 22:45:00,2024-05-23 00:42:00,16.702109,77.182215,Vehicle Theft reported in Yadgir; registered at Yadgir Police Station 05. Synthetic demonstration record.
80,100141133202400001,202400001,2024-01-07,5205,1133,1,2,2,7,1,7014,2024-01-07 02:25:00,2024-01-07 02:57:00,2024-01-07 04:43:00,15.421992,75.680811,House Theft reported in Gadag; registered at Gadag Police Station 03. Synthetic demonstration record.
81,100311303202200001,202200001,2022-01-18,5085,1303,1,2,7,18,2,7031,2022-01-16 17:59:00,2022-01-16 19:38:00,2022-01-16 20:11:00,15.372094,76.442931,Cheating reported in Vijayanagara; registered at Vijayanagara Police Station 03. Synthetic demonstration record.
82,100031024202400001,202400001,2024-09-30,5032,1024,1,2,7,18,1,7003,2024-09-29 20:42:00,2024-09-29 23:29:00,2024-09-29 23:41:00,15.866913,74.502877,Cheating reported in Belagavi; registered at Belagavi Police Station 04. Synthetic demonstration record.
83,100181177202500001,202500001,2025-12-05,5440,1177,1,2,2,7,1,7018,2025-12-03 03:38:00,2025-12-03 03:50:00,2025-12-03 05:13:00,12.349238,75.804422,House Theft reported in Kodagu; registered at Kodagu Police Station 07. Synthetic demonstration record.
84,100301293202400001,202400001,2024-10-08,5455,1293,1,1,1,1,2,7030,2024-10-07 02:12:00,2024-10-07 03:17:00,2024-10-07 05:12:00,16.745902,77.152777,Murder reported in Yadgir; registered at Yadgir Police Station 03. Synthetic demonstration record.
85,800041039202300001,202300001,2023-07-25,5151,1039,4,2,3,8,4,7004,2023-07-23 04:28:00,2023-07-23 05:50:00,2023-07-23 06:37:00,13.254146,77.698376,Domestic Violence reported in Bengaluru Rural; registered at Bengaluru Rural Police Station 09. Synthetic demonstration record.
86,100251244202500001,202500001,2025-07-13,5411,1244,1,2,4,12,1,7025,2025-07-12 18:48:00,2025-07-12 20:38:00,2025-07-12 21:26:00,13.92863,75.57514,Identity Theft reported in Shivamogga; registered at Shivamogga Police Station 04. Synthetic demonstration record.
87,100051046202400001,202400001,2024-12-27,5256,1046,1,1,2,4,2,7005,2024-12-25 21:30:00,2024-12-25 23:18:00,2024-12-26 00:39:00,12.989565,77.585854,Robbery reported in Bengaluru Urban; registered at Bengaluru Urban Police Station 06. Synthetic demonstration record.
88,100151144202300001,202300001,2023-06-29,5255,1144,1,2,4,12,3,7015,2023-06-27 19:13:00,2023-06-27 19:25:00,2023-06-27 20:05:00,12.983694,76.165502,Identity Theft reported in Hassan; registered at Hassan Police Station 04. Synthetic demonstration record.
89,100221214202200001,202200001,2022-09-07,5383,1214,1,1,2,4,4,7022,2022-09-07 18:50:00,2022-09-07 20:27:00,2022-09-07 21:18:00,12.245004,76.695378,Robbery reported in Mysuru; registered at Mysuru Police Station 04. Synthetic demonstration record.
90,400101094202300001,202300001,2023-12-02,5038,1094,3,2,2,5,5,7010,2023-12-01 01:19:00,2023-12-01 02:45:00,2023-12-01 03:28:00,14.197202,76.400861,Burglary reported in Chitradurga; registered at Chitradurga Police Station 04. Synthetic demonstration record.
91,100021012202600001,202600001,2026-06-14,5058,1012,1,2,2,5,1,7002,2026-06-13 00:39:00,2026-06-13 01:42:00,2026-06-13 02:02:00,15.163017,76.908785,Burglary reported in Ballari; registered at Ballari Police Station 02. Synthetic demonstration record.
92,100291287202200001,202200001,2022-07-10,5112,1287,1,2,2,7,2,7029,2022-07-08 00:38:00,2022-07-08 02:59:00,2022-07-08 04:55:00,16.820982,75.706141,House Theft reported in Vijayapura; registered at Vijayapura Police Station 07. Synthetic demonstration record.
93,100211205202400001,202400001,2024-06-02,5128,1205,1,2,4,12,3,7021,2024-05-31 13:22:00,2024-05-31 14:51:00,2024-05-31 16:14:00,12.49876,76.939691,Identity Theft reported in Mandya; registered at Mandya Police Station 05. Synthetic demonstration record.
94,100181176202600001,202600001,2026-02-21,5417,1176,1,2,7,18,5,7018,2026-02-20 17:39:00,2026-02-20 20:05:00,2026-02-20 22:03:00,12.381713,75.816583,Cheating reported in Kodagu; registered at Kodagu Police Station 06. Synthetic demonstration record.
95,100251245202200001,202200001,2022-12-11,5080,1245,1,2,2,7,2,7025,2022-12-09 23:15:00,2022-12-10 01:47:00,2022-12-10 02:45:00,13.904948,75.60093,House Theft reported in Shivamogga; registered at Shivamogga Police Station 05. Synthetic demonstration record.
96,100021014202300001,202300001,2023-12-03,5275,1014,1,2,3,8,4,7002,2023-12-01 04:53:00,2023-12-01 07:41:00,2023-12-01 08:49:00,15.125211,76.889748,Domestic Violence reported in Ballari; registered at Ballari Police Station 04. Synthetic demonstration record.
97,100241234202200001,202200001,2022-07-13,5328,1234,1,2,4,12,2,7024,2022-07-11 12:33:00,2022-07-11 14:28:00,2022-07-11 16:22:00,12.763834,77.227135,Identity Theft reported in Ramanagara; registered at Ramanagara Police Station 04. Synthetic demonstration record.
98,100191182202400001,202400001,2024-02-21,5584,1182,1,2,3,8,3,7019,2024-02-19 19:33:00,2024-02-19 20:05:00,2024-02-19 21:40:00,13.070314,78.124904,Domestic Violence reported in Kolar; registered at Kolar Police Station 02. Synthetic demonstration record.
99,100201199202200001,202200001,2022-06-12,5095,1199,1,2,2,5,4,7020,2022-06-12 23:22:00,2022-06-13 00:29:00,2022-06-13 01:35:00,15.372907,76.220219,Burglary reported in Koppal; registered at Koppal Police Station 09. Synthetic demonstration record.
100,100251243202200001,202200001,2022-11-27,5043,1243,1,2,3,8,1,7025,2022-11-26 12:16:00,2022-11-26 12:41:00,2022-11-26 13:54:00,13.958466,75.536429,Domestic Violence reported in Shivamogga; registered at Shivamogga Police Station 03. Synthetic demonstration record.
101,100191189202500001,202500001,2025-08-18,5451,1189,1,2,2,7,1,7019,2025-08-16 23:49:00,2025-08-17 01:30:00,2025-08-17 02:16:00,13.161489,78.112218,House Theft reported in Kolar; registered at Kolar Police Station 09. Synthetic demonstration record.
102,100261259202300001,202300001,2023-08-27,5541,1259,1,2,7,18,2,7026,2023-08-27 21:50:00,2023-08-28 00:44:00,2023-08-28 02:32:00,13.395903,77.090254,Cheating reported in Tumakuru; registered at Tumakuru Police Station 09. Synthetic demonstration record.
103,100311301202500001,202500001,2025-01-04,5386,1301,1,2,2,7,2,7031,2025-01-02 02:03:00,2025-01-02 02:31:00,2025-01-02 03:15:00,15.347481,76.452005,House Theft reported in Vijayanagara; registered at Vijayanagara Police Station 01. Synthetic demonstration record.
104,100071063202400001,202400001,2024-12-04,5322,1063,1,2,3,8,1,7007,2024-12-02 08:57:00,2024-12-02 11:57:00,2024-12-02 12:37:00,11.962461,76.939621,Domestic Violence reported in Chamarajanagar; registered at Chamarajanagar Police Station 03. Synthetic demonstration record.
105,100031030202300001,202300001,2023-11-16,5071,1030,1,2,4,11,1,7003,2023-11-16 20:19:00,2023-11-16 22:40:00,2023-11-17 00:00:00,15.843255,74.473576,Online Fraud reported in Belagavi; registered at Belagavi Police Station 10. Synthetic demonstration record.
106,100221216202400001,202400001,2024-02-10,5554,1216,1,2,3,9,3,7022,2024-02-10 17:11:00,2024-02-10 19:11:00,2024-02-10 20:49:00,12.274289,76.6851,Sexual Harassment reported in Mysuru; registered at Mysuru Police Station 06. Synthetic demonstration record.
107,100081071202200001,202200001,2022-03-06,5013,1071,1,2,2,5,1,7008,2022-03-06 22:06:00,2022-03-07 00:26:00,2022-03-07 00:56:00,13.409002,77.749034,Burglary reported in Chikkaballapur; registered at Chikkaballapur Police Station 01. Synthetic demonstration record.
108,100071068202600001,202600001,2026-03-06,5393,1068,1,2,4,12,4,7007,2026-03-05 15:09:00,2026-03-05 18:06:00,2026-03-05 19:25:00,11.932812,76.970072,Identity Theft reported in Chamarajanagar; registered at Chamarajanagar Police Station 08. Synthetic demonstration record.
109,100051049202400001,202400001,2024-03-16,5433,1049,1,2,7,18,5,7005,2024-03-15 21:58:00,2024-03-15 22:20:00,2024-03-15 22:26:00,13.032665,77.55739,Cheating reported in Bengaluru Urban; registered at Bengaluru Urban Police Station 09. Synthetic demonstration record.
110,100211205202200001,202200001,2022-11-30,5128,1205,1,2,4,11,2,7021,2022-11-30 18:23:00,2022-11-30 21:01:00,2022-11-30 21:31:00,12.492823,76.925191,Online Fraud reported in Mandya; registered at Mandya Police Station 05. Synthetic demonstration record.
111,100151141202200001,202200001,2022-05-05,5367,1141,1,1,3,10,1,7015,2022-05-05 21:03:00,2022-05-05 21:18:00,2022-05-05 22:59:00,13.021518,76.076266,Kidnapping reported in Hassan; registered at Hassan Police Station 01. Synthetic demonstration record.
112,300141133202400001,202400001,2024-02-05,5205,1133,2,2,6,17,2,7014,2024-02-05 09:41:00,2024-02-05 11:30:00,2024-02-05 13:10:00,15.457846,75.609452,Unlawful Assembly reported in Gadag; registered at Gadag Police Station 03. Synthetic demonstration record.
113,100021018202400001,202400001,2024-02-17,5110,1018,1,2,3,9,3,7002,2024-02-16 17:55:00,2024-02-16 20:02:00,2024-02-16 21:07:00,15.139559,76.917094,Sexual Harassment reported in Ballari; registered at Ballari Police Station 08. Synthetic demonstration record.
114,100281277202600001,202600001,2026-03-17,5239,1277,1,2,8,20,3,7028,2026-03-16 08:31:00,2026-03-16 10:37:00,2026-03-16 11:12:00,14.842886,74.092976,Hit and Run reported in Uttara Kannada; registered at Uttara Kannada Police Station 07. Synthetic demonstration record.
115,100121119202200001,202200001,2022-01-28,5089,1119,1,2,2,5,1,7012,2022-01-27 03:27:00,2022-01-27 04:36:00,2022-01-27 04:53:00,14.448427,75.945073,Burglary reported in Davanagere; registered at Davanagere Police Station 09. Synthetic demonstration record.
116,100211203202300001,202300001,2023-06-01,5223,1203,1,2,1,3,1,7021,2023-05-31 00:31:00,2023-05-31 02:11:00,2023-05-31 02:59:00,12.520632,76.925026,Assault reported in Mandya; registered at Mandya Police Station 03. Synthetic demonstration record.
117,100111110202500001,202500001,2025-08-04,5067,1110,1,2,5,14,3,7011,2025-08-04 12:25:00,2025-08-04 13:13:00,2025-08-04 13:59:00,12.892307,74.899646,NDPS Possession reported in Dakshina Kannada; registered at Dakshina Kannada Police Station 10. Synthetic demonstration record.
118,100251247202400001,202400001,2024-07-04,5165,1247,1,2,3,9,2,7025,2024-07-04 21:37:00,2024-07-04 23:16:00,2024-07-05 00:16:00,13.961373,75.571648,Sexual Harassment reported in Shivamogga; registered at Shivamogga Police Station 07. Synthetic demonstration record.
119,300131124202300001,202300001,2023-09-19,5042,1124,2,2,7,18,1,7013,2023-09-17 11:38:00,2023-09-17 12:00:00,2023-09-17 12:52:00,15.445613,75.030115,Cheating reported in Dharwad; registered at Dharwad Police Station 04. Synthetic demonstration record.
120,100191188202500001,202500001,2025-08-09,5261,1188,1,2,3,8,2,7019,2025-08-08 09:57:00,2025-08-08 11:57:00,2025-08-08 12:35:00,13.150084,78.097399,Domestic Violence reported in Kolar; registered at Kolar Police Station 08. Synthetic demonstration record.
121,100171169202400001,202400001,2024-01-09,5553,1169,1,2,4,13,2,7017,2024-01-08 17:05:00,2024-01-08 18:33:00,2024-01-08 18:45:00,17.262883,76.853844,Cyber Stalking reported in Kalaburagi; registered at Kalaburagi Police Station 09. Synthetic demonstration record.
122,100061057202600001,202600001,2026-02-04,5129,1057,1,2,7,19,2,7006,2026-02-03 10:18:00,2026-02-03 12:27:00,2026-02-03 13:35:00,17.974734,77.479972,Forgery reported in Bidar; registered at Bidar Police Station 07. Synthetic demonstration record.
123,400301297202400001,202400001,2024-06-25,5124,1297,3,2,8,20,4,7030,2024-06-24 17:00:00,2024-06-24 18:09:00,2024-06-24 19:27:00,16.768505,77.130869,Hit and Run reported in Yadgir; registered at Yadgir Police Station 07. Synthetic demonstration record.
124,100051050202400001,202400001,2024-07-03,5125,1050,1,2,2,6,3,7005,2024-07-03 18:04:00,2024-07-03 20:20:00,2024-07-03 21:21:00,12.926892,77.618878,Vehicle Theft reported in Bengaluru Urban; registered at Bengaluru Urban Police Station 10. Synthetic demonstration record.
125,100011010202300001,202300001,2023-11-10,5588,1010,1,1,5,15,4,7001,2023-11-09 08:25:00,2023-11-09 10:48:00,2023-11-09 12:42:00,16.18478,75.724365,Drug Trafficking reported in Bagalkot; registered at Bagalkot Police Station 10. Synthetic demonstration record.
126,100051050202300001,202300001,2023-11-01,5125,1050,1,2,3,8,4,7005,2023-10-30 15:22:00,2023-10-30 17:50:00,2023-10-30 19:01:00,12.99323,77.582517,Domestic Violence reported in Bengaluru Urban; registered at Bengaluru Urban Police Station 10. Synthetic demonstration record.
127,100291286202500001,202500001,2025-04-23,5399,1286,1,2,2,6,3,7029,2025-04-23 21:12:00,2025-04-23 23:26:00,2025-04-24 00:24:00,16.806432,75.704198,Vehicle Theft reported in Vijayapura; registered at Vijayapura Police Station 06. Synthetic demonstration record.
128,100051045202300001,202300001,2023-02-21,5419,1045,1,2,4,13,2,7005,2023-02-21 12:19:00,2023-02-21 12:46:00,2023-02-21 14:02:00,12.951822,77.658367,Cyber Stalking reported in Bengaluru Urban; registered at Bengaluru Urban Police Station 05. Synthetic demonstration record.
129,100171167202300001,202300001,2023-10-24,5578,1167,1,2,2,7,1,7017,2023-10-22 03:02:00,2023-10-22 05:22:00,2023-10-22 05:30:00,17.36419,76.811837,House Theft reported in Kalaburagi; registered at Kalaburagi Police Station 07. Synthetic demonstration record.
130,100261255202500001,202500001,2025-12-06,5008,1255,1,2,4,11,1,7026,2025-12-05 20:13:00,2025-12-05 20:27:00,2025-12-05 21:09:00,13.359434,77.078188,Online Fraud reported in Tumakuru; registered at Tumakuru Police Station 05. Synthetic demonstration record.
131,100181171202600001,202600001,2026-02-27,5452,1171,1,2,4,12,3,7018,2026-02-27 10:40:00,2026-02-27 12:09:00,2026-02-27 12:28:00,12.335015,75.828738,Identity Theft reported in Kodagu; registered at Kodagu Police Station 01. Synthetic demonstration record.
132,100071063202500001,202500001,2025-02-28,5407,1063,1,2,4,11,2,7007,2025-02-28 16:26:00,2025-02-28 16:38:00,2025-02-28 17:43:00,11.930768,76.943884,Online Fraud reported in Chamarajanagar; registered at Chamarajanagar Police Station 03. Synthetic demonstration record.
133,100141138202200001,202200001,2022-06-23,5382,1138,1,2,2,5,1,7014,2022-06-23 00:29:00,2022-06-23 03:11:00,2022-06-23 04:04:00,15.478276,75.650042,Burglary reported in Gadag; registered at Gadag Police Station 08. Synthetic demonstration record.
134,100301297202400001,202400001,2024-12-22,5050,1297,1,2,2,5,2,7030,2024-12-22 23:58:00,2024-12-23 00:20:00,2024-12-23 01:57:00,16.791758,77.105078,Burglary reported in Yadgir; registered at Yadgir Police Station 07. Synthetic demonstration record.
135,100301300202400001,202400001,2024-03-19,5592,1300,1,2,4,12,2,7030,2024-03-17 09:44:00,2024-03-17 10:07:00,2024-03-17 12:02:00,16.763686,77.086996,Identity Theft reported in Yadgir; registered at Yadgir Police Station 10. Synthetic demonstration record.
136,100281279202500001,202500001,2025-04-09,5557,1279,1,2,4,11,1,7028,2025-04-08 19:06:00,2025-04-08 21:48:00,2025-04-08 23:21:00,14.786933,74.199734,Online Fraud reported in Uttara Kannada; registered at Uttara Kannada Police Station 09. Synthetic demonstration record.
137,100171167202500001,202500001,2025-03-10,5143,1167,1,2,8,20,2,7017,2025-03-09 17:24:00,2025-03-09 19:16:00,2025-03-09 19:43:00,17.339803,76.900653,Hit and Run reported in Kalaburagi; registered at Kalaburagi Police Station 07. Synthetic demonstration record.
138,400051043202600001,202600001,2026-03-21,5259,1043,3,2,3,9,3,7005,2026-03-21 19:41:00,2026-03-21 21:40:00,2026-03-21 22:37:00,12.987338,77.599237,Sexual Harassment reported in Bengaluru Urban; registered at Bengaluru Urban Police Station 03. Synthetic demonstration record.
139,100171161202200001,202200001,2022-04-28,5226,1161,1,2,2,7,5,7017,2022-04-28 01:51:00,2022-04-28 02:07:00,2022-04-28 02:43:00,17.364661,76.803697,House Theft reported in Kalaburagi; registered at Kalaburagi Police Station 01. Synthetic demonstration record.
140,100151147202500001,202500001,2025-12-03,5160,1147,1,2,5,14,1,7015,2025-12-03 17:22:00,2025-12-03 19:00:00,2025-12-03 19:35:00,13.034655,76.096152,NDPS Possession reported in Hassan; registered at Hassan Police Station 07. Synthetic demonstration record.
141,800041040202200001,202200001,2022-04-15,5542,1040,4,1,2,4,5,7004,2022-04-15 19:26:00,2022-04-15 20:26:00,2022-04-15 22:06:00,13.323537,77.695707,Robbery reported in Bengaluru Rural; registered at Bengaluru Rural Police Station 10. Synthetic demonstration record.
142,100091087202200001,202200001,2022-11-30,5441,1087,1,2,4,12,2,7009,2022-11-28 19:27:00,2022-11-28 20:32:00,2022-11-28 21:37:00,13.283553,75.821206,Identity Theft reported in Chikkamagaluru; registered at Chikkamagaluru Police Station 07. Synthetic demonstration record.
143,100191190202200001,202200001,2022-08-15,5348,1190,1,2,8,20,1,7019,2022-08-14 21:40:00,2022-08-15 00:13:00,2022-08-15 01:34:00,13.130634,78.123482,Hit and Run reported in Kolar; registered at Kolar Police Station 10. Synthetic demonstration record.
144,100061059202500001,202500001,2025-08-13,5134,1059,1,2,4,12,1,7006,2025-08-11 09:49:00,2025-08-11 12:05:00,2025-08-11 13:30:00,17.876042,77.558918,Identity Theft reported in Bidar; registered at Bidar Police Station 09. Synthetic demonstration record.
145,100211203202300002,202300002,2023-06-06,5223,1203,1,2,3,9,5,7021,2023-06-04 19:42:00,2023-06-04 22:28:00,2023-06-04 23:35:00,12.557819,76.952251,Sexual Harassment reported in Mandya; registered at Mandya Police Station 03. Synthetic demonstration record.
146,300231227202400001,202400001,2024-09-09,5158,1227,2,2,3,8,1,7023,2024-09-07 03:48:00,2024-09-07 05:46:00,2024-09-07 07:30:00,16.221651,77.388,Domestic Violence reported in Raichur; registered at Raichur Police Station 07. Synthetic demonstration record.
147,100251245202600001,202600001,2026-06-23,5080,1245,1,2,7,18,2,7025,2026-06-23 15:44:00,2026-06-23 18:27:00,2026-06-23 19:20:00,13.950835,75.575716,Cheating reported in Shivamogga; registered at Shivamogga Police Station 05. Synthetic demonstration record.
148,100161154202200001,202200001,2022-03-18,5405,1154,1,2,4,11,3,7016,2022-03-18 21:53:00,2022-03-18 22:57:00,2022-03-19 00:19:00,14.808313,75.426481,Online Fraud reported in Haveri; registered at Haveri Police Station 04. Synthetic demonstration record.
149,100221211202600001,202600001,2026-07-11,5489,1211,1,2,6,16,1,7022,2026-07-09 08:29:00,2026-07-09 10:33:00,2026-07-09 12:07:00,12.334778,76.585688,Rioting reported in Mysuru; registered at Mysuru Police Station 01. Synthetic demonstration record.
150,100031024202200001,202200001,2022-04-14,5032,1024,1,2,2,6,3,7003,2022-04-14 21:37:00,2022-04-14 23:54:00,2022-04-15 00:38:00,15.848961,74.522895,Vehicle Theft reported in Belagavi; registered at Belagavi Police Station 04. Synthetic demonstration record.
151,100311305202300001,202300001,2023-07-31,5320,1305,1,2,3,9,3,7031,2023-07-31 18:48:00,2023-07-31 21:43:00,2023-07-31 22:18:00,15.318773,76.49075,Sexual Harassment reported in Vijayanagara; registered at Vijayanagara Police Station 05. Synthetic demonstration record.
152,100161153202600001,202600001,2026-03-18,5062,1153,1,2,2,6,1,7016,2026-03-17 18:14:00,2026-03-17 20:00:00,2026-03-17 21:39:00,14.792976,75.428165,Vehicle Theft reported in Haveri; registered at Haveri Police Station 03. Synthetic demonstration record.
153,100271269202500001,202500001,2025-08-25,5387,1269,1,2,2,5,3,7027,2025-08-23 23:36:00,2025-08-24 00:37:00,2025-08-24 02:18:00,13.344241,74.69543,Burglary reported in Udupi; registered at Udupi Police Station 09. Synthetic demonstration record.
154,100021020202200001,202200001,2022-11-06,5482,1020,1,2,3,8,1,7002,2022-11-04 00:00:00,2022-11-04 00:31:00,2022-11-04 00:36:00,15.075306,76.948847,Domestic Violence reported in Ballari; registered at Ballari Police Station 10. Synthetic demonstration record.
155,100111107202400001,202400001,2024-04-03,5503,1107,1,2,3,8,1,7011,2024-04-01 03:02:00,2024-04-01 05:22:00,2024-04-01 05:30:00,12.867469,74.897993,Domestic Violence reported in Dakshina Kannada; registered at Dakshina Kannada Police Station 07. Synthetic demonstration record.
156,100111104202500001,202500001,2025-05-15,5519,1104,1,2,3,8,5,7011,2025-05-14 05:12:00,2025-05-14 06:22:00,2025-05-14 07:32:00,12.882308,74.833273,Domestic Violence reported in Dakshina Kannada; registered at Dakshina Kannada Police Station 04. Synthetic demonstration record.
157,100011009202400001,202400001,2024-12-21,5531,1009,1,2,2,7,2,7001,2024-12-21 22:38:00,2024-12-22 01:24:00,2024-12-22 02:22:00,16.121141,75.704729,House Theft reported in Bagalkot; registered at Bagalkot Police Station 09. Synthetic demonstration record.
158,100151148202600001,202600001,2026-06-15,5566,1148,1,2,4,12,1,7015,2026-06-14 15:02:00,2026-06-14 15:36:00,2026-06-14 16:36:00,12.974018,76.130096,Identity Theft reported in Hassan; registered at Hassan Police Station 08. Synthetic demonstration record.
159,100111102202200001,202200001,2022-02-04,5211,1102,1,2,7,19,2,7011,2022-02-03 12:12:00,2022-02-03 15:01:00,2022-02-03 15:38:00,12.96529,74.818733,Forgery reported in Dakshina Kannada; registered at Dakshina Kannada Police Station 02. Synthetic demonstration record.
160,100231224202400001,202400001,2024-02-17,5240,1224,1,2,4,12,2,7023,2024-02-15 19:44:00,2024-02-15 21:23:00,2024-02-15 22:28:00,16.198729,77.358399,Identity Theft reported in Raichur; registered at Raichur Police Station 04. Synthetic demonstration record.
161,100191181202500001,202500001,2025-04-16,5401,1181,1,2,2,7,1,7019,2025-04-14 01:55:00,2025-04-14 03:02:00,2025-04-14 04:54:00,13.175271,78.09824,House Theft reported in Kolar; registered at Kolar Police Station 01. Synthetic demonstration record.
162,100051044202300001,202300001,2023-12-04,5312,1044,1,2,3,9,5,7005,2023-12-02 20:57:00,2023-12-02 22:31:00,2023-12-02 22:43:00,12.978485,77.608194,Sexual Harassment reported in Bengaluru Urban; registered at Bengaluru Urban Police Station 04. Synthetic demonstration record.
163,100211207202400001,202400001,2024-10-14,5064,1207,1,2,8,20,5,7021,2024-10-13 03:00:00,2024-10-13 05:29:00,2024-10-13 06:33:00,12.538691,76.905795,Hit and Run reported in Mandya; registered at Mandya Police Station 07. Synthetic demonstration record.
164,100181171202500001,202500001,2025-07-25,5579,1171,1,2,4,12,1,7018,2025-07-25 09:33:00,2025-07-25 09:54:00,2025-07-25 10:12:00,12.276709,75.86402,Identity Theft reported in Kodagu; registered at Kodagu Police Station 01. Synthetic demonstration record.
165,100211208202500001,202500001,2025-04-09,5316,1208,1,2,3,8,2,7021,2025-04-07 10:27:00,2025-04-07 12:26:00,2025-04-07 14:10:00,12.526435,76.844019,Domestic Violence reported in Mandya; registered at Mandya Police Station 08. Synthetic demonstration record.
166,100261251202200001,202200001,2022-09-26,5169,1251,1,2,7,18,1,7026,2022-09-24 21:21:00,2022-09-24 23:46:00,2022-09-25 00:16:00,13.314286,77.108029,Cheating reported in Tumakuru; registered at Tumakuru Police Station 01. Synthetic demonstration record.
167,100111106202600001,202600001,2026-02-15,5362,1106,1,2,2,5,2,7011,2026-02-14 01:00:00,2026-02-14 02:43:00,2026-02-14 03:55:00,12.903762,74.834486,Burglary reported in Dakshina Kannada; registered at Dakshina Kannada Police Station 06. Synthetic demonstration record.
168,100051050202400002,202400002,2024-10-23,5125,1050,1,2,4,11,1,7005,2024-10-21 18:45:00,2024-10-21 19:19:00,2024-10-21 20:11:00,12.980211,77.643759,Online Fraud reported in Bengaluru Urban; registered at Bengaluru Urban Police Station 10. Synthetic demonstration record.
169,400181176202400001,202400001,2024-09-23,5417,1176,3,2,2,6,2,7018,2024-09-23 17:04:00,2024-09-23 17:19:00,2024-09-23 18:47:00,12.351017,75.807274,Vehicle Theft reported in Kodagu; registered at Kodagu Police Station 06. Synthetic demonstration record.
170,100311303202600001,202600001,2026-05-22,5085,1303,1,2,4,11,3,7031,2026-05-20 16:01:00,2026-05-20 17:05:00,2026-05-20 18:27:00,15.367856,76.445069,Online Fraud reported in Vijayanagara; registered at Vijayanagara Police Station 03. Synthetic demonstration record.
171,100051042202200001,202200001,2022-08-21,5300,1042,1,2,2,6,3,7005,2022-08-21 17:35:00,2022-08-21 18:37:00,2022-08-21 19:53:00,12.957294,77.597385,Vehicle Theft reported in Bengaluru Urban; registered at Bengaluru Urban Police Station 02. Synthetic demonstration record.
172,100121111202300001,202300001,2023-04-29,5335,1111,1,2,4,11,1,7012,2023-04-27 16:43:00,2023-04-27 18:30:00,2023-04-27 19:28:00,14.474681,75.88768,Online Fraud reported in Davanagere; registered at Davanagere Police Station 01. Synthetic demonstration record.
173,300251247202500001,202500001,2025-04-10,5481,1247,2,2,2,7,3,7025,2025-04-09 23:18:00,2025-04-10 00:38:00,2025-04-10 00:52:00,13.927519,75.540805,House Theft reported in Shivamogga; registered at Shivamogga Police Station 07. Synthetic demonstration record.
174,400021015202200001,202200001,2022-06-08,5019,1015,3,2,1,3,5,7002,2022-06-06 06:50:00,2022-06-06 08:51:00,2022-06-06 09:44:00,15.167252,76.911711,Assault reported in Ballari; registered at Ballari Police Station 05. Synthetic demonstration record.
175,100301295202400002,202400002,2024-07-21,5180,1295,1,2,7,19,3,7030,2024-07-19 11:44:00,2024-07-19 12:09:00,2024-07-19 12:48:00,16.767186,77.164804,Forgery reported in Yadgir; registered at Yadgir Police Station 05. Synthetic demonstration record.
176,100181174202400001,202400001,2024-01-11,5209,1174,1,2,4,13,3,7018,2024-01-10 17:59:00,2024-01-10 19:43:00,2024-01-10 20:35:00,12.348915,75.821581,Cyber Stalking reported in Kodagu; registered at Kodagu Police Station 04. Synthetic demonstration record.
177,100221219202300001,202300001,2023-12-11,5054,1219,1,1,5,15,1,7022,2023-12-10 15:05:00,2023-12-10 16:08:00,2023-12-10 18:02:00,12.244997,76.69606,Drug Trafficking reported in Mysuru; registered at Mysuru Police Station 09. Synthetic demonstration record.
178,100311309202400001,202400001,2024-01-11,5583,1309,1,2,4,11,2,7031,2024-01-11 12:36:00,2024-01-11 14:34:00,2024-01-11 16:03:00,15.281829,76.511814,Online Fraud reported in Vijayanagara; registered at Vijayanagara Police Station 09. Synthetic demonstration record.
179,100181177202400001,202400001,2024-01-15,5402,1177,1,2,7,18,1,7018,2024-01-13 14:10:00,2024-01-13 16:22:00,2024-01-13 17:52:00,12.294662,75.846702,Cheating reported in Kodagu; registered at Kodagu Police Station 07. Synthetic demonstration record.
180,100141133202400002,202400002,2024-05-23,5205,1133,1,2,3,8,1,7014,2024-05-23 11:44:00,2024-05-23 12:06:00,2024-05-23 13:46:00,15.474451,75.700851,Domestic Violence reported in Gadag; registered at Gadag Police Station 03. Synthetic demonstration record.
181,100081073202300001,202300001,2023-07-16,5528,1073,1,2,1,3,1,7008,2023-07-14 15:08:00,2023-07-14 15:46:00,2023-07-14 17:34:00,13.387354,77.763975,Assault reported in Chikkaballapur; registered at Chikkaballapur Police Station 03. Synthetic demonstration record.
182,100111109202300001,202300001,2023-11-05,5341,1109,1,2,1,3,5,7011,2023-11-03 12:29:00,2023-11-03 13:56:00,2023-11-03 14:06:00,12.868502,74.870673,Assault reported in Dakshina Kannada; registered at Dakshina Kannada Police Station 09. Synthetic demonstration record.
183,100051042202400002,202400002,2024-02-26,5300,1042,1,2,4,12,1,7005,2024-02-24 21:01:00,2024-02-24 22:29:00,2024-02-25 00:11:00,12.988913,77.608054,Identity Theft reported in Bengaluru Urban; registered at Bengaluru Urban Police Station 02. Synthetic demonstration record.
184,100241233202500001,202500001,2025-12-14,5457,1233,1,2,6,17,1,7024,2025-12-13 13:45:00,2025-12-13 16:06:00,2025-12-13 16:57:00,12.711262,77.273132,Unlawful Assembly reported in Ramanagara; registered at Ramanagara Police Station 03. Synthetic demonstration record.
185,100271261202600001,202600001,2026-03-06,5289,1261,1,2,4,11,5,7027,2026-03-04 15:00:00,2026-03-04 17:47:00,2026-03-04 18:05:00,13.36178,74.758102,Online Fraud reported in Udupi; registered at Udupi Police Station 01. Synthetic demonstration record.
186,100131127202300001,202300001,2023-06-20,5346,1127,1,1,5,15,1,7013,2023-06-19 21:27:00,2023-06-19 22:41:00,2023-06-20 00:34:00,15.437261,75.065395,Drug Trafficking reported in Dharwad; registered at Dharwad Police Station 07. Synthetic demonstration record.
187,100081078202200001,202200001,2022-12-24,5100,1078,1,2,4,11,2,7008,2022-12-22 12:14:00,2022-12-22 14:22:00,2022-12-22 15:51:00,13.407715,77.765966,Online Fraud reported in Chikkaballapur; registered at Chikkaballapur Police Station 08. Synthetic demonstration record.
188,100221215202500001,202500001,2025-10-07,5563,1215,1,2,2,7,4,7022,2025-10-05 01:00:00,2025-10-05 02:03:00,2025-10-05 02:54:00,12.309861,76.689304,House Theft reported in Mysuru; registered at Mysuru Police Station 05. Synthetic demonstration record.
189,100251243202200002,202200002,2022-10-14,5456,1243,1,2,7,18,2,7025,2022-10-13 09:31:00,2022-10-13 09:45:00,2022-10-13 10:10:00,13.923583,75.619376,Cheating reported in Shivamogga; registered at Shivamogga Police Station 03. Synthetic demonstration record.
190,100111107202500001,202500001,2025-08-11,5503,1107,1,2,7,18,3,7011,2025-08-09 10:46:00,2025-08-09 13:01:00,2025-08-09 14:14:00,12.911484,74.826596,Cheating reported in Dakshina Kannada; registered at Dakshina Kannada Police Station 07. Synthetic demonstration record.
191,300231222202400001,202400001,2024-10-20,5010,1222,2,2,3,8,2,7023,2024-10-18 15:53:00,2024-10-18 17:14:00,2024-10-18 18:48:00,16.246381,77.363348,Domestic Violence reported in Raichur; registered at Raichur Police Station 02. Synthetic demonstration record.
192,100261252202200001,202200001,2022-06-07,5330,1252,1,2,4,11,2,7026,2022-06-06 16:34:00,2022-06-06 18:26:00,2022-06-06 20:06:00,13.3563,77.114566,Online Fraud reported in Tumakuru; registered at Tumakuru Police Station 02. Synthetic demonstration record.
193,100051049202400002,202400002,2024-02-24,5561,1049,1,2,4,11,1,7005,2024-02-23 12:59:00,2024-02-23 15:05:00,2024-02-23 15:40:00,12.964782,77.611946,Online Fraud reported in Bengaluru Urban; registered at Bengaluru Urban Police Station 09. Synthetic demonstration record.
194,100131128202200001,202200001,2022-04-11,5393,1128,1,2,2,7,3,7013,2022-04-11 22:30:00,2022-04-11 23:37:00,2022-04-12 00:49:00,15.49179,75.009395,House Theft reported in Dharwad; registered at Dharwad Police Station 08. Synthetic demonstration record.
195,100191186202200001,202200001,2022-09-02,5486,1186,1,2,7,18,3,7019,2022-09-01 17:38:00,2022-09-01 18:40:00,2022-09-01 19:13:00,13.125437,78.191789,Cheating reported in Kolar; registered at Kolar Police Station 06. Synthetic demonstration record.
196,100121113202200001,202200001,2022-11-10,5083,1113,1,1,5,15,3,7012,2022-11-10 00:26:00,2022-11-10 03:00:00,2022-11-10 04:52:00,14.461494,75.88738,Drug Trafficking reported in Davanagere; registered at Davanagere Police Station 03. Synthetic demonstration record.
197,100111110202400001,202400001,2024-05-29,5163,1110,1,2,4,13,1,7011,2024-05-28 10:11:00,2024-05-28 12:57:00,2024-05-28 13:41:00,12.904791,74.866929,Cyber Stalking reported in Dakshina Kannada; registered at Dakshina Kannada Police Station 10. Synthetic demonstration record.
198,100211205202500001,202500001,2025-11-08,5128,1205,1,2,7,18,1,7021,2025-11-07 11:11:00,2025-11-07 13:33:00,2025-11-07 15:21:00,12.514482,76.915103,Cheating reported in Mandya; registered at Mandya Police Station 05. Synthetic demonstration record.
199,100131124202200001,202200001,2022-10-31,5245,1124,1,2,4,11,3,7013,2022-10-30 13:27:00,2022-10-30 15:21:00,2022-10-30 15:46:00,15.476159,75.008618,Online Fraud reported in Dharwad; registered at Dharwad Police Station 04. Synthetic demonstration record.
200,100231226202200001,202200001,2022-09-12,5504,1226,1,2,2,6,2,7023,2022-09-10 21:31:00,2022-09-10 22:24:00,2022-09-10 23:33:00,16.229695,77.330844,Vehicle Theft reported in Raichur; registered at Raichur Police Station 06. Synthetic demonstration record.
201,100161156202600001,202600001,2026-06-26,5284,1156,1,1,2,4,3,7016,2026-06-24 19:27:00,2026-06-24 21:25:00,2026-06-24 22:39:00,14.775939,75.381728,Robbery reported in Haveri; registered at Haveri Police Station 06. Synthetic demonstration record.
202,100221218202300001,202300001,2023-11-28,5103,1218,1,2,4,11,1,7022,2023-11-26 11:44:00,2023-11-26 13:23:00,2023-11-26 13:59:00,12.2262,76.673582,Online Fraud reported in Mysuru; registered at Mysuru Police Station 08. Synthetic demonstration record.
203,100051047202400001,202400001,2024-03-12,5186,1047,1,2,4,11,5,7005,2024-03-11 13:57:00,2024-03-11 16:18:00,2024-03-11 16:56:00,12.911626,77.606005,Online Fraud reported in Bengaluru Urban; registered at Bengaluru Urban Police Station 07. Synthetic demonstration record.
204,100101095202600001,202600001,2026-04-04,5195,1095,1,2,4,13,2,7010,2026-04-02 12:10:00,2026-04-02 15:09:00,2026-04-02 16:31:00,14.207684,76.375604,Cyber Stalking reported in Chitradurga; registered at Chitradurga Police Station 05. Synthetic demonstration record.
205,100111101202200002,202200002,2022-03-21,5470,1101,1,2,4,11,1,7011,2022-03-21 16:45:00,2022-03-21 19:19:00,2022-03-21 20:41:00,12.922445,74.830075,Online Fraud reported in Dakshina Kannada; registered at Dakshina Kannada Police Station 01. Synthetic demonstration record.
206,100181174202500001,202500001,2025-06-09,5209,1174,1,1,2,4,5,7018,2025-06-09 20:26:00,2025-06-09 22:30:00,2025-06-10 00:12:00,12.370796,75.771942,Robbery reported in Kodagu; registered at Kodagu Police Station 04. Synthetic demonstration record.
207,800171167202500001,202500001,2025-04-11,5578,1167,4,1,2,4,1,7017,2025-04-11 19:19:00,2025-04-11 21:49:00,2025-04-11 22:25:00,17.337128,76.799626,Robbery reported in Kalaburagi; registered at Kalaburagi Police Station 07. Synthetic demonstration record.
208,100101096202500001,202500001,2025-06-27,5409,1096,1,2,4,11,2,7010,2025-06-27 15:57:00,2025-06-27 17:42:00,2025-06-27 19:36:00,14.227027,76.361803,Online Fraud reported in Chitradurga; registered at Chitradurga Police Station 06. Synthetic demonstration record.
209,100131126202200001,202200001,2022-01-20,5100,1126,1,2,2,7,2,7013,2022-01-19 02:52:00,2022-01-19 04:09:00,2022-01-19 04:20:00,15.456223,75.049537,House Theft reported in Dharwad; registered at Dharwad Police Station 06. Synthetic demonstration record.
210,100311307202300001,202300001,2023-04-09,5256,1307,1,2,4,11,2,7031,2023-04-08 20:41:00,2023-04-08 23:27:00,2023-04-08 23:42:00,15.331847,76.524609,Online Fraud reported in Vijayanagara; registered at Vijayanagara Police Station 07. Synthetic demonstration record.
211,100261253202400001,202400001,2024-10-21,5411,1253,1,2,2,5,1,7026,2024-10-20 00:08:00,2024-10-20 01:03:00,2024-10-20 01:38:00,13.295318,77.115281,Burglary reported in Tumakuru; registered at Tumakuru Police Station 03. Synthetic demonstration record.
212,100291283202400001,202400001,2024-02-19,5534,1283,1,1,2,4,5,7029,2024-02-17 18:26:00,2024-02-17 18:54:00,2024-02-17 19:36:00,16.854326,75.742949,Robbery reported in Vijayapura; registered at Vijayapura Police Station 03. Synthetic demonstration record.
213,100141137202300001,202300001,2023-03-02,5445,1137,1,2,1,3,1,7014,2023-03-01 19:44:00,2023-03-01 21:22:00,2023-03-01 21:30:00,15.374563,75.672467,Assault reported in Gadag; registered at Gadag Police Station 07. Synthetic demonstration record.
214,100301300202400002,202400002,2024-05-11,5592,1300,1,1,1,2,5,7030,2024-05-09 08:16:00,2024-05-09 08:55:00,2024-05-09 10:42:00,16.739026,77.1606,Attempt to Murder reported in Yadgir; registered at Yadgir Police Station 10. Synthetic demonstration record.
215,100231226202300001,202300001,2023-05-21,5060,1226,1,2,8,20,5,7023,2023-05-19 19:16:00,2023-05-19 20:10:00,2023-05-19 21:54:00,16.237932,77.386668,Hit and Run reported in Raichur; registered at Raichur Police Station 06. Synthetic demonstration record.
216,100031024202300001,202300001,2023-01-26,5032,1024,1,2,2,5,4,7003,2023-01-24 00:52:00,2023-01-24 03:32:00,2023-01-24 03:41:00,15.877041,74.507113,Burglary reported in Belagavi; registered at Belagavi Police Station 04. Synthetic demonstration record.
217,400041033202400001,202400001,2024-06-06,5531,1033,3,2,2,5,1,7004,2024-06-04 23:00:00,2024-06-05 01:37:00,2024-06-05 02:36:00,13.293862,77.647538,Burglary reported in Bengaluru Rural; registered at Bengaluru Rural Police Station 03. Synthetic demonstration record.
218,100041038202200001,202200001,2022-02-11,5097,1038,1,2,2,7,1,7004,2022-02-10 23:18:00,2022-02-11 01:11:00,2022-02-11 02:36:00,13.256732,77.696721,House Theft reported in Bengaluru Rural; registered at Bengaluru Rural Police Station 08. Synthetic demonstration record.
219,100221211202200001,202200001,2022-08-26,5124,1211,1,2,8,20,2,7022,2022-08-24 22:25:00,2022-08-24 23:47:00,2022-08-25 00:09:00,12.289094,76.66865,Hit and Run reported in Mysuru; registered at Mysuru Police Station 01. Synthetic demonstration record.
220,100291285202300001,202300001,2023-09-23,5239,1285,1,2,3,8,1,7029,2023-09-23 10:06:00,2023-09-23 10:27:00,2023-09-23 11:26:00,16.842106,75.68593,Domestic Violence reported in Vijayapura; registered at Vijayapura Police Station 05. Synthetic demonstration record.
221,100181177202500002,202500002,2025-01-27,5085,1177,1,2,8,20,4,7018,2025-01-26 11:00:00,2025-01-26 12:59:00,2025-01-26 13:10:00,12.335581,75.788215,Hit and Run reported in Kodagu; registered at Kodagu Police Station 07. Synthetic demonstration record.
222,100131128202600001,202600001,2026-03-11,5488,1128,1,2,4,12,2,7013,2026-03-11 16:57:00,2026-03-11 19:26:00,2026-03-11 21:25:00,15.489703,75.013516,Identity Theft reported in Dharwad; registered at Dharwad Police Station 08. Synthetic demonstration record.
223,100301292202500001,202500001,2025-11-15,5066,1292,1,2,4,12,1,7030,2025-11-15 16:29:00,2025-11-15 17:11:00,2025-11-15 18:28:00,16.807418,77.085501,Identity Theft reported in Yadgir; registered at Yadgir Police Station 02. Synthetic demonstration record.
224,100011007202500001,202500001,2025-06-15,5465,1007,1,2,2,7,2,7001,2025-06-15 23:19:00,2025-06-16 01:04:00,2025-06-16 02:23:00,16.130457,75.749779,House Theft reported in Bagalkot; registered at Bagalkot Police Station 07. Synthetic demonstration record.
225,100011003202400001,202400001,2024-12-28,5516,1003,1,2,7,18,2,7001,2024-12-28 15:54:00,2024-12-28 17:08:00,2024-12-28 18:13:00,16.163122,75.690758,Cheating reported in Bagalkot; registered at Bagalkot Police Station 03. Synthetic demonstration record.
226,100271263202300001,202300001,2023-06-23,5210,1263,1,2,2,6,3,7027,2023-06-22 19:27:00,2023-06-22 21:49:00,2023-06-22 22:53:00,13.314313,74.752885,Vehicle Theft reported in Udupi; registered at Udupi Police Station 03. Synthetic demonstration record.
227,100281271202200001,202200001,2022-09-16,5307,1271,1,2,3,9,2,7028,2022-09-16 18:03:00,2022-09-16 18:16:00,2022-09-16 18:41:00,14.762461,74.178067,Sexual Harassment reported in Uttara Kannada; registered at Uttara Kannada Police Station 01. Synthetic demonstration record.
228,100091088202600001,202600001,2026-05-03,5545,1088,1,2,2,5,3,7009,2026-05-02 02:25:00,2026-05-02 03:17:00,2026-05-02 05:11:00,13.247559,75.772219,Burglary reported in Chikkamagaluru; registered at Chikkamagaluru Police Station 08. Synthetic demonstration record.
229,100141134202200001,202200001,2022-05-06,5031,1134,1,2,3,9,1,7014,2022-05-05 18:38:00,2022-05-05 21:34:00,2022-05-05 23:32:00,15.438824,75.620334,Sexual Harassment reported in Gadag; registered at Gadag Police Station 04. Synthetic demonstration record.
230,100051047202500001,202500001,2025-05-02,5600,1047,1,2,4,11,1,7005,2025-05-01 10:41:00,2025-05-01 13:12:00,2025-05-01 13:39:00,12.994963,77.620902,Online Fraud reported in Bengaluru Urban; registered at Bengaluru Urban Police Station 07. Synthetic demonstration record.
231,100221215202500002,202500002,2025-09-03,5464,1215,1,2,4,12,3,7022,2025-09-02 19:39:00,2025-09-02 21:47:00,2025-09-02 21:53:00,12.313204,76.621186,Identity Theft reported in Mysuru; registered at Mysuru Police Station 05. Synthetic demonstration record.
232,100031025202500001,202500001,2025-01-28,5591,1025,1,2,3,8,5,7003,2025-01-27 11:36:00,2025-01-27 12:10:00,2025-01-27 13:12:00,15.907433,74.468717,Domestic Violence reported in Belagavi; registered at Belagavi Police Station 05. Synthetic demonstration record.
233,100051050202300002,202300002,2023-10-15,5125,1050,1,2,4,12,5,7005,2023-10-15 14:29:00,2023-10-15 15:02:00,2023-10-15 15:55:00,12.993088,77.617871,Identity Theft reported in Bengaluru Urban; registered at Bengaluru Urban Police Station 10. Synthetic demonstration record.
234,800151144202500001,202500001,2025-11-07,5409,1144,4,2,4,13,2,7015,2025-11-07 17:13:00,2025-11-07 19:29:00,2025-11-07 20:03:00,12.998896,76.145007,Cyber Stalking reported in Hassan; registered at Hassan Police Station 04. Synthetic demonstration record.
235,100131126202400001,202400001,2024-08-06,5058,1126,1,2,7,18,1,7013,2024-08-06 21:53:00,2024-08-06 22:14:00,2024-08-06 22:42:00,15.478296,74.987316,Cheating reported in Dharwad; registered at Dharwad Police Station 06. Synthetic demonstration record.
236,100051050202600001,202600001,2026-05-01,5450,1050,1,2,2,5,5,7005,2026-04-30 22:49:00,2026-04-30 23:44:00,2026-05-01 01:12:00,12.952037,77.623968,Burglary reported in Bengaluru Urban; registered at Bengaluru Urban Police Station 10. Synthetic demonstration record.
237,100051046202300001,202300001,2023-06-26,5224,1046,1,2,4,11,2,7005,2023-06-26 12:05:00,2023-06-26 13:41:00,2023-06-26 14:27:00,12.941509,77.589295,Online Fraud reported in Bengaluru Urban; registered at Bengaluru Urban Police Station 06. Synthetic demonstration record.
238,100301292202200001,202200001,2022-03-06,5066,1292,1,2,5,14,3,7030,2022-03-06 16:06:00,2022-03-06 18:12:00,2022-03-06 18:31:00,16.770203,77.120071,NDPS Possession reported in Yadgir; registered at Yadgir Police Station 02. Synthetic demonstration record.
239,100051046202300002,202300002,2023-08-28,5596,1046,1,2,4,13,4,7005,2023-08-27 14:00:00,2023-08-27 14:25:00,2023-08-27 16:16:00,12.947936,77.621377,Cyber Stalking reported in Bengaluru Urban; registered at Bengaluru Urban Police Station 06. Synthetic demonstration record.
240,100311310202600001,202600001,2026-04-30,5567,1310,1,2,1,3,3,7031,2026-04-29 22:57:00,2026-04-29 23:25:00,2026-04-30 00:11:00,15.327045,76.512042,Assault reported in Vijayanagara; registered at Vijayanagara Police Station 10. Synthetic demonstration record.
241,100011002202200001,202200001,2022-02-11,5434,1002,1,2,4,12,3,7001,2022-02-11 14:54:00,2022-02-11 15:39:00,2022-02-11 15:46:00,16.2184,75.676004,Identity Theft reported in Bagalkot; registered at Bagalkot Police Station 02. Synthetic demonstration record.
242,300041031202200001,202200001,2022-09-11,5440,1031,2,1,2,4,1,7004,2022-09-09 20:44:00,2022-09-09 22:16:00,2022-09-09 22:56:00,13.265469,77.672949,Robbery reported in Bengaluru Rural; registered at Bengaluru Rural Police Station 01. Synthetic demonstration record.
243,100111104202600001,202600001,2026-04-23,5475,1104,1,1,5,15,3,7011,2026-04-21 00:36:00,2026-04-21 01:08:00,2026-04-21 01:22:00,12.892842,74.893535,Drug Trafficking reported in Dakshina Kannada; registered at Dakshina Kannada Police Station 04. Synthetic demonstration record.
244,100221212202300002,202300002,2023-12-18,5204,1212,1,2,2,7,2,7022,2023-12-18 22:55:00,2023-12-19 00:09:00,2023-12-19 00:37:00,12.337446,76.668838,House Theft reported in Mysuru; registered at Mysuru Police Station 02. Synthetic demonstration record.
245,100271267202200001,202200001,2022-07-01,5257,1267,1,2,2,6,1,7027,2022-06-29 18:14:00,2022-06-29 18:37:00,2022-06-29 18:47:00,13.350087,74.722283,Vehicle Theft reported in Udupi; registered at Udupi Police Station 07. Synthetic demonstration record.
246,300091082202300001,202300001,2023-09-15,5515,1082,2,2,7,18,2,7009,2023-09-13 17:43:00,2023-09-13 20:14:00,2023-09-13 20:57:00,13.336645,75.754643,Cheating reported in Chikkamagaluru; registered at Chikkamagaluru Police Station 02. Synthetic demonstration record.
247,100051045202200001,202200001,2022-11-05,5419,1045,1,2,3,8,5,7005,2022-11-04 08:55:00,2022-11-04 09:30:00,2022-11-04 10:18:00,12.989707,77.58416,Domestic Violence reported in Bengaluru Urban; registered at Bengaluru Urban Police Station 05. Synthetic demonstration record.
248,100051048202300001,202300001,2023-11-22,5087,1048,1,2,4,11,1,7005,2023-11-22 10:26:00,2023-11-22 11:10:00,2023-11-22 12:51:00,12.942387,77.593428,Online Fraud reported in Bengaluru Urban; registered at Bengaluru Urban Police Station 08. Synthetic demonstration record.
249,800311301202200001,202200001,2022-03-20,5106,1301,4,2,5,14,3,7031,2022-03-20 00:05:00,2022-03-20 02:48:00,2022-03-20 03:29:00,15.326396,76.462369,NDPS Possession reported in Vijayanagara; registered at Vijayanagara Police Station 01. Synthetic demonstration record.
250,100311309202400002,202400002,2024-09-12,5583,1309,1,2,2,6,3,7031,2024-09-12 17:28:00,2024-09-12 19:03:00,2024-09-12 20:25:00,15.319434,76.479888,Vehicle Theft reported in Vijayanagara; registered at Vijayanagara Police Station 09. Synthetic demonstration record.
251,100091083202300001,202300001,2023-03-20,5185,1083,1,1,1,1,2,7009,2023-03-20 13:29:00,2023-03-20 16:06:00,2023-03-20 16:34:00,13.295166,75.817013,Murder reported in Chikkamagaluru; registered at Chikkamagaluru Police Station 03. Synthetic demonstration record.
252,100171168202200001,202200001,2022-06-21,5133,1168,1,2,1,3,5,7017,2022-06-20 08:43:00,2022-06-20 10:25:00,2022-06-20 11:56:00,17.38118,76.836632,Assault reported in Kalaburagi; registered at Kalaburagi Police Station 08. Synthetic demonstration record.
253,100141134202300001,202300001,2023-07-09,5031,1134,1,2,3,8,3,7014,2023-07-08 10:12:00,2023-07-08 12:52:00,2023-07-08 14:03:00,15.402914,75.669408,Domestic Violence reported in Gadag; registered at Gadag Police Station 04. Synthetic demonstration record.
254,100251245202200002,202200002,2022-07-09,5080,1245,1,2,2,6,1,7025,2022-07-07 20:17:00,2022-07-07 20:40:00,2022-07-07 22:06:00,13.926763,75.605,Vehicle Theft reported in Shivamogga; registered at Shivamogga Police Station 05. Synthetic demonstration record.
255,300011007202400001,202400001,2024-01-25,5465,1007,2,2,5,14,2,7001,2024-01-23 03:06:00,2024-01-23 04:47:00,2024-01-23 05:40:00,16.156772,75.714547,NDPS Possession reported in Bagalkot; registered at Bagalkot Police Station 07. Synthetic demonstration record.
256,100191182202600001,202600001,2026-06-08,5301,1182,1,2,3,9,3,7019,2026-06-07 20:59:00,2026-06-07 22:27:00,2026-06-07 23:23:00,13.16584,78.118632,Sexual Harassment reported in Kolar; registered at Kolar Police Station 02. Synthetic demonstration record.
257,100101098202500001,202500001,2025-02-23,5356,1098,1,2,1,3,2,7010,2025-02-22 11:31:00,2025-02-22 13:34:00,2025-02-22 15:16:00,14.240225,76.430217,Assault reported in Chitradurga; registered at Chitradurga Police Station 08. Synthetic demonstration record.
258,100011010202500001,202500001,2025-11-05,5242,1010,1,2,2,6,4,7001,2025-11-05 19:10:00,2025-11-05 19:52:00,2025-11-05 21:14:00,16.163865,75.722224,Vehicle Theft reported in Bagalkot; registered at Bagalkot Police Station 10. Synthetic demonstration record.
259,100081071202300001,202300001,2023-03-15,5013,1071,1,2,7,19,5,7008,2023-03-13 21:42:00,2023-03-13 23:39:00,2023-03-13 23:45:00,13.488539,77.741607,Forgery reported in Chikkaballapur; registered at Chikkaballapur Police Station 01. Synthetic demonstration record.
260,100261260202400001,202400001,2024-10-06,5506,1260,1,2,2,5,1,7026,2024-10-04 22:27:00,2024-10-04 23:25:00,2024-10-05 00:42:00,13.291311,77.142989,Burglary reported in Tumakuru; registered at Tumakuru Police Station 10. Synthetic demonstration record.
261,100021016202200001,202200001,2022-12-06,5565,1016,1,2,2,7,2,7002,2022-12-04 00:12:00,2022-12-04 01:57:00,2022-12-04 02:32:00,15.174049,76.937099,House Theft reported in Ballari; registered at Ballari Police Station 06. Synthetic demonstration record.
262,300041040202500001,202500001,2025-08-15,5424,1040,2,1,2,4,2,7004,2025-08-14 20:57:00,2025-08-14 23:35:00,2025-08-15 01:28:00,13.266779,77.668563,Robbery reported in Bengaluru Rural; registered at Bengaluru Rural Police Station 10. Synthetic demonstration record.
263,100141133202400003,202400003,2024-07-26,5392,1133,1,2,2,7,3,7014,2024-07-24 01:49:00,2024-07-24 03:07:00,2024-07-24 03:30:00,15.436047,75.664704,House Theft reported in Gadag; registered at Gadag Police Station 03. Synthetic demonstration record.
264,100261260202400002,202400002,2024-11-09,5081,1260,1,1,1,2,2,7026,2024-11-09 21:11:00,2024-11-09 22:39:00,2024-11-09 23:44:00,13.339646,77.093948,Attempt to Murder reported in Tumakuru; registered at Tumakuru Police Station 10. Synthetic demonstration record.
265,100101100202500001,202500001,2025-09-23,5531,1100,1,2,4,12,4,7010,2025-09-22 14:31:00,2025-09-22 16:03:00,2025-09-22 17:02:00,14.235584,76.388927,Identity Theft reported in Chitradurga; registered at Chitradurga Police Station 10. Synthetic demonstration record.
266,100041037202200001,202200001,2022-11-08,5416,1037,1,2,7,18,5,7004,2022-11-06 17:17:00,2022-11-06 17:44:00,2022-11-06 19:37:00,13.279594,77.679983,Cheating reported in Bengaluru Rural; registered at Bengaluru Rural Police Station 07. Synthetic demonstration record.
267,100061057202200001,202200001,2022-09-23,5129,1057,1,2,3,8,1,7006,2022-09-23 10:49:00,2022-09-23 13:45:00,2022-09-23 14:47:00,17.911006,77.535765,Domestic Violence reported in Bidar; registered at Bidar Police Station 07. Synthetic demonstration record.
268,100171168202500001,202500001,2025-07-18,5133,1168,1,2,3,8,2,7017,2025-07-16 03:20:00,2025-07-16 03:43:00,2025-07-16 04:26:00,17.262511,76.836329,Domestic Violence reported in Kalaburagi; registered at Kalaburagi Police Station 08. Synthetic demonstration record.
269,100111102202400002,202400002,2024-07-29,5552,1102,1,2,4,11,1,7011,2024-07-29 14:36:00,2024-07-29 17:15:00,2024-07-29 18:49:00,12.94897,74.893487,Online Fraud reported in Dakshina Kannada; registered at Dakshina Kannada Police Station 02. Synthetic demonstration record.
270,100211209202200001,202200001,2022-02-24,5282,1209,1,1,1,2,3,7021,2022-02-23 22:51:00,2022-02-23 23:14:00,2022-02-24 00:07:00,12.548597,76.849674,Attempt to Murder reported in Mandya; registered at Mandya Police Station 09. Synthetic demonstration record.
271,100101096202300001,202300001,2023-07-11,5409,1096,1,2,3,8,5,7010,2023-07-09 19:34:00,2023-07-09 20:18:00,2023-07-09 21:38:00,14.227122,76.423678,Domestic Violence reported in Chitradurga; registered at Chitradurga Police Station 06. Synthetic demonstration record.
272,100191186202200002,202200002,2022-01-29,5486,1186,1,2,2,7,1,7019,2022-01-29 03:14:00,2022-01-29 06:06:00,2022-01-29 06:43:00,13.165619,78.120008,House Theft reported in Kolar; registered at Kolar Police Station 06. Synthetic demonstration record.
273,100071065202300001,202300001,2023-11-03,5514,1065,1,2,7,18,3,7007,2023-11-03 12:53:00,2023-11-03 15:43:00,2023-11-03 16:11:00,11.910114,76.908797,Cheating reported in Chamarajanagar; registered at Chamarajanagar Police Station 05. Synthetic demonstration record.
274,400111107202600001,202600001,2026-01-18,5503,1107,3,2,2,6,5,7011,2026-01-17 18:43:00,2026-01-17 20:03:00,2026-01-17 21:13:00,12.914131,74.878805,Vehicle Theft reported in Dakshina Kannada; registered at Dakshina Kannada Police Station 07. Synthetic demonstration record.
275,100121113202400001,202400001,2024-10-08,5083,1113,1,2,7,18,1,7012,2024-10-06 10:12:00,2024-10-06 12:35:00,2024-10-06 13:08:00,14.421326,75.948152,Cheating reported in Davanagere; registered at Davanagere Police Station 03. Synthetic demonstration record.
276,100071065202300002,202300002,2023-03-21,5344,1065,1,2,3,8,2,7007,2023-03-20 23:42:00,2023-03-21 01:34:00,2023-03-21 02:47:00,11.862728,76.978831,Domestic Violence reported in Chamarajanagar; registered at Chamarajanagar Police Station 05. Synthetic demonstration record.
277,800061055202500001,202500001,2025-12-31,5536,1055,4,2,3,9,3,7006,2025-12-29 18:21:00,2025-12-29 20:18:00,2025-12-29 21:53:00,17.943063,77.558338,Sexual Harassment reported in Bidar; registered at Bidar Police Station 05. Synthetic demonstration record.
278,100131122202200001,202200001,2022-07-22,5153,1122,1,2,3,9,3,7013,2022-07-22 18:36:00,2022-07-22 19:10:00,2022-07-22 20:36:00,15.450852,74.974806,Sexual Harassment reported in Dharwad; registered at Dharwad Police Station 02. Synthetic demonstration record.
279,100151141202200002,202200002,2022-03-01,5228,1141,1,2,7,19,4,7015,2022-03-01 19:37:00,2022-03-01 21:47:00,2022-03-01 23:06:00,12.996866,76.148754,Forgery reported in Hassan; registered at Hassan Police Station 01. Synthetic demonstration record.
280,400051049202500001,202500001,2025-09-20,5582,1049,3,2,4,12,2,7005,2025-09-20 11:11:00,2025-09-20 11:50:00,2025-09-20 13:14:00,12.974275,77.63746,Identity Theft reported in Bengaluru Urban; registered at Bengaluru Urban Police Station 09. Synthetic demonstration record.
281,100301291202200001,202200001,2022-07-22,5385,1291,1,1,2,4,4,7030,2022-07-20 21:55:00,2022-07-21 00:05:00,2022-07-21 00:48:00,16.758072,77.195551,Robbery reported in Yadgir; registered at Yadgir Police Station 01. Synthetic demonstration record.
282,100171166202400001,202400001,2024-01-22,5342,1166,1,2,4,11,5,7017,2024-01-22 19:33:00,2024-01-22 20:18:00,2024-01-22 21:14:00,17.357268,76.794571,Online Fraud reported in Kalaburagi; registered at Kalaburagi Police Station 06. Synthetic demonstration record.
283,100101093202400001,202400001,2024-05-08,5327,1093,1,2,3,8,5,7010,2024-05-07 15:44:00,2024-05-07 16:15:00,2024-05-07 17:44:00,14.240147,76.414355,Domestic Violence reported in Chitradurga; registered at Chitradurga Police Station 03. Synthetic demonstration record.
284,100171165202300001,202300001,2023-11-28,5332,1165,1,2,2,6,3,7017,2023-11-26 18:05:00,2023-11-26 18:41:00,2023-11-26 19:32:00,17.303054,76.850417,Vehicle Theft reported in Kalaburagi; registered at Kalaburagi Police Station 05. Synthetic demonstration record.
285,100221211202300001,202300001,2023-03-21,5078,1211,1,2,7,18,1,7022,2023-03-21 18:52:00,2023-03-21 19:52:00,2023-03-21 19:59:00,12.301943,76.666627,Cheating reported in Mysuru; registered at Mysuru Police Station 01. Synthetic demonstration record.
286,100311303202200002,202200002,2022-09-17,5085,1303,1,2,4,12,2,7031,2022-09-17 19:18:00,2022-09-17 22:05:00,2022-09-17 23:01:00,15.334039,76.429937,Identity Theft reported in Vijayanagara; registered at Vijayanagara Police Station 03. Synthetic demonstration record.
287,100041039202400001,202400001,2024-07-12,5438,1039,1,2,4,11,1,7004,2024-07-10 18:04:00,2024-07-10 19:34:00,2024-07-10 20:21:00,13.277099,77.732332,Online Fraud reported in Bengaluru Rural; registered at Bengaluru Rural Police Station 09. Synthetic demonstration record.
288,100301293202400002,202400002,2024-04-10,5455,1293,1,2,2,7,2,7030,2024-04-10 03:20:00,2024-04-10 03:58:00,2024-04-10 05:51:00,16.795541,77.146604,House Theft reported in Yadgir; registered at Yadgir Police Station 03. Synthetic demonstration record.
289,800221220202300001,202300001,2023-02-18,5276,1220,4,2,8,20,1,7022,2023-02-17 01:40:00,2023-02-17 01:52:00,2023-02-17 03:20:00,12.268733,76.661021,Hit and Run reported in Mysuru; registered at Mysuru Police Station 10. Synthetic demonstration record.
290,100251241202300001,202300001,2023-09-13,5132,1241,1,2,2,6,3,7025,2023-09-11 19:08:00,2023-09-11 19:59:00,2023-09-11 21:07:00,13.94045,75.556,Vehicle Theft reported in Shivamogga; registered at Shivamogga Police Station 01. Synthetic demonstration record.
291,100031021202500002,202500002,2025-01-06,5562,1021,1,2,5,14,1,7003,2025-01-05 06:55:00,2025-01-05 08:35:00,2025-01-05 08:40:00,15.833185,74.500015,NDPS Possession reported in Belagavi; registered at Belagavi Police Station 01. Synthetic demonstration record.
292,100221212202400001,202400001,2024-11-16,5291,1212,1,2,4,11,2,7022,2024-11-15 21:17:00,2024-11-15 23:48:00,2024-11-16 00:11:00,12.298975,76.659314,Online Fraud reported in Mysuru; registered at Mysuru Police Station 02. Synthetic demonstration record.
293,100231228202500001,202500001,2025-12-02,5244,1228,1,2,7,18,1,7023,2025-12-02 11:33:00,2025-12-02 13:55:00,2025-12-02 14:49:00,16.225068,77.349757,Cheating reported in Raichur; registered at Raichur Police Station 08. Synthetic demonstration record.
294,100261260202300001,202300001,2023-10-25,5458,1260,1,2,2,7,1,7026,2023-10-25 23:55:00,2023-10-26 02:45:00,2023-10-26 04:09:00,13.306907,77.131911,House Theft reported in Tumakuru; registered at Tumakuru Police Station 10. Synthetic demonstration record.
295,100051047202500002,202500002,2025-11-04,5186,1047,1,2,4,11,3,7005,2025-11-02 11:53:00,2025-11-02 14:48:00,2025-11-02 16:09:00,12.993156,77.593756,Online Fraud reported in Bengaluru Urban; registered at Bengaluru Urban Police Station 07. Synthetic demonstration record.
296,100151144202600001,202600001,2026-01-20,5298,1144,1,2,2,7,1,7015,2026-01-20 03:27:00,2026-01-20 04:41:00,2026-01-20 05:28:00,13.008336,76.096565,House Theft reported in Hassan; registered at Hassan Police Station 04. Synthetic demonstration record.
297,100021014202400001,202400001,2024-03-21,5275,1014,1,2,2,7,2,7002,2024-03-19 00:33:00,2024-03-19 01:41:00,2024-03-19 03:15:00,15.132414,76.894916,House Theft reported in Ballari; registered at Ballari Police Station 04. Synthetic demonstration record.
298,100031025202500002,202500002,2025-03-29,5591,1025,1,2,2,6,2,7003,2025-03-27 18:20:00,2025-03-27 19:21:00,2025-03-27 20:29:00,15.860463,74.555083,Vehicle Theft reported in Belagavi; registered at Belagavi Police Station 05. Synthetic demonstration record.
299,100101093202600001,202600001,2026-07-23,5327,1093,1,2,8,20,3,7010,2026-07-23 01:49:00,2026-07-23 04:21:00,2026-07-23 06:17:00,14.212374,76.422598,Hit and Run reported in Chitradurga; registered at Chitradurga Police Station 03. Synthetic demonstration record.
300,100101095202500001,202500001,2025-11-17,5412,1095,1,2,4,11,3,7010,2025-11-16 20:46:00,2025-11-16 23:21:00,2025-11-16 23:29:00,14.170704,76.400432,Online Fraud reported in Chitradurga; registered at Chitradurga Police Station 05. Synthetic demonstration record.
301,100081076202400001,202400001,2024-01-10,5246,1076,1,2,2,7,1,7008,2024-01-09 22:20:00,2024-01-10 00:34:00,2024-01-10 01:45:00,13.398622,77.752874,House Theft reported in Chikkaballapur; registered at Chikkaballapur Police Station 06. Synthetic demonstration record.
302,300051043202300001,202300001,2023-10-28,5259,1043,2,2,1,3,1,7005,2023-10-28 04:22:00,2023-10-28 04:50:00,2023-10-28 05:03:00,12.98202,77.553837,Assault reported in Bengaluru Urban; registered at Bengaluru Urban Police Station 03. Synthetic demonstration record.
303,100291290202500001,202500001,2025-08-09,5059,1290,1,1,2,4,2,7029,2025-08-09 21:31:00,2025-08-10 00:14:00,2025-08-10 00:38:00,16.824544,75.735854,Robbery reported in Vijayapura; registered at Vijayapura Police Station 10. Synthetic demonstration record.
304,300181178202400001,202400001,2024-09-26,5593,1178,2,2,7,18,1,7018,2024-09-26 17:26:00,2024-09-26 18:31:00,2024-09-26 19:20:00,12.365775,75.844224,Cheating reported in Kodagu; registered at Kodagu Police Station 08. Synthetic demonstration record.
305,100271262202500001,202500001,2025-08-11,5444,1262,1,2,2,6,5,7027,2025-08-10 21:10:00,2025-08-10 22:42:00,2025-08-11 00:06:00,13.346551,74.779652,Vehicle Theft reported in Udupi; registered at Udupi Police Station 02. Synthetic demonstration record.
306,800261252202200001,202200001,2022-11-17,5330,1252,4,2,3,9,2,7026,2022-11-16 17:47:00,2022-11-16 19:43:00,2022-11-16 20:23:00,13.351155,77.140787,Sexual Harassment reported in Tumakuru; registered at Tumakuru Police Station 02. Synthetic demonstration record.
307,100091090202500001,202500001,2025-04-29,5101,1090,1,2,4,11,1,7009,2025-04-27 09:06:00,2025-04-27 11:36:00,2025-04-27 12:31:00,13.312654,75.777735,Online Fraud reported in Chikkamagaluru; registered at Chikkamagaluru Police Station 10. Synthetic demonstration record.
308,100051041202300002,202300002,2023-04-20,5077,1041,1,2,3,9,1,7005,2023-04-18 21:50:00,2023-04-19 00:37:00,2023-04-19 00:54:00,12.959987,77.60015,Sexual Harassment reported in Bengaluru Urban; registered at Bengaluru Urban Police Station 01. Synthetic demonstration record.
309,100151147202500002,202500002,2025-01-16,5160,1147,1,2,2,5,5,7015,2025-01-14 02:45:00,2025-01-14 04:53:00,2025-01-14 05:40:00,12.982908,76.153283,Burglary reported in Hassan; registered at Hassan Police Station 07. Synthetic demonstration record.
310,100181174202500002,202500002,2025-10-21,5209,1174,1,2,3,9,1,7018,2025-10-20 21:25:00,2025-10-20 22:06:00,2025-10-20 22:39:00,12.309295,75.772867,Sexual Harassment reported in Kodagu; registered at Kodagu Police Station 04. Synthetic demonstration record.
311,100051043202300001,202300001,2023-01-18,5259,1043,1,2,3,8,2,7005,2023-01-17 15:28:00,2023-01-17 16:11:00,2023-01-17 17:41:00,12.966302,77.606041,Domestic Violence reported in Bengaluru Urban; registered at Bengaluru Urban Police Station 03. Synthetic demonstration record.
312,100051049202400003,202400003,2024-06-25,5561,1049,1,2,4,11,2,7005,2024-06-25 10:59:00,2024-06-25 12:41:00,2024-06-25 13:08:00,12.994817,77.601134,Online Fraud reported in Bengaluru Urban; registered at Bengaluru Urban Police Station 09. Synthetic demonstration record.
313,100221215202500003,202500003,2025-02-08,5563,1215,1,2,8,20,3,7022,2025-02-08 07:06:00,2025-02-08 08:42:00,2025-02-08 09:51:00,12.291206,76.60897,Hit and Run reported in Mysuru; registered at Mysuru Police Station 05. Synthetic demonstration record.
314,100251241202300002,202300002,2023-09-26,5513,1241,1,2,7,18,2,7025,2023-09-26 12:54:00,2023-09-26 14:36:00,2023-09-26 15:31:00,13.949909,75.617292,Cheating reported in Shivamogga; registered at Shivamogga Police Station 01. Synthetic demonstration record.
315,100231224202300002,202300002,2023-07-01,5240,1224,1,2,4,11,1,7023,2023-06-30 16:58:00,2023-06-30 17:13:00,2023-06-30 17:27:00,16.219247,77.367457,Online Fraud reported in Raichur; registered at Raichur Police Station 04. Synthetic demonstration record.
316,300121113202300002,202300002,2023-08-19,5083,1113,2,2,7,19,3,7012,2023-08-17 17:38:00,2023-08-17 19:02:00,2023-08-17 19:16:00,14.481286,75.90374,Forgery reported in Davanagere; registered at Davanagere Police Station 03. Synthetic demonstration record.
317,100031027202500001,202500001,2025-02-19,5299,1027,1,2,2,7,3,7003,2025-02-18 22:51:00,2025-02-19 00:25:00,2025-02-19 01:14:00,15.906271,74.445396,House Theft reported in Belagavi; registered at Belagavi Police Station 07. Synthetic demonstration record.
318,100171168202300001,202300001,2023-04-22,5133,1168,1,2,3,8,1,7017,2023-04-21 12:21:00,2023-04-21 14:59:00,2023-04-21 15:18:00,17.354713,76.832678,Domestic Violence reported in Kalaburagi; registered at Kalaburagi Police Station 08. Synthetic demonstration record.
319,100261253202400002,202400002,2024-09-02,5411,1253,1,2,2,6,2,7026,2024-09-02 17:40:00,2024-09-02 18:20:00,2024-09-02 18:31:00,13.359164,77.142625,Vehicle Theft reported in Tumakuru; registered at Tumakuru Police Station 03. Synthetic demonstration record.
320,100021018202200001,202200001,2022-11-04,5329,1018,1,2,4,12,1,7002,2022-11-03 15:52:00,2022-11-03 16:05:00,2022-11-03 16:48:00,15.116454,76.9676,Identity Theft reported in Ballari; registered at Ballari Police Station 08. Synthetic demonstration record.
321,100161158202500001,202500001,2025-11-05,5361,1158,1,2,4,11,3,7016,2025-11-05 12:23:00,2025-11-05 14:49:00,2025-11-05 15:45:00,14.744107,75.434621,Online Fraud reported in Haveri; registered at Haveri Police Station 08. Synthetic demonstration record.
322,100171166202300001,202300001,2023-10-04,5342,1166,1,1,2,4,3,7017,2023-10-03 17:33:00,2023-10-03 17:49:00,2023-10-03 19:33:00,17.358842,76.822556,Robbery reported in Kalaburagi; registered at Kalaburagi Police Station 06. Synthetic demonstration record.
323,100271263202500002,202500002,2025-04-13,5210,1263,1,1,5,15,3,7027,2025-04-13 17:34:00,2025-04-13 19:40:00,2025-04-13 20:10:00,13.359836,74.736512,Drug Trafficking reported in Udupi; registered at Udupi Police Station 03. Synthetic demonstration record.
324,800131124202400001,202400001,2024-02-22,5245,1124,4,2,5,14,5,7013,2024-02-21 01:05:00,2024-02-21 02:04:00,2024-02-21 02:26:00,15.49339,74.991169,NDPS Possession reported in Dharwad; registered at Dharwad Police Station 04. Synthetic demonstration record.
325,800281277202300001,202300001,2023-10-06,5116,1277,4,2,2,6,1,7028,2023-10-06 17:35:00,2023-10-06 19:36:00,2023-10-06 21:01:00,14.853032,74.137076,Vehicle Theft reported in Uttara Kannada; registered at Uttara Kannada Police Station 07. Synthetic demonstration record.
326,100221218202200001,202200001,2022-09-15,5011,1218,1,2,3,8,3,7022,2022-09-14 23:13:00,2022-09-15 01:51:00,2022-09-15 03:33:00,12.289693,76.629947,Domestic Violence reported in Mysuru; registered at Mysuru Police Station 08. Synthetic demonstration record.
327,100251247202400002,202400002,2024-10-12,5165,1247,1,2,2,5,1,7025,2024-10-12 22:06:00,2024-10-13 00:57:00,2024-10-13 02:16:00,13.940148,75.54319,Burglary reported in Shivamogga; registered at Shivamogga Police Station 07. Synthetic demonstration record.
328,100031023202500001,202500001,2025-09-30,5127,1023,1,2,2,6,2,7003,2025-09-28 19:50:00,2025-09-28 22:11:00,2025-09-28 23:10:00,15.857506,74.485799,Vehicle Theft reported in Belagavi; registered at Belagavi Police Station 03. Synthetic demonstration record.
329,100251241202200001,202200001,2022-07-02,5513,1241,1,1,3,10,2,7025,2022-07-02 04:58:00,2022-07-02 07:07:00,2022-07-02 07:14:00,13.911698,75.575117,Kidnapping reported in Shivamogga; registered at Shivamogga Police Station 01. Synthetic demonstration record.
330,100281274202500001,202500001,2025-03-27,5487,1274,1,2,1,3,3,7028,2025-03-26 20:09:00,2025-03-26 20:28:00,2025-03-26 21:44:00,14.830177,74.134433,Assault reported in Uttara Kannada; registered at Uttara Kannada Police Station 04. Synthetic demonstration record.
331,100061055202300001,202300001,2023-02-11,5536,1055,1,2,1,3,3,7006,2023-02-09 17:12:00,2023-02-09 19:43:00,2023-02-09 20:49:00,17.935134,77.579276,Assault reported in Bidar; registered at Bidar Police Station 05. Synthetic demonstration record.
332,100261253202600001,202600001,2026-03-31,5411,1253,1,2,4,12,1,7026,2026-03-30 17:24:00,2026-03-30 20:12:00,2026-03-30 21:57:00,13.355622,77.054836,Identity Theft reported in Tumakuru; registered at Tumakuru Police Station 03. Synthetic demonstration record.
333,100181174202200001,202200001,2022-01-31,5209,1174,1,2,7,18,5,7018,2022-01-29 17:34:00,2022-01-29 17:55:00,2022-01-29 18:23:00,12.35601,75.801331,Cheating reported in Kodagu; registered at Kodagu Police Station 04. Synthetic demonstration record.
334,100311305202500001,202500001,2025-09-15,5320,1305,1,2,7,18,1,7031,2025-09-15 17:53:00,2025-09-15 18:58:00,2025-09-15 20:49:00,15.321352,76.436625,Cheating reported in Vijayanagara; registered at Vijayanagara Police Station 05. Synthetic demonstration record.
335,100221216202400002,202400002,2024-06-20,5518,1216,1,2,4,11,1,7022,2024-06-18 17:37:00,2024-06-18 17:47:00,2024-06-18 19:21:00,12.288865,76.647735,Online Fraud reported in Mysuru; registered at Mysuru Police Station 06. Synthetic demonstration record.
336,100261251202600001,202600001,2026-07-04,5169,1251,1,2,2,6,1,7026,2026-07-04 21:51:00,2026-07-04 23:41:00,2026-07-04 23:46:00,13.357636,77.118246,Vehicle Theft reported in Tumakuru; registered at Tumakuru Police Station 01. Synthetic demonstration record.
337,100031021202500003,202500003,2025-10-24,5374,1021,1,2,2,6,2,7003,2025-10-23 21:28:00,2025-10-23 23:22:00,2025-10-24 00:56:00,15.862859,74.471093,Vehicle Theft reported in Belagavi; registered at Belagavi Police Station 01. Synthetic demonstration record.
338,100181174202200002,202200002,2022-05-26,5209,1174,1,2,4,11,4,7018,2022-05-26 10:53:00,2022-05-26 11:07:00,2022-05-26 11:34:00,12.359753,75.783023,Online Fraud reported in Kodagu; registered at Kodagu Police Station 04. Synthetic demonstration record.
339,100051047202400002,202400002,2024-08-09,5186,1047,1,2,5,14,2,7005,2024-08-08 21:05:00,2024-08-08 23:04:00,2024-08-08 23:49:00,12.994665,77.619255,NDPS Possession reported in Bengaluru Urban; registered at Bengaluru Urban Police Station 07. Synthetic demonstration record.
340,800061057202400001,202400001,2024-04-10,5129,1057,4,2,8,20,2,7006,2024-04-08 18:51:00,2024-04-08 20:29:00,2024-04-08 21:52:00,17.922473,77.5303,Hit and Run reported in Bidar; registered at Bidar Police Station 07. Synthetic demonstration record.
341,100091089202400002,202400002,2024-03-05,5430,1089,1,2,7,18,1,7009,2024-03-04 17:22:00,2024-03-04 18:40:00,2024-03-04 20:01:00,13.313403,75.746769,Cheating reported in Chikkamagaluru; registered at Chikkamagaluru Police Station 09. Synthetic demonstration record.
342,100051050202300003,202300003,2023-08-28,5125,1050,1,2,7,18,1,7005,2023-08-26 21:30:00,2023-08-26 23:13:00,2023-08-27 00:30:00,12.947655,77.650667,Cheating reported in Bengaluru Urban; registered at Bengaluru Urban Police Station 10. Synthetic demonstration record.
343,100021011202500001,202500001,2025-12-14,5294,1011,1,2,7,19,3,7002,2025-12-13 18:13:00,2025-12-13 19:43:00,2025-12-13 19:56:00,15.107496,76.952512,Forgery reported in Ballari; registered at Ballari Police Station 01. Synthetic demonstration record.
344,100131126202300001,202300001,2023-04-07,5535,1126,1,2,4,13,1,7013,2023-04-07 09:59:00,2023-04-07 12:34:00,2023-04-07 13:49:00,15.504385,74.996849,Cyber Stalking reported in Dharwad; registered at Dharwad Police Station 06. Synthetic demonstration record.
345,100171165202500002,202500002,2025-03-29,5218,1165,1,2,3,8,2,7017,2025-03-28 02:03:00,2025-03-28 03:57:00,2025-03-28 05:31:00,17.364246,76.816788,Domestic Violence reported in Kalaburagi; registered at Kalaburagi Police Station 05. Synthetic demonstration record.
346,400081076202500001,202500001,2025-12-08,5246,1076,3,2,7,19,3,7008,2025-12-07 19:16:00,2025-12-07 20:09:00,2025-12-07 21:44:00,13.434766,77.740768,Forgery reported in Chikkaballapur; registered at Chikkaballapur Police Station 06. Synthetic demonstration record.
347,100281271202300001,202300001,2023-03-26,5117,1271,1,2,6,16,1,7028,2023-03-25 21:49:00,2023-03-25 23:47:00,2023-03-26 00:03:00,14.791828,74.160532,Rioting reported in Uttara Kannada; registered at Uttara Kannada Police Station 01. Synthetic demonstration record.
348,100081078202500001,202500001,2025-08-16,5347,1078,1,2,4,11,2,7008,2025-08-16 11:03:00,2025-08-16 13:17:00,2025-08-16 15:11:00,13.468468,77.684735,Online Fraud reported in Chikkaballapur; registered at Chikkaballapur Police Station 08. Synthetic demonstration record.
349,100051044202300002,202300002,2023-12-11,5592,1044,1,2,4,13,1,7005,2023-12-11 10:46:00,2023-12-11 13:16:00,2023-12-11 13:36:00,12.967665,77.610134,Cyber Stalking reported in Bengaluru Urban; registered at Bengaluru Urban Police Station 04. Synthetic demonstration record.
350,100061053202400001,202400001,2024-06-25,5465,1053,1,2,2,5,1,7006,2024-06-23 02:53:00,2024-06-23 04:59:00,2024-06-23 06:22:00,17.91376,77.548103,Burglary reported in Bidar; registered at Bidar Police Station 03. Synthetic demonstration record.
351,100051043202400001,202400001,2024-11-01,5259,1043,1,2,4,11,5,7005,2024-11-01 20:17:00,2024-11-01 22:54:00,2024-11-01 22:59:00,13.001553,77.627264,Online Fraud reported in Bengaluru Urban; registered at Bengaluru Urban Police Station 03. Synthetic demonstration record.
352,100081077202300001,202300001,2023-05-11,5003,1077,1,2,4,11,5,7008,2023-05-11 21:50:00,2023-05-12 00:17:00,2023-05-12 00:32:00,13.439975,77.730085,Online Fraud reported in Chikkaballapur; registered at Chikkaballapur Police Station 07. Synthetic demonstration record.
353,100051041202500001,202500001,2025-04-03,5094,1041,1,2,4,12,5,7005,2025-04-03 19:04:00,2025-04-03 19:44:00,2025-04-03 20:37:00,12.982093,77.57616,Identity Theft reported in Bengaluru Urban; registered at Bengaluru Urban Police Station 01. Synthetic demonstration record.
354,100291290202500002,202500002,2025-12-23,5264,1290,1,2,2,5,1,7029,2025-12-23 03:58:00,2025-12-23 05:11:00,2025-12-23 05:51:00,16.778439,75.749785,Burglary reported in Vijayapura; registered at Vijayapura Police Station 10. Synthetic demonstration record.
355,100241234202400001,202400001,2024-05-16,5328,1234,1,2,1,3,5,7024,2024-05-15 07:24:00,2024-05-15 09:56:00,2024-05-15 10:16:00,12.744394,77.30203,Assault reported in Ramanagara; registered at Ramanagara Police Station 04. Synthetic demonstration record.
356,100261253202300001,202300001,2023-04-04,5411,1253,1,2,2,6,2,7026,2023-04-02 18:16:00,2023-04-02 20:42:00,2023-04-02 20:52:00,13.363609,77.127442,Vehicle Theft reported in Tumakuru; registered at Tumakuru Police Station 03. Synthetic demonstration record.
357,100011006202500001,202500001,2025-06-27,5588,1006,1,2,7,18,5,7001,2025-06-27 12:29:00,2025-06-27 14:32:00,2025-06-27 15:17:00,16.178082,75.66144,Cheating reported in Bagalkot; registered at Bagalkot Police Station 06. Synthetic demonstration record.
358,100141136202300001,202300001,2023-04-16,5337,1136,1,2,4,13,2,7014,2023-04-16 12:15:00,2023-04-16 14:56:00,2023-04-16 16:54:00,15.414015,75.687541,Cyber Stalking reported in Gadag; registered at Gadag Police Station 06. Synthetic demonstration record.
359,100121118202500001,202500001,2025-04-22,5035,1118,1,2,4,11,3,7012,2025-04-21 11:50:00,2025-04-21 13:03:00,2025-04-21 14:12:00,14.409908,75.94459,Online Fraud reported in Davanagere; registered at Davanagere Police Station 08. Synthetic demonstration record.
360,100111104202500002,202500002,2025-06-24,5519,1104,1,2,4,11,1,7011,2025-06-23 12:17:00,2025-06-23 13:11:00,2025-06-23 14:14:00,12.919837,74.84301,Online Fraud reported in Dakshina Kannada; registered at Dakshina Kannada Police Station 04. Synthetic demonstration record.
361,100171165202600001,202600001,2026-05-27,5218,1165,1,2,8,20,1,7017,2026-05-27 06:53:00,2026-05-27 08:18:00,2026-05-27 09:06:00,17.313866,76.898527,Hit and Run reported in Kalaburagi; registered at Kalaburagi Police Station 05. Synthetic demonstration record.
362,100031027202200001,202200001,2022-04-18,5299,1027,1,2,8,20,2,7003,2022-04-16 04:32:00,2022-04-16 07:15:00,2022-04-16 08:21:00,15.900373,74.488495,Hit and Run reported in Belagavi; registered at Belagavi Police Station 07. Synthetic demonstration record.
363,100171170202400001,202400001,2024-02-08,5285,1170,1,1,1,1,3,7017,2024-02-07 22:23:00,2024-02-08 00:32:00,2024-02-08 01:02:00,17.335184,76.839367,Murder reported in Kalaburagi; registered at Kalaburagi Police Station 10. Synthetic demonstration record.
364,100091090202300001,202300001,2023-06-07,5101,1090,1,2,4,11,1,7009,2023-06-07 16:42:00,2023-06-07 19:00:00,2023-06-07 20:58:00,13.31445,75.781681,Online Fraud reported in Chikkamagaluru; registered at Chikkamagaluru Police Station 10. Synthetic demonstration record.
365,100031030202200001,202200001,2022-01-01,5071,1030,1,2,4,11,2,7003,2021-12-31 18:24:00,2021-12-31 19:05:00,2021-12-31 20:57:00,15.805811,74.48786,Online Fraud reported in Belagavi; registered at Belagavi Police Station 10. Synthetic demonstration record.
366,100061052202300001,202300001,2023-07-09,5152,1052,1,2,5,14,1,7006,2023-07-08 04:28:00,2023-07-08 06:35:00,2023-07-08 06:57:00,17.913376,77.569837,NDPS Possession reported in Bidar; registered at Bidar Police Station 02. Synthetic demonstration record.
367,100241238202400001,202400001,2024-12-29,5072,1238,1,2,1,3,5,7024,2024-12-28 07:29:00,2024-12-28 08:07:00,2024-12-28 09:03:00,12.700509,77.2866,Assault reported in Ramanagara; registered at Ramanagara Police Station 08. Synthetic demonstration record.
368,100051041202200001,202200001,2022-02-01,5077,1041,1,2,8,20,2,7005,2022-01-31 11:57:00,2022-01-31 14:47:00,2022-01-31 15:39:00,12.968279,77.610293,Hit and Run reported in Bengaluru Urban; registered at Bengaluru Urban Police Station 01. Synthetic demonstration record.
369,100031028202200001,202200001,2022-05-25,5006,1028,1,2,5,14,3,7003,2022-05-25 10:24:00,2022-05-25 11:26:00,2022-05-25 13:04:00,15.82718,74.496011,NDPS Possession reported in Belagavi; registered at Belagavi Police Station 08. Synthetic demonstration record.
370,100051041202200002,202200002,2022-01-02,5077,1041,1,1,5,15,5,7005,2022-01-01 14:33:00,2022-01-01 15:35:00,2022-01-01 17:26:00,12.938633,77.571725,Drug Trafficking reported in Bengaluru Urban; registered at Bengaluru Urban Police Station 01. Synthetic demonstration record.
371,100061059202400001,202400001,2024-02-12,5025,1059,1,2,7,19,2,7006,2024-02-11 21:39:00,2024-02-12 00:17:00,2024-02-12 01:56:00,17.947492,77.504761,Forgery reported in Bidar; registered at Bidar Police Station 09. Synthetic demonstration record.
372,300201197202300001,202300001,2023-02-16,5310,1197,2,2,5,14,1,7020,2023-02-14 20:12:00,2023-02-14 23:06:00,2023-02-14 23:50:00,15.373286,76.17833,NDPS Possession reported in Koppal; registered at Koppal Police Station 07. Synthetic demonstration record.
373,100161151202600001,202600001,2026-01-10,5224,1151,1,2,3,8,1,7016,2026-01-10 17:54:00,2026-01-10 20:07:00,2026-01-10 22:05:00,14.8326,75.458657,Domestic Violence reported in Haveri; registered at Haveri Police Station 01. Synthetic demonstration record.
374,100201191202200001,202200001,2022-02-05,5420,1191,1,2,3,8,5,7020,2022-02-05 19:47:00,2022-02-05 21:01:00,2022-02-05 22:53:00,15.348664,76.168702,Domestic Violence reported in Koppal; registered at Koppal Police Station 01. Synthetic demonstration record.
375,100111106202600002,202600002,2026-01-13,5533,1106,1,2,7,18,3,7011,2026-01-11 13:33:00,2026-01-11 14:23:00,2026-01-11 14:38:00,12.877026,74.897195,Cheating reported in Dakshina Kannada; registered at Dakshina Kannada Police Station 06. Synthetic demonstration record.
376,100051042202300001,202300001,2023-04-04,5300,1042,1,2,4,13,5,7005,2023-04-02 13:25:00,2023-04-02 13:42:00,2023-04-02 13:47:00,12.94684,77.610734,Cyber Stalking reported in Bengaluru Urban; registered at Bengaluru Urban Police Station 02. Synthetic demonstration record.
377,100261259202500001,202500001,2025-12-30,5541,1259,1,2,5,14,3,7026,2025-12-28 21:13:00,2025-12-28 22:36:00,2025-12-28 23:31:00,13.371763,77.115409,NDPS Possession reported in Tumakuru; registered at Tumakuru Police Station 09. Synthetic demonstration record.
378,100211202202500001,202500001,2025-12-28,5421,1202,1,1,3,10,1,7021,2025-12-27 15:12:00,2025-12-27 16:55:00,2025-12-27 18:10:00,12.527556,76.862021,Kidnapping reported in Mandya; registered at Mandya Police Station 02. Synthetic demonstration record.
379,100051041202600001,202600001,2026-07-06,5077,1041,1,2,4,12,2,7005,2026-07-05 16:51:00,2026-07-05 18:26:00,2026-07-05 19:49:00,12.980664,77.605022,Identity Theft reported in Bengaluru Urban; registered at Bengaluru Urban Police Station 01. Synthetic demonstration record.
380,100211209202200002,202200002,2022-09-24,5282,1209,1,2,7,18,3,7021,2022-09-24 11:15:00,2022-09-24 12:21:00,2022-09-24 14:15:00,12.578011,76.876228,Cheating reported in Mandya; registered at Mandya Police Station 09. Synthetic demonstration record.
381,100031024202400002,202400002,2024-08-11,5032,1024,1,2,6,16,1,7003,2024-08-09 02:27:00,2024-08-09 02:40:00,2024-08-09 02:56:00,15.828571,74.527447,Rioting reported in Belagavi; registered at Belagavi Police Station 04. Synthetic demonstration record.
382,100171166202400002,202400002,2024-06-18,5342,1166,1,2,1,3,3,7017,2024-06-17 10:40:00,2024-06-17 12:48:00,2024-06-17 13:14:00,17.311329,76.833429,Assault reported in Kalaburagi; registered at Kalaburagi Police Station 06. Synthetic demonstration record.
383,100071070202500001,202500001,2025-03-26,5130,1070,1,2,7,18,5,7007,2025-03-26 18:00:00,2025-03-26 19:18:00,2025-03-26 19:24:00,11.957296,76.896811,Cheating reported in Chamarajanagar; registered at Chamarajanagar Police Station 10. Synthetic demonstration record.
384,100041036202500001,202500001,2025-06-04,5485,1036,1,1,2,4,1,7004,2025-06-03 19:22:00,2025-06-03 21:50:00,2025-06-03 22:36:00,13.268144,77.696671,Robbery reported in Bengaluru Rural; registered at Bengaluru Rural Police Station 06. Synthetic demonstration record.
385,100131127202300002,202300002,2023-12-24,5346,1127,1,2,2,6,3,7013,2023-12-22 17:41:00,2023-12-22 18:43:00,2023-12-22 18:57:00,15.517743,74.998765,Vehicle Theft reported in Dharwad; registered at Dharwad Police Station 07. Synthetic demonstration record.
386,100051044202500001,202500001,2025-11-27,5121,1044,1,2,2,5,2,7005,2025-11-25 22:44:00,2025-11-26 01:38:00,2025-11-26 03:14:00,12.958203,77.599952,Burglary reported in Bengaluru Urban; registered at Bengaluru Urban Police Station 04. Synthetic demonstration record.
387,100201199202400001,202400001,2024-05-29,5084,1199,1,1,2,4,5,7020,2024-05-27 21:50:00,2024-05-27 23:44:00,2024-05-28 00:29:00,15.337626,76.201003,Robbery reported in Koppal; registered at Koppal Police Station 09. Synthetic demonstration record.
388,100181175202600001,202600001,2026-01-29,5251,1175,1,1,2,4,3,7018,2026-01-29 17:42:00,2026-01-29 18:28:00,2026-01-29 19:46:00,12.323385,75.835234,Robbery reported in Kodagu; registered at Kodagu Police Station 05. Synthetic demonstration record.
389,100171170202200001,202200001,2022-02-09,5285,1170,1,2,4,12,1,7017,2022-02-07 21:37:00,2022-02-07 21:54:00,2022-02-07 23:31:00,17.321728,76.896659,Identity Theft reported in Kalaburagi; registered at Kalaburagi Police Station 10. Synthetic demonstration record.
390,100051044202200001,202200001,2022-06-20,5260,1044,1,2,4,11,2,7005,2022-06-18 16:22:00,2022-06-18 18:43:00,2022-06-18 19:41:00,12.979041,77.611466,Online Fraud reported in Bengaluru Urban; registered at Bengaluru Urban Police Station 04. Synthetic demonstration record.
391,100201194202400001,202400001,2024-01-22,5372,1194,1,2,4,11,2,7020,2024-01-22 18:37:00,2024-01-22 21:19:00,2024-01-22 21:49:00,15.360122,76.106858,Online Fraud reported in Koppal; registered at Koppal Police Station 04. Synthetic demonstration record.
392,100221219202300002,202300002,2023-03-29,5054,1219,1,2,1,3,2,7022,2023-03-27 10:23:00,2023-03-27 12:30:00,2023-03-27 12:38:00,12.273113,76.670919,Assault reported in Mysuru; registered at Mysuru Police Station 09. Synthetic demonstration record.
393,100081076202600001,202600001,2026-03-31,5471,1076,1,2,4,11,2,7008,2026-03-29 12:20:00,2026-03-29 14:09:00,2026-03-29 15:03:00,13.458501,77.735492,Online Fraud reported in Chikkaballapur; registered at Chikkaballapur Police Station 06. Synthetic demonstration record.
394,100061053202400002,202400002,2024-10-23,5133,1053,1,1,1,1,3,7006,2024-10-21 09:00:00,2024-10-21 11:19:00,2024-10-21 13:06:00,17.92857,77.545013,Murder reported in Bidar; registered at Bidar Police Station 03. Synthetic demonstration record.
395,100051047202300001,202300001,2023-07-30,5600,1047,1,1,1,2,1,7005,2023-07-29 04:33:00,2023-07-29 05:55:00,2023-07-29 07:45:00,13.009337,77.565962,Attempt to Murder reported in Bengaluru Urban; registered at Bengaluru Urban Police Station 07. Synthetic demonstration record.
396,100111109202200001,202200001,2022-07-10,5341,1109,1,2,8,20,1,7011,2022-07-08 13:32:00,2022-07-08 14:11:00,2022-07-08 15:56:00,12.952816,74.855875,Hit and Run reported in Dakshina Kannada; registered at Dakshina Kannada Police Station 09. Synthetic demonstration record.
397,100111104202200001,202200001,2022-01-12,5423,1104,1,2,2,5,1,7011,2022-01-10 22:10:00,2022-01-10 23:39:00,2022-01-11 00:47:00,12.91526,74.833452,Burglary reported in Dakshina Kannada; registered at Dakshina Kannada Police Station 04. Synthetic demonstration record.
398,100131124202300001,202300001,2023-08-21,5245,1124,1,2,3,9,1,7013,2023-08-19 21:56:00,2023-08-19 22:06:00,2023-08-19 23:49:00,15.510727,75.019171,Sexual Harassment reported in Dharwad; registered at Dharwad Police Station 04. Synthetic demonstration record.
399,100041034202200001,202200001,2022-09-16,5596,1034,1,2,2,7,1,7004,2022-09-14 01:37:00,2022-09-14 04:28:00,2022-09-14 06:01:00,13.305288,77.665286,House Theft reported in Bengaluru Rural; registered at Bengaluru Rural Police Station 04. Synthetic demonstration record.
400,100271265202500001,202500001,2025-07-14,5231,1265,1,2,2,6,1,7027,2025-07-13 20:34:00,2025-07-13 20:50:00,2025-07-13 21:29:00,13.347061,74.759104,Vehicle Theft reported in Udupi; registered at Udupi Police Station 05. Synthetic demonstration record.
401,400031030202500001,202500001,2025-02-05,5041,1030,3,2,2,6,2,7003,2025-02-04 21:03:00,2025-02-04 23:26:00,2025-02-04 23:37:00,15.891518,74.457664,Vehicle Theft reported in Belagavi; registered at Belagavi Police Station 10. Synthetic demonstration record.
402,100031029202500001,202500001,2025-08-13,5543,1029,1,2,2,7,2,7003,2025-08-13 22:15:00,2025-08-14 00:04:00,2025-08-14 01:01:00,15.780501,74.525153,House Theft reported in Belagavi; registered at Belagavi Police Station 09. Synthetic demonstration record.
403,100251241202400001,202400001,2024-12-06,5513,1241,1,2,3,9,2,7025,2024-12-04 20:26:00,2024-12-04 22:12:00,2024-12-04 23:02:00,13.920147,75.596159,Sexual Harassment reported in Shivamogga; registered at Shivamogga Police Station 01. Synthetic demonstration record.
404,100051041202200003,202200003,2022-11-15,5094,1041,1,2,2,6,3,7005,2022-11-14 21:20:00,2022-11-14 21:44:00,2022-11-14 22:47:00,13.017053,77.572208,Vehicle Theft reported in Bengaluru Urban; registered at Bengaluru Urban Police Station 01. Synthetic demonstration record.
405,100051049202400004,202400004,2024-07-10,5433,1049,1,2,4,11,4,7005,2024-07-08 09:38:00,2024-07-08 10:00:00,2024-07-08 10:21:00,12.947672,77.602946,Online Fraud reported in Bengaluru Urban; registered at Bengaluru Urban Police Station 09. Synthetic demonstration record.
406,100091088202400001,202400001,2024-05-06,5545,1088,1,2,4,11,2,7009,2024-05-04 14:31:00,2024-05-04 16:55:00,2024-05-04 17:20:00,13.358939,75.745972,Online Fraud reported in Chikkamagaluru; registered at Chikkamagaluru Police Station 08. Synthetic demonstration record.
407,100101091202200001,202200001,2022-07-31,5195,1091,1,2,6,17,4,7010,2022-07-31 00:15:00,2022-07-31 00:54:00,2022-07-31 02:17:00,14.20172,76.413234,Unlawful Assembly reported in Chitradurga; registered at Chitradurga Police Station 01. Synthetic demonstration record.
408,100041032202300001,202300001,2023-03-15,5167,1032,1,1,2,4,3,7004,2023-03-15 20:52:00,2023-03-15 21:09:00,2023-03-15 21:38:00,13.29267,77.668687,Robbery reported in Bengaluru Rural; registered at Bengaluru Rural Police Station 02. Synthetic demonstration record.
409,100051045202600001,202600001,2026-03-02,5419,1045,1,2,4,11,2,7005,2026-03-01 16:48:00,2026-03-01 19:24:00,2026-03-01 20:02:00,12.910869,77.612098,Online Fraud reported in Bengaluru Urban; registered at Bengaluru Urban Police Station 05. Synthetic demonstration record.
410,100251248202200001,202200001,2022-08-10,5229,1248,1,2,4,11,2,7025,2022-08-08 21:35:00,2022-08-08 23:25:00,2022-08-08 23:57:00,13.943743,75.593535,Online Fraud reported in Shivamogga; registered at Shivamogga Police Station 08. Synthetic demonstration record.
411,100031023202400001,202400001,2024-11-06,5127,1023,1,1,2,4,3,7003,2024-11-05 18:07:00,2024-11-05 20:11:00,2024-11-05 22:03:00,15.865423,74.482903,Robbery reported in Belagavi; registered at Belagavi Police Station 03. Synthetic demonstration record.
412,100111108202200001,202200001,2022-05-12,5397,1108,1,2,2,6,3,7011,2022-05-10 20:59:00,2022-05-10 21:32:00,2022-05-10 23:22:00,12.898061,74.915672,Vehicle Theft reported in Dakshina Kannada; registered at Dakshina Kannada Police Station 08. Synthetic demonstration record.
413,100041036202400001,202400001,2024-08-01,5408,1036,1,2,2,5,4,7004,2024-07-31 00:52:00,2024-07-31 01:24:00,2024-07-31 02:46:00,13.306745,77.682747,Burglary reported in Bengaluru Rural; registered at Bengaluru Rural Police Station 06. Synthetic demonstration record.
414,100301293202400003,202400003,2024-07-08,5455,1293,1,2,3,8,1,7030,2024-07-08 14:14:00,2024-07-08 16:29:00,2024-07-08 17:02:00,16.74721,77.131423,Domestic Violence reported in Yadgir; registered at Yadgir Police Station 03. Synthetic demonstration record.
415,100131126202300002,202300002,2023-07-10,5137,1126,1,2,7,19,1,7013,2023-07-08 18:19:00,2023-07-08 20:23:00,2023-07-08 21:55:00,15.479399,75.064556,Forgery reported in Dharwad; registered at Dharwad Police Station 06. Synthetic demonstration record.
416,800171170202300001,202300001,2023-06-26,5285,1170,4,2,1,3,3,7017,2023-06-25 23:02:00,2023-06-26 00:54:00,2023-06-26 02:07:00,17.344718,76.897643,Assault reported in Kalaburagi; registered at Kalaburagi Police Station 10. Synthetic demonstration record.
417,100051044202500002,202500002,2025-05-01,5561,1044,1,2,2,6,2,7005,2025-04-30 19:32:00,2025-04-30 21:16:00,2025-04-30 22:58:00,12.981369,77.603357,Vehicle Theft reported in Bengaluru Urban; registered at Bengaluru Urban Police Station 04. Synthetic demonstration record.
418,100031025202500003,202500003,2025-01-02,5591,1025,1,2,4,11,3,7003,2025-01-02 20:26:00,2025-01-02 22:31:00,2025-01-02 22:36:00,15.87066,74.522953,Online Fraud reported in Belagavi; registered at Belagavi Police Station 05. Synthetic demonstration record.
419,100251249202300001,202300001,2023-07-20,5280,1249,1,2,2,7,2,7025,2023-07-20 23:33:00,2023-07-21 00:24:00,2023-07-21 01:12:00,13.925497,75.611095,House Theft reported in Shivamogga; registered at Shivamogga Police Station 09. Synthetic demonstration record.
420,100041034202400001,202400001,2024-06-28,5470,1034,1,2,4,11,3,7004,2024-06-28 09:37:00,2024-06-28 12:32:00,2024-06-28 12:46:00,13.250415,77.757678,Online Fraud reported in Bengaluru Rural; registered at Bengaluru Rural Police Station 04. Synthetic demonstration record.
421,100051045202200002,202200002,2022-07-09,5419,1045,1,2,8,20,1,7005,2022-07-07 04:54:00,2022-07-07 06:59:00,2022-07-07 08:01:00,12.947024,77.585222,Hit and Run reported in Bengaluru Urban; registered at Bengaluru Urban Police Station 05. Synthetic demonstration record.
422,100141131202200001,202200001,2022-03-09,5048,1131,1,2,3,8,5,7014,2022-03-08 16:15:00,2022-03-08 17:47:00,2022-03-08 18:16:00,15.369372,75.686529,Domestic Violence reported in Gadag; registered at Gadag Police Station 01. Synthetic demonstration record.
423,100291282202500001,202500001,2025-11-20,5321,1282,1,1,2,4,2,7029,2025-11-20 20:29:00,2025-11-20 21:40:00,2025-11-20 22:30:00,16.883763,75.718641,Robbery reported in Vijayapura; registered at Vijayapura Police Station 02. Synthetic demonstration record.
424,400051047202600001,202600001,2026-04-30,5527,1047,3,2,2,6,2,7005,2026-04-29 20:31:00,2026-04-29 21:23:00,2026-04-29 22:23:00,13.003107,77.586375,Vehicle Theft reported in Bengaluru Urban; registered at Bengaluru Urban Police Station 07. Synthetic demonstration record.
425,100111101202200003,202200003,2022-07-21,5589,1101,1,2,4,13,1,7011,2022-07-20 20:26:00,2022-07-20 21:22:00,2022-07-20 22:15:00,12.852672,74.884784,Cyber Stalking reported in Dakshina Kannada; registered at Dakshina Kannada Police Station 01. Synthetic demonstration record.
426,100051046202500001,202500001,2025-02-03,5031,1046,1,2,4,11,2,7005,2025-02-02 20:11:00,2025-02-02 21:46:00,2025-02-02 22:40:00,13.010546,77.652609,Online Fraud reported in Bengaluru Urban; registered at Bengaluru Urban Police Station 06. Synthetic demonstration record.
427,100011006202300001,202300001,2023-01-16,5509,1006,1,2,4,12,2,7001,2023-01-16 10:41:00,2023-01-16 12:58:00,2023-01-16 14:28:00,16.198282,75.685732,Identity Theft reported in Bagalkot; registered at Bagalkot Police Station 06. Synthetic demonstration record.
428,100291288202400001,202400001,2024-03-11,5236,1288,1,1,2,4,2,7029,2024-03-10 20:43:00,2024-03-10 21:15:00,2024-03-10 21:35:00,16.796714,75.677053,Robbery reported in Vijayapura; registered at Vijayapura Police Station 08. Synthetic demonstration record.
429,100201199202200002,202200002,2022-02-14,5084,1199,1,2,2,6,4,7020,2022-02-12 17:37:00,2022-02-12 20:15:00,2022-02-12 22:06:00,15.296172,76.152671,Vehicle Theft reported in Koppal; registered at Koppal Police Station 09. Synthetic demonstration record.
430,100081073202500001,202500001,2025-05-14,5528,1073,1,2,2,6,1,7008,2025-05-14 18:01:00,2025-05-14 20:16:00,2025-05-14 21:28:00,13.448677,77.759893,Vehicle Theft reported in Chikkaballapur; registered at Chikkaballapur Police Station 03. Synthetic demonstration record.
431,100071062202200001,202200001,2022-02-07,5151,1062,1,2,4,13,2,7007,2022-02-06 20:07:00,2022-02-06 22:38:00,2022-02-06 23:44:00,11.91182,76.912779,Cyber Stalking reported in Chamarajanagar; registered at Chamarajanagar Police Station 02. Synthetic demonstration record.
432,100211207202500001,202500001,2025-09-18,5064,1207,1,2,1,3,1,7021,2025-09-16 09:53:00,2025-09-16 11:58:00,2025-09-16 13:41:00,12.481658,76.941493,Assault reported in Mandya; registered at Mandya Police Station 07. Synthetic demonstration record.
433,100121119202200002,202200002,2022-07-09,5172,1119,1,1,2,4,3,7012,2022-07-09 19:20:00,2022-07-09 20:30:00,2022-07-09 20:36:00,14.506088,75.954021,Robbery reported in Davanagere; registered at Davanagere Police Station 09. Synthetic demonstration record.
434,100051045202500001,202500001,2025-03-24,5419,1045,1,2,5,14,2,7005,2025-03-24 20:08:00,2025-03-24 22:54:00,2025-03-24 23:19:00,12.993006,77.630617,NDPS Possession reported in Bengaluru Urban; registered at Bengaluru Urban Police Station 05. Synthetic demonstration record.
435,100161157202200001,202200001,2022-07-23,5462,1157,1,2,2,7,1,7016,2022-07-22 02:57:00,2022-07-22 05:19:00,2022-07-22 05:50:00,14.813586,75.416152,House Theft reported in Haveri; registered at Haveri Police Station 07. Synthetic demonstration record.
436,100041031202300002,202300002,2023-05-24,5001,1031,1,2,4,11,1,7004,2023-05-24 19:04:00,2023-05-24 19:34:00,2023-05-24 20:40:00,13.329918,77.754038,Online Fraud reported in Bengaluru Rural; registered at Bengaluru Rural Police Station 01. Synthetic demonstration record.
437,100071064202400001,202400001,2024-06-23,5380,1064,1,2,2,5,1,7007,2024-06-23 02:00:00,2024-06-23 04:47:00,2024-06-23 06:16:00,11.955711,76.917732,Burglary reported in Chamarajanagar; registered at Chamarajanagar Police Station 04. Synthetic demonstration record.
438,100311309202300001,202300001,2023-12-01,5583,1309,1,1,1,2,2,7031,2023-11-30 11:23:00,2023-11-30 12:32:00,2023-11-30 12:58:00,15.312927,76.520584,Attempt to Murder reported in Vijayanagara; registered at Vijayanagara Police Station 09. Synthetic demonstration record.
439,100011003202500001,202500001,2025-03-23,5516,1003,1,1,1,2,2,7001,2025-03-21 14:30:00,2025-03-21 17:19:00,2025-03-21 18:40:00,16.123841,75.737845,Attempt to Murder reported in Bagalkot; registered at Bagalkot Police Station 03. Synthetic demonstration record.
440,100261260202400003,202400003,2024-09-24,5237,1260,1,2,7,18,5,7026,2024-09-22 17:01:00,2024-09-22 19:24:00,2024-09-22 20:13:00,13.361462,77.061617,Cheating reported in Tumakuru; registered at Tumakuru Police Station 10. Synthetic demonstration record.
441,100051042202500002,202500002,2025-04-15,5300,1042,1,2,1,3,5,7005,2025-04-14 22:40:00,2025-04-14 23:05:00,2025-04-15 00:21:00,12.906958,77.647822,Assault reported in Bengaluru Urban; registered at Bengaluru Urban Police Station 02. Synthetic demonstration record.
442,100061053202400003,202400003,2024-04-23,5422,1053,1,2,5,14,2,7006,2024-04-23 00:18:00,2024-04-23 01:13:00,2024-04-23 02:05:00,17.884646,77.524719,NDPS Possession reported in Bidar; registered at Bidar Police Station 03. Synthetic demonstration record.
443,100081073202400001,202400001,2024-12-25,5528,1073,1,2,3,8,1,7008,2024-12-23 13:01:00,2024-12-23 14:57:00,2024-12-23 15:48:00,13.46504,77.719492,Domestic Violence reported in Chikkaballapur; registered at Chikkaballapur Police Station 03. Synthetic demonstration record.
444,100041036202300001,202300001,2023-09-02,5408,1036,1,2,3,9,3,7004,2023-09-01 19:31:00,2023-09-01 22:25:00,2023-09-02 00:02:00,13.231906,77.748619,Sexual Harassment reported in Bengaluru Rural; registered at Bengaluru Rural Police Station 06. Synthetic demonstration record.
445,100191190202400001,202400001,2024-06-04,5260,1190,1,2,7,19,1,7019,2024-06-02 19:08:00,2024-06-02 21:43:00,2024-06-02 23:06:00,13.128931,78.101253,Forgery reported in Kolar; registered at Kolar Police Station 10. Synthetic demonstration record.
446,100211208202500002,202500002,2025-09-26,5396,1208,1,2,4,12,5,7021,2025-09-24 17:32:00,2025-09-24 18:32:00,2025-09-24 19:37:00,12.486012,76.907593,Identity Theft reported in Mandya; registered at Mandya Police Station 08. Synthetic demonstration record.
447,100281276202400001,202400001,2024-06-23,5227,1276,1,2,7,19,3,7028,2024-06-23 13:52:00,2024-06-23 16:17:00,2024-06-23 18:05:00,14.765997,74.160365,Forgery reported in Uttara Kannada; registered at Uttara Kannada Police Station 06. Synthetic demonstration record.
448,100291289202200001,202200001,2022-10-04,5304,1289,1,2,4,11,4,7029,2022-10-03 20:38:00,2022-10-03 22:36:00,2022-10-03 23:51:00,16.810259,75.724162,Online Fraud reported in Vijayapura; registered at Vijayapura Police Station 09. Synthetic demonstration record.
449,100051045202500002,202500002,2025-11-12,5419,1045,1,2,4,11,3,7005,2025-11-11 12:10:00,2025-11-11 13:56:00,2025-11-11 15:24:00,12.947624,77.644219,Online Fraud reported in Bengaluru Urban; registered at Bengaluru Urban Police Station 05. Synthetic demonstration record.
450,100031024202200002,202200002,2022-10-21,5032,1024,1,2,2,6,3,7003,2022-10-21 18:06:00,2022-10-21 19:17:00,2022-10-21 20:47:00,15.855002,74.562907,Vehicle Theft reported in Belagavi; registered at Belagavi Police Station 04. Synthetic demonstration record.
451,100091082202300001,202300001,2023-09-01,5515,1082,1,2,5,14,5,7009,2023-09-01 00:18:00,2023-09-01 02:33:00,2023-09-01 04:14:00,13.30834,75.754589,NDPS Possession reported in Chikkamagaluru; registered at Chikkamagaluru Police Station 02. Synthetic demonstration record.
452,100151145202400001,202400001,2024-10-10,5234,1145,1,2,2,7,3,7015,2024-10-09 03:41:00,2024-10-09 05:55:00,2024-10-09 07:29:00,13.019021,76.103752,House Theft reported in Hassan; registered at Hassan Police Station 05. Synthetic demonstration record.
453,100231230202300001,202300001,2023-10-17,5499,1230,1,2,3,8,2,7023,2023-10-15 17:29:00,2023-10-15 19:03:00,2023-10-15 19:15:00,16.225465,77.348526,Domestic Violence reported in Raichur; registered at Raichur Police Station 10. Synthetic demonstration record.
454,100071063202400002,202400002,2024-02-17,5009,1063,1,2,2,6,2,7007,2024-02-16 19:45:00,2024-02-16 21:15:00,2024-02-16 22:29:00,11.929922,76.914193,Vehicle Theft reported in Chamarajanagar; registered at Chamarajanagar Police Station 03. Synthetic demonstration record.
455,100261259202200001,202200001,2022-01-21,5541,1259,1,2,8,20,2,7026,2022-01-19 18:40:00,2022-01-19 21:19:00,2022-01-19 21:39:00,13.3312,77.087525,Hit and Run reported in Tumakuru; registered at Tumakuru Police Station 09. Synthetic demonstration record.
456,100081075202600001,202600001,2026-05-03,5154,1075,1,2,4,11,2,7008,2026-05-02 19:23:00,2026-05-02 20:46:00,2026-05-02 22:05:00,13.464068,77.714998,Online Fraud reported in Chikkaballapur; registered at Chikkaballapur Police Station 05. Synthetic demonstration record.
457,100131124202400001,202400001,2024-06-01,5245,1124,1,2,4,13,3,7013,2024-05-30 10:55:00,2024-05-30 11:34:00,2024-05-30 12:06:00,15.404692,74.997854,Cyber Stalking reported in Dharwad; registered at Dharwad Police Station 04. Synthetic demonstration record.
458,100261259202500002,202500002,2025-10-04,5541,1259,1,2,8,20,3,7026,2025-10-03 02:32:00,2025-10-03 03:21:00,2025-10-03 04:52:00,13.285896,77.134696,Hit and Run reported in Tumakuru; registered at Tumakuru Police Station 09. Synthetic demonstration record.
459,100111107202400002,202400002,2024-02-19,5272,1107,1,2,5,14,1,7011,2024-02-19 06:23:00,2024-02-19 07:39:00,2024-02-19 09:04:00,12.917002,74.827641,NDPS Possession reported in Dakshina Kannada; registered at Dakshina Kannada Police Station 07. Synthetic demonstration record.
460,100281280202600001,202600001,2026-01-03,5427,1280,1,2,2,6,1,7028,2026-01-01 17:24:00,2026-01-01 18:19:00,2026-01-01 19:37:00,14.782596,74.190743,Vehicle Theft reported in Uttara Kannada; registered at Uttara Kannada Police Station 10. Synthetic demonstration record.
461,100281274202300001,202300001,2023-09-18,5487,1274,1,2,4,11,2,7028,2023-09-18 18:26:00,2023-09-18 20:42:00,2023-09-18 21:34:00,14.749559,74.143984,Online Fraud reported in Uttara Kannada; registered at Uttara Kannada Police Station 04. Synthetic demonstration record.
462,100171168202500002,202500002,2025-01-13,5133,1168,1,2,4,13,1,7017,2025-01-13 13:56:00,2025-01-13 16:00:00,2025-01-13 16:12:00,17.306281,76.85012,Cyber Stalking reported in Kalaburagi; registered at Kalaburagi Police Station 08. Synthetic demonstration record.
463,100141135202300001,202300001,2023-09-11,5230,1135,1,2,2,5,5,7014,2023-09-09 22:24:00,2023-09-09 23:52:00,2023-09-10 01:39:00,15.457397,75.677891,Burglary reported in Gadag; registered at Gadag Police Station 05. Synthetic demonstration record.
464,300111104202500001,202500001,2025-02-06,5488,1104,2,1,5,15,2,7011,2025-02-05 07:20:00,2025-02-05 08:50:00,2025-02-05 10:49:00,12.912831,74.911827,Drug Trafficking reported in Dakshina Kannada; registered at Dakshina Kannada Police Station 04. Synthetic demonstration record.
465,100111108202200002,202200002,2022-08-30,5555,1108,1,2,1,3,1,7011,2022-08-28 04:08:00,2022-08-28 05:31:00,2022-08-28 06:44:00,12.89723,74.88811,Assault reported in Dakshina Kannada; registered at Dakshina Kannada Police Station 08. Synthetic demonstration record.
466,100031030202200002,202200002,2022-02-17,5459,1030,1,1,5,15,4,7003,2022-02-16 18:59:00,2022-02-16 21:01:00,2022-02-16 22:29:00,15.847652,74.445108,Drug Trafficking reported in Belagavi; registered at Belagavi Police Station 10. Synthetic demonstration record.
467,100311306202400001,202400001,2024-04-06,5594,1306,1,2,6,16,1,7031,2024-04-06 02:40:00,2024-04-06 03:15:00,2024-04-06 04:11:00,15.375475,76.499119,Rioting reported in Vijayanagara; registered at Vijayanagara Police Station 06. Synthetic demonstration record.
468,100191185202500001,202500001,2025-07-10,5378,1185,1,1,3,10,1,7019,2025-07-08 11:42:00,2025-07-08 13:35:00,2025-07-08 15:01:00,13.073541,78.140483,Kidnapping reported in Kolar; registered at Kolar Police Station 05. Synthetic demonstration record.
469,100281279202400001,202400001,2024-04-22,5557,1279,1,2,4,11,1,7028,2024-04-21 12:10:00,2024-04-21 12:37:00,2024-04-21 14:09:00,14.847741,74.122489,Online Fraud reported in Uttara Kannada; registered at Uttara Kannada Police Station 09. Synthetic demonstration record.
470,400041034202200001,202200001,2022-04-09,5140,1034,3,2,2,6,2,7004,2022-04-08 18:44:00,2022-04-08 20:47:00,2022-04-08 21:12:00,13.283779,77.772805,Vehicle Theft reported in Bengaluru Rural; registered at Bengaluru Rural Police Station 04. Synthetic demonstration record.
471,300051047202500001,202500001,2025-06-01,5527,1047,2,2,5,14,5,7005,2025-05-31 15:39:00,2025-05-31 15:51:00,2025-05-31 17:20:00,12.992534,77.60294,NDPS Possession reported in Bengaluru Urban; registered at Bengaluru Urban Police Station 07. Synthetic demonstration record.
472,100151148202500001,202500001,2025-01-02,5566,1148,1,1,2,4,2,7015,2025-01-01 21:57:00,2025-01-01 22:11:00,2025-01-01 22:21:00,12.962594,76.154299,Robbery reported in Hassan; registered at Hassan Police Station 08. Synthetic demonstration record.
473,100131123202600001,202600001,2026-03-02,5087,1123,1,2,8,20,3,7013,2026-03-02 18:00:00,2026-03-02 18:48:00,2026-03-02 19:34:00,15.478924,75.037831,Hit and Run reported in Dharwad; registered at Dharwad Police Station 03. Synthetic demonstration record.
474,100211207202400002,202400002,2024-01-06,5064,1207,1,2,2,6,1,7021,2024-01-05 19:01:00,2024-01-05 21:28:00,2024-01-05 21:39:00,12.561065,76.96921,Vehicle Theft reported in Mandya; registered at Mandya Police Station 07. Synthetic demonstration record.
475,100211205202300001,202300001,2023-02-02,5237,1205,1,2,8,20,3,7021,2023-01-31 02:49:00,2023-01-31 03:29:00,2023-01-31 04:20:00,12.458023,76.934516,Hit and Run reported in Mandya; registered at Mandya Police Station 05. Synthetic demonstration record.
476,100191186202300001,202300001,2023-07-03,5215,1186,1,2,6,16,3,7019,2023-07-01 05:40:00,2023-07-01 08:30:00,2023-07-01 09:59:00,13.12542,78.13722,Rioting reported in Kolar; registered at Kolar Police Station 06. Synthetic demonstration record.
477,800131124202600001,202600001,2026-06-28,5245,1124,4,2,2,7,3,7013,2026-06-27 01:18:00,2026-06-27 02:45:00,2026-06-27 03:11:00,15.475967,75.02639,House Theft reported in Dharwad; registered at Dharwad Police Station 04. Synthetic demonstration record.
478,100161160202500001,202500001,2025-02-12,5501,1160,1,2,1,3,1,7016,2025-02-11 00:05:00,2025-02-11 02:47:00,2025-02-11 04:27:00,14.742686,75.404437,Assault reported in Haveri; registered at Haveri Police Station 10. Synthetic demonstration record.
479,100111110202600001,202600001,2026-03-03,5399,1110,1,1,2,4,3,7011,2026-03-03 19:09:00,2026-03-03 20:14:00,2026-03-03 21:54:00,12.881086,74.871742,Robbery reported in Dakshina Kannada; registered at Dakshina Kannada Police Station 10. Synthetic demonstration record.
480,800171170202200001,202200001,2022-10-20,5285,1170,4,2,2,6,2,7017,2022-10-20 19:48:00,2022-10-20 21:36:00,2022-10-20 23:02:00,17.322535,76.857251,Vehicle Theft reported in Kalaburagi; registered at Kalaburagi Police Station 10. Synthetic demonstration record.
481,100221220202400001,202400001,2024-01-12,5194,1220,1,2,6,17,2,7022,2024-01-10 06:39:00,2024-01-10 08:53:00,2024-01-10 10:18:00,12.296044,76.668197,Unlawful Assembly reported in Mysuru; registered at Mysuru Police Station 10. Synthetic demonstration record.
482,100051044202500003,202500003,2025-11-16,5052,1044,1,2,4,12,1,7005,2025-11-15 16:59:00,2025-11-15 19:58:00,2025-11-15 20:46:00,12.95635,77.620987,Identity Theft reported in Bengaluru Urban; registered at Bengaluru Urban Police Station 04. Synthetic demonstration record.
483,100191184202500001,202500001,2025-09-09,5479,1184,1,2,8,20,5,7019,2025-09-09 01:07:00,2025-09-09 03:42:00,2025-09-09 04:31:00,13.132135,78.105987,Hit and Run reported in Kolar; registered at Kolar Police Station 04. Synthetic demonstration record.
484,100181173202300001,202300001,2023-01-15,5219,1173,1,2,4,11,2,7018,2023-01-13 20:19:00,2023-01-13 22:01:00,2023-01-14 00:00:00,12.330964,75.825897,Online Fraud reported in Kodagu; registered at Kodagu Police Station 03. Synthetic demonstration record.
485,800201196202400001,202400001,2024-03-30,5247,1196,4,2,2,6,3,7020,2024-03-28 17:36:00,2024-03-28 18:08:00,2024-03-28 19:59:00,15.410829,76.127004,Vehicle Theft reported in Koppal; registered at Koppal Police Station 06. Synthetic demonstration record.
486,100121117202500001,202500001,2025-02-01,5480,1117,1,2,7,18,1,7012,2025-01-30 19:05:00,2025-01-30 20:26:00,2025-01-30 20:47:00,14.480057,75.934607,Cheating reported in Davanagere; registered at Davanagere Police Station 07. Synthetic demonstration record.
487,100101096202600001,202600001,2026-03-29,5409,1096,1,2,4,11,4,7010,2026-03-27 19:38:00,2026-03-27 21:06:00,2026-03-27 21:22:00,14.225599,76.407171,Online Fraud reported in Chitradurga; registered at Chitradurga Police Station 06. Synthetic demonstration record.
488,100121119202500001,202500001,2025-04-30,5198,1119,1,1,1,2,2,7012,2025-04-28 23:28:00,2025-04-29 02:26:00,2025-04-29 03:29:00,14.499285,75.952798,Attempt to Murder reported in Davanagere; registered at Davanagere Police Station 09. Synthetic demonstration record.
489,300111103202400001,202400001,2024-09-13,5538,1103,2,2,3,8,1,7011,2024-09-11 00:40:00,2024-09-11 01:21:00,2024-09-11 01:46:00,12.875226,74.849648,Domestic Violence reported in Dakshina Kannada; registered at Dakshina Kannada Police Station 03. Synthetic demonstration record.
490,100281277202300001,202300001,2023-11-09,5303,1277,1,1,2,4,1,7028,2023-11-08 21:44:00,2023-11-09 00:23:00,2023-11-09 00:50:00,14.868718,74.140674,Robbery reported in Uttara Kannada; registered at Uttara Kannada Police Station 07. Synthetic demonstration record.
491,100211202202400001,202400001,2024-11-21,5421,1202,1,2,6,16,5,7021,2024-11-20 10:14:00,2024-11-20 12:51:00,2024-11-20 14:01:00,12.486605,76.905983,Rioting reported in Mandya; registered at Mandya Police Station 02. Synthetic demonstration record.
492,100051048202200001,202200001,2022-02-06,5306,1048,1,2,4,11,3,7005,2022-02-05 17:10:00,2022-02-05 19:44:00,2022-02-05 20:08:00,12.998345,77.591474,Online Fraud reported in Bengaluru Urban; registered at Bengaluru Urban Police Station 08. Synthetic demonstration record.
493,100301294202500001,202500001,2025-11-06,5120,1294,1,2,1,3,5,7030,2025-11-05 11:57:00,2025-11-05 12:45:00,2025-11-05 13:30:00,16.76842,77.115971,Assault reported in Yadgir; registered at Yadgir Police Station 04. Synthetic demonstration record.
494,100251241202600001,202600001,2026-07-14,5132,1241,1,2,2,5,2,7025,2026-07-13 03:05:00,2026-07-13 04:27:00,2026-07-13 04:56:00,13.947478,75.573239,Burglary reported in Shivamogga; registered at Shivamogga Police Station 01. Synthetic demonstration record.
495,100041034202200002,202200002,2022-08-30,5260,1034,1,2,8,20,1,7004,2022-08-28 07:02:00,2022-08-28 08:45:00,2022-08-28 10:12:00,13.285415,77.718279,Hit and Run reported in Bengaluru Rural; registered at Bengaluru Rural Police Station 04. Synthetic demonstration record.
496,400311308202200001,202200001,2022-04-06,5028,1308,3,2,2,7,1,7031,2022-04-04 02:00:00,2022-04-04 02:28:00,2022-04-04 04:03:00,15.310512,76.430352,House Theft reported in Vijayanagara; registered at Vijayanagara Police Station 08. Synthetic demonstration record.
497,100281280202200001,202200001,2022-09-21,5309,1280,1,2,4,12,1,7028,2022-09-21 13:50:00,2022-09-21 15:26:00,2022-09-21 16:32:00,14.851646,74.140943,Identity Theft reported in Uttara Kannada; registered at Uttara Kannada Police Station 10. Synthetic demonstration record.
498,100171163202400001,202400001,2024-12-15,5191,1163,1,2,2,7,3,7017,2024-12-14 01:24:00,2024-12-14 04:23:00,2024-12-14 05:14:00,17.280834,76.873503,House Theft reported in Kalaburagi; registered at Kalaburagi Police Station 03. Synthetic demonstration record.
499,100121111202600001,202600001,2026-03-28,5082,1111,1,2,4,13,3,7012,2026-03-26 17:09:00,2026-03-26 17:49:00,2026-03-26 18:36:00,14.408373,75.92618,Cyber Stalking reported in Davanagere; registered at Davanagere Police Station 01. Synthetic demonstration record.
500,100211208202200001,202200001,2022-07-24,5176,1208,1,2,3,8,2,7021,2022-07-22 18:41:00,2022-07-22 19:56:00,2022-07-22 21:42:00,12.490424,76.945902,Domestic Violence reported in Mandya; registered at Mandya Police Station 08. Synthetic demonstration record.
501,100291290202400002,202400002,2024-08-10,5286,1290,1,2,3,9,1,7029,2024-08-08 21:55:00,2024-08-08 22:53:00,2024-08-08 23:09:00,16.799851,75.715494,Sexual Harassment reported in Vijayapura; registered at Vijayapura Police Station 10. Synthetic demonstration record.
502,100041035202300001,202300001,2023-12-06,5525,1035,1,2,1,3,1,7004,2023-12-05 07:08:00,2023-12-05 09:49:00,2023-12-05 11:16:00,13.226217,77.704084,Assault reported in Bengaluru Rural; registered at Bengaluru Rural Police Station 05. Synthetic demonstration record.
503,100051045202400001,202400001,2024-05-15,5419,1045,1,2,6,16,3,7005,2024-05-14 03:41:00,2024-05-14 05:23:00,2024-05-14 06:58:00,13.017727,77.587298,Rioting reported in Bengaluru Urban; registered at Bengaluru Urban Police Station 05. Synthetic demonstration record.
504,100101098202500002,202500002,2025-02-20,5356,1098,1,1,1,2,1,7010,2025-02-19 20:27:00,2025-02-19 22:01:00,2025-02-19 23:35:00,14.223588,76.363461,Attempt to Murder reported in Chitradurga; registered at Chitradurga Police Station 08. Synthetic demonstration record.
505,100291283202600001,202600001,2026-06-30,5534,1283,1,1,3,10,1,7029,2026-06-29 03:35:00,2026-06-29 04:44:00,2026-06-29 06:26:00,16.857253,75.719635,Kidnapping reported in Vijayapura; registered at Vijayapura Police Station 03. Synthetic demonstration record.
506,100241234202400002,202400002,2024-09-10,5328,1234,1,1,3,10,1,7024,2024-09-10 14:06:00,2024-09-10 16:02:00,2024-09-10 17:35:00,12.696647,77.274762,Kidnapping reported in Ramanagara; registered at Ramanagara Police Station 04. Synthetic demonstration record.
507,100171163202500001,202500001,2025-07-01,5473,1163,1,2,7,18,2,7017,2025-07-01 16:03:00,2025-07-01 16:28:00,2025-07-01 17:46:00,17.342675,76.832163,Cheating reported in Kalaburagi; registered at Kalaburagi Police Station 03. Synthetic demonstration record.
508,100031030202400001,202400001,2024-08-19,5459,1030,1,2,2,5,3,7003,2024-08-19 01:19:00,2024-08-19 03:15:00,2024-08-19 03:22:00,15.819689,74.524272,Burglary reported in Belagavi; registered at Belagavi Police Station 10. Synthetic demonstration record.
509,100201191202300001,202300001,2023-04-12,5420,1191,1,1,5,15,3,7020,2023-04-11 15:56:00,2023-04-11 16:40:00,2023-04-11 18:03:00,15.32507,76.160962,Drug Trafficking reported in Koppal; registered at Koppal Police Station 01. Synthetic demonstration record.
510,100171170202600001,202600001,2026-04-29,5285,1170,1,2,7,18,3,7017,2026-04-29 15:35:00,2026-04-29 16:14:00,2026-04-29 16:44:00,17.336203,76.839975,Cheating reported in Kalaburagi; registered at Kalaburagi Police Station 10. Synthetic demonstration record.
511,300161160202300001,202300001,2023-04-29,5501,1160,2,1,2,4,4,7016,2023-04-28 18:13:00,2023-04-28 19:18:00,2023-04-28 20:43:00,14.799879,75.453749,Robbery reported in Haveri; registered at Haveri Police Station 10. Synthetic demonstration record.
512,100141137202400001,202400001,2024-08-04,5445,1137,1,2,3,8,1,7014,2024-08-03 08:06:00,2024-08-03 09:25:00,2024-08-03 10:39:00,15.414983,75.657059,Domestic Violence reported in Gadag; registered at Gadag Police Station 07. Synthetic demonstration record.
513,100101092202600001,202600001,2026-02-12,5180,1092,1,2,2,5,3,7010,2026-02-12 22:52:00,2026-02-13 01:34:00,2026-02-13 02:08:00,14.189523,76.41556,Burglary reported in Chitradurga; registered at Chitradurga Police Station 02. Synthetic demonstration record.
514,100011005202400001,202400001,2024-08-10,5507,1005,1,1,2,4,3,7001,2024-08-08 17:36:00,2024-08-08 18:26:00,2024-08-08 20:08:00,16.151354,75.730998,Robbery reported in Bagalkot; registered at Bagalkot Police Station 05. Synthetic demonstration record.
515,100051049202400005,202400005,2024-06-14,5582,1049,1,2,4,12,5,7005,2024-06-14 20:46:00,2024-06-14 21:14:00,2024-06-14 22:35:00,12.95196,77.643761,Identity Theft reported in Bengaluru Urban; registered at Bengaluru Urban Police Station 09. Synthetic demonstration record.
516,100301299202300001,202300001,2023-09-24,5089,1299,1,2,2,6,1,7030,2023-09-23 19:17:00,2023-09-23 21:25:00,2023-09-23 23:20:00,16.772565,77.099203,Vehicle Theft reported in Yadgir; registered at Yadgir Police Station 09. Synthetic demonstration record.
517,100181174202300001,202300001,2023-12-11,5209,1174,1,2,4,11,5,7018,2023-12-10 10:03:00,2023-12-10 10:40:00,2023-12-10 10:57:00,12.36754,75.763955,Online Fraud reported in Kodagu; registered at Kodagu Police Station 04. Synthetic demonstration record.
518,100011010202400001,202400001,2024-11-06,5588,1010,1,2,6,17,2,7001,2024-11-05 04:40:00,2024-11-05 06:36:00,2024-11-05 08:21:00,16.204789,75.680386,Unlawful Assembly reported in Bagalkot; registered at Bagalkot Police Station 10. Synthetic demonstration record.
519,100211204202500001,202500001,2025-01-25,5201,1204,1,2,4,11,5,7021,2025-01-23 18:51:00,2025-01-23 20:49:00,2025-01-23 22:39:00,12.509876,76.92363,Online Fraud reported in Mandya; registered at Mandya Police Station 04. Synthetic demonstration record.
520,100311304202200001,202200001,2022-03-27,5432,1304,1,2,7,18,1,7031,2022-03-27 09:21:00,2022-03-27 09:47:00,2022-03-27 10:19:00,15.270272,76.494129,Cheating reported in Vijayanagara; registered at Vijayanagara Police Station 04. Synthetic demonstration record.
521,100201200202200001,202200001,2022-05-24,5474,1200,1,2,2,7,1,7020,2022-05-22 03:29:00,2022-05-22 04:34:00,2022-05-22 06:00:00,15.351861,76.149579,House Theft reported in Koppal; registered at Koppal Police Station 10. Synthetic demonstration record.
522,100071070202200001,202200001,2022-12-27,5130,1070,1,2,3,8,3,7007,2022-12-26 15:23:00,2022-12-26 16:52:00,2022-12-26 17:35:00,11.973612,76.917546,Domestic Violence reported in Chamarajanagar; registered at Chamarajanagar Police Station 10. Synthetic demonstration record.
523,800131125202300001,202300001,2023-03-07,5379,1125,4,2,2,5,1,7013,2023-03-07 22:56:00,2023-03-08 01:37:00,2023-03-08 02:18:00,15.507939,74.962992,Burglary reported in Dharwad; registered at Dharwad Police Station 05. Synthetic demonstration record.
524,100061054202300001,202300001,2023-08-31,5576,1054,1,2,2,6,2,7006,2023-08-31 17:35:00,2023-08-31 19:42:00,2023-08-31 21:34:00,17.899745,77.566896,Vehicle Theft reported in Bidar; registered at Bidar Police Station 04. Synthetic demonstration record.
525,100221219202200001,202200001,2022-10-09,5054,1219,1,2,1,3,1,7022,2022-10-07 22:29:00,2022-10-08 01:14:00,2022-10-08 03:14:00,12.309764,76.609629,Assault reported in Mysuru; registered at Mysuru Police Station 09. Synthetic demonstration record.
526,100101097202200001,202200001,2022-10-24,5171,1097,1,2,4,12,2,7010,2022-10-22 14:00:00,2022-10-22 15:09:00,2022-10-22 15:48:00,14.259319,76.385505,Identity Theft reported in Chitradurga; registered at Chitradurga Police Station 07. Synthetic demonstration record.
527,100051043202300002,202300002,2023-12-24,5343,1043,1,2,4,11,1,7005,2023-12-22 14:04:00,2023-12-22 15:48:00,2023-12-22 17:24:00,12.908517,77.627266,Online Fraud reported in Bengaluru Urban; registered at Bengaluru Urban Police Station 03. Synthetic demonstration record.
528,100111106202200001,202200001,2022-12-01,5362,1106,1,1,5,15,3,7011,2022-11-30 12:48:00,2022-11-30 13:18:00,2022-11-30 14:11:00,12.946236,74.878213,Drug Trafficking reported in Dakshina Kannada; registered at Dakshina Kannada Police Station 06. Synthetic demonstration record.
529,100221216202500001,202500001,2025-11-21,5581,1216,1,2,2,6,3,7022,2025-11-20 18:45:00,2025-11-20 19:35:00,2025-11-20 20:57:00,12.239884,76.633313,Vehicle Theft reported in Mysuru; registered at Mysuru Police Station 06. Synthetic demonstration record.
530,300051048202400001,202400001,2024-10-15,5073,1048,2,2,7,18,4,7005,2024-10-14 20:17:00,2024-10-14 21:41:00,2024-10-14 21:56:00,12.959182,77.593382,Cheating reported in Bengaluru Urban; registered at Bengaluru Urban Police Station 08. Synthetic demonstration record.
531,100171168202500003,202500003,2025-04-03,5133,1168,1,1,1,1,3,7017,2025-04-02 23:35:00,2025-04-03 02:26:00,2025-04-03 02:40:00,17.267074,76.869215,Murder reported in Kalaburagi; registered at Kalaburagi Police Station 08. Synthetic demonstration record.
532,100051042202300002,202300002,2023-07-12,5300,1042,1,1,2,4,3,7005,2023-07-12 20:26:00,2023-07-12 22:41:00,2023-07-12 22:52:00,12.996471,77.578802,Robbery reported in Bengaluru Urban; registered at Bengaluru Urban Police Station 02. Synthetic demonstration record.
533,100031028202300002,202300002,2023-01-15,5402,1028,1,2,2,7,1,7003,2023-01-15 22:05:00,2023-01-15 22:55:00,2023-01-15 23:08:00,15.824486,74.529614,House Theft reported in Belagavi; registered at Belagavi Police Station 08. Synthetic demonstration record.
534,100131128202200002,202200002,2022-04-04,5472,1128,1,2,2,5,1,7013,2022-04-03 00:59:00,2022-04-03 02:47:00,2022-04-03 04:12:00,15.457679,75.008087,Burglary reported in Dharwad; registered at Dharwad Police Station 08. Synthetic demonstration record.
535,100031023202600001,202600001,2026-06-15,5127,1023,1,2,6,16,1,7003,2026-06-13 03:36:00,2026-06-13 03:57:00,2026-06-13 04:25:00,15.860179,74.464621,Rioting reported in Belagavi; registered at Belagavi Police Station 03. Synthetic demonstration record.
536,100311310202300001,202300001,2023-04-09,5567,1310,1,2,4,11,3,7031,2023-04-07 17:32:00,2023-04-07 17:51:00,2023-04-07 19:11:00,15.282952,76.451146,Online Fraud reported in Vijayanagara; registered at Vijayanagara Police Station 10. Synthetic demonstration record.
537,100051041202400001,202400001,2024-07-09,5077,1041,1,2,5,14,1,7005,2024-07-08 05:24:00,2024-07-08 07:56:00,2024-07-08 08:45:00,12.988895,77.64276,NDPS Possession reported in Bengaluru Urban; registered at Bengaluru Urban Police Station 01. Synthetic demonstration record.
538,100111104202400001,202400001,2024-03-06,5141,1104,1,2,2,6,5,7011,2024-03-04 19:18:00,2024-03-04 21:05:00,2024-03-04 21:44:00,12.93262,74.845107,Vehicle Theft reported in Dakshina Kannada; registered at Dakshina Kannada Police Station 04. Synthetic demonstration record.
539,100131121202400001,202400001,2024-05-22,5358,1121,1,2,4,11,2,7013,2024-05-22 19:54:00,2024-05-22 20:29:00,2024-05-22 22:18:00,15.435652,75.03093,Online Fraud reported in Dharwad; registered at Dharwad Police Station 01. Synthetic demonstration record.
540,100051049202300001,202300001,2023-03-23,5582,1049,1,2,7,18,1,7005,2023-03-21 16:11:00,2023-03-21 18:23:00,2023-03-21 18:51:00,12.981771,77.624583,Cheating reported in Bengaluru Urban; registered at Bengaluru Urban Police Station 09. Synthetic demonstration record.
541,100071068202400001,202400001,2024-01-17,5174,1068,1,1,5,15,4,7007,2024-01-15 22:39:00,2024-01-15 23:39:00,2024-01-16 00:33:00,11.891021,76.955462,Drug Trafficking reported in Chamarajanagar; registered at Chamarajanagar Police Station 08. Synthetic demonstration record.
542,100301294202400001,202400001,2024-04-09,5252,1294,1,1,2,4,2,7030,2024-04-07 17:51:00,2024-04-07 19:57:00,2024-04-07 21:50:00,16.72893,77.145135,Robbery reported in Yadgir; registered at Yadgir Police Station 04. Synthetic demonstration record.
543,100251250202600001,202600001,2026-07-24,5502,1250,1,2,7,19,1,7025,2026-07-22 20:49:00,2026-07-22 22:24:00,2026-07-22 23:37:00,13.936361,75.5792,Forgery reported in Shivamogga; registered at Shivamogga Police Station 10. Synthetic demonstration record.
544,100141139202400001,202400001,2024-02-06,5241,1139,1,1,2,4,1,7014,2024-02-05 19:19:00,2024-02-05 20:15:00,2024-02-05 20:48:00,15.456032,75.668987,Robbery reported in Gadag; registered at Gadag Police Station 09. Synthetic demonstration record.
545,100051050202400003,202400003,2024-11-12,5125,1050,1,2,4,11,3,7005,2024-11-10 14:52:00,2024-11-10 17:45:00,2024-11-10 18:53:00,12.995454,77.586185,Online Fraud reported in Bengaluru Urban; registered at Bengaluru Urban Police Station 10. Synthetic demonstration record.
546,100161151202300001,202300001,2023-04-06,5189,1151,1,2,4,13,2,7016,2023-04-05 12:27:00,2023-04-05 14:48:00,2023-04-05 14:55:00,14.770749,75.427399,Cyber Stalking reported in Haveri; registered at Haveri Police Station 01. Synthetic demonstration record.
547,300091083202600001,202600001,2026-03-29,5149,1083,2,2,8,20,5,7009,2026-03-29 08:42:00,2026-03-29 11:28:00,2026-03-29 12:24:00,13.304118,75.840487,Hit and Run reported in Chikkamagaluru; registered at Chikkamagaluru Police Station 03. Synthetic demonstration record.
548,100131122202200002,202200002,2022-05-01,5153,1122,1,2,2,5,3,7013,2022-04-30 02:57:00,2022-04-30 05:47:00,2022-04-30 06:39:00,15.48181,75.01526,Burglary reported in Dharwad; registered at Dharwad Police Station 02. Synthetic demonstration record.
549,100241232202600001,202600001,2026-01-26,5352,1232,1,2,1,3,2,7024,2026-01-25 08:57:00,2026-01-25 11:15:00,2026-01-25 12:22:00,12.693313,77.325604,Assault reported in Ramanagara; registered at Ramanagara Police Station 02. Synthetic demonstration record.
550,100241235202200001,202200001,2022-12-30,5595,1235,1,2,8,20,3,7024,2022-12-30 22:00:00,2022-12-30 23:36:00,2022-12-31 00:20:00,12.769194,77.255605,Hit and Run reported in Ramanagara; registered at Ramanagara Police Station 05. Synthetic demonstration record.
551,100051047202300002,202300002,2023-05-11,5600,1047,1,2,2,7,5,7005,2023-05-09 02:05:00,2023-05-09 04:52:00,2023-05-09 05:16:00,13.014852,77.655557,House Theft reported in Bengaluru Urban; registered at Bengaluru Urban Police Station 07. Synthetic demonstration record.
552,100231226202200002,202200002,2022-09-04,5060,1226,1,2,6,17,4,7023,2022-09-04 14:04:00,2022-09-04 15:24:00,2022-09-04 16:01:00,16.222218,77.357481,Unlawful Assembly reported in Raichur; registered at Raichur Police Station 06. Synthetic demonstration record.
553,100301294202600001,202600001,2026-03-25,5252,1294,1,2,4,11,5,7030,2026-03-24 09:42:00,2026-03-24 11:39:00,2026-03-24 12:46:00,16.82668,77.090666,Online Fraud reported in Yadgir; registered at Yadgir Police Station 04. Synthetic demonstration record.
554,100051042202300003,202300003,2023-12-13,5300,1042,1,2,4,12,1,7005,2023-12-11 14:50:00,2023-12-11 17:18:00,2023-12-11 19:08:00,13.006639,77.621562,Identity Theft reported in Bengaluru Urban; registered at Bengaluru Urban Police Station 02. Synthetic demonstration record.
555,100051049202600001,202600001,2026-01-27,5561,1049,1,2,4,11,1,7005,2026-01-27 13:08:00,2026-01-27 14:47:00,2026-01-27 16:34:00,12.961633,77.630088,Online Fraud reported in Bengaluru Urban; registered at Bengaluru Urban Police Station 09. Synthetic demonstration record.
556,100031029202300001,202300001,2023-03-01,5336,1029,1,2,4,11,2,7003,2023-02-27 11:37:00,2023-02-27 12:02:00,2023-02-27 12:22:00,15.845993,74.51975,Online Fraud reported in Belagavi; registered at Belagavi Police Station 09. Synthetic demonstration record.
557,400161155202300001,202300001,2023-06-14,5178,1155,3,2,3,8,2,7016,2023-06-14 18:47:00,2023-06-14 21:47:00,2023-06-14 22:46:00,14.853641,75.365212,Domestic Violence reported in Haveri; registered at Haveri Police Station 05. Synthetic demonstration record.
558,100311303202500001,202500001,2025-11-08,5085,1303,1,2,4,12,2,7031,2025-11-08 14:45:00,2025-11-08 17:21:00,2025-11-08 18:31:00,15.328841,76.531666,Identity Theft reported in Vijayanagara; registered at Vijayanagara Police Station 03. Synthetic demonstration record.
559,100151144202300002,202300002,2023-08-30,5081,1144,1,2,6,16,3,7015,2023-08-29 18:01:00,2023-08-29 20:27:00,2023-08-29 22:05:00,13.021783,76.08374,Rioting reported in Hassan; registered at Hassan Police Station 04. Synthetic demonstration record.
560,100111110202400002,202400002,2024-03-10,5163,1110,1,2,4,11,3,7011,2024-03-08 20:14:00,2024-03-08 22:54:00,2024-03-08 23:01:00,12.90434,74.892429,Online Fraud reported in Dakshina Kannada; registered at Dakshina Kannada Police Station 10. Synthetic demonstration record.
561,100201194202200001,202200001,2022-08-06,5539,1194,1,2,5,14,3,7020,2022-08-04 08:52:00,2022-08-04 09:04:00,2022-08-04 09:12:00,15.298647,76.15429,NDPS Possession reported in Koppal; registered at Koppal Police Station 04. Synthetic demonstration record.
562,100261259202600001,202600001,2026-01-12,5541,1259,1,2,2,6,5,7026,2026-01-12 19:56:00,2026-01-12 21:31:00,2026-01-12 23:15:00,13.34531,77.125963,Vehicle Theft reported in Tumakuru; registered at Tumakuru Police Station 09. Synthetic demonstration record.
563,100131123202200001,202200001,2022-08-11,5142,1123,1,2,4,12,4,7013,2022-08-10 14:18:00,2022-08-10 15:48:00,2022-08-10 16:09:00,15.439754,75.049282,Identity Theft reported in Dharwad; registered at Dharwad Police Station 03. Synthetic demonstration record.
564,100221218202400001,202400001,2024-09-13,5011,1218,1,2,5,14,1,7022,2024-09-13 19:28:00,2024-09-13 19:51:00,2024-09-13 21:12:00,12.33963,76.646329,NDPS Possession reported in Mysuru; registered at Mysuru Police Station 08. Synthetic demonstration record.
565,100151150202500001,202500001,2025-03-21,5159,1150,1,2,2,6,1,7015,2025-03-19 20:32:00,2025-03-19 21:14:00,2025-03-19 22:54:00,13.020894,76.068292,Vehicle Theft reported in Hassan; registered at Hassan Police Station 10. Synthetic demonstration record.
566,100091085202500001,202500001,2025-04-22,5253,1085,1,2,4,12,4,7009,2025-04-20 19:03:00,2025-04-20 20:03:00,2025-04-20 21:41:00,13.285362,75.793996,Identity Theft reported in Chikkamagaluru; registered at Chikkamagaluru Police Station 05. Synthetic demonstration record.
567,100141132202500001,202500001,2025-01-01,5265,1132,1,1,1,2,3,7014,2024-12-31 01:46:00,2024-12-31 02:26:00,2024-12-31 03:32:00,15.444173,75.650448,Attempt to Murder reported in Gadag; registered at Gadag Police Station 02. Synthetic demonstration record.
568,100041036202300002,202300002,2023-11-29,5485,1036,1,2,2,6,2,7004,2023-11-27 20:31:00,2023-11-27 22:31:00,2023-11-27 22:47:00,13.311274,77.735414,Vehicle Theft reported in Bengaluru Rural; registered at Bengaluru Rural Police Station 06. Synthetic demonstration record.
569,100011003202300001,202300001,2023-11-03,5570,1003,1,2,2,7,5,7001,2023-11-02 03:46:00,2023-11-02 06:09:00,2023-11-02 06:32:00,16.183611,75.747201,House Theft reported in Bagalkot; registered at Bagalkot Police Station 03. Synthetic demonstration record.
570,100041031202400001,202400001,2024-06-24,5470,1031,1,2,8,20,1,7004,2024-06-24 18:52:00,2024-06-24 21:45:00,2024-06-24 23:39:00,13.274118,77.691692,Hit and Run reported in Bengaluru Rural; registered at Bengaluru Rural Police Station 01. Synthetic demonstration record.
571,100041035202600001,202600001,2026-03-18,5525,1035,1,2,4,11,1,7004,2026-03-16 21:09:00,2026-03-16 23:27:00,2026-03-16 23:44:00,13.343284,77.701592,Online Fraud reported in Bengaluru Rural; registered at Bengaluru Rural Police Station 05. Synthetic demonstration record.
572,100051048202400001,202400001,2024-11-18,5162,1048,1,2,3,9,1,7005,2024-11-18 19:27:00,2024-11-18 21:34:00,2024-11-18 22:58:00,13.008042,77.572392,Sexual Harassment reported in Bengaluru Urban; registered at Bengaluru Urban Police Station 08. Synthetic demonstration record.
573,100191184202200001,202200001,2022-03-03,5479,1184,1,1,1,2,3,7019,2022-03-03 00:12:00,2022-03-03 00:30:00,2022-03-03 02:19:00,13.153483,78.158823,Attempt to Murder reported in Kolar; registered at Kolar Police Station 04. Synthetic demonstration record.
574,300051047202500002,202500002,2025-08-09,5527,1047,2,2,7,19,3,7005,2025-08-08 10:39:00,2025-08-08 13:12:00,2025-08-08 14:15:00,12.997324,77.588547,Forgery reported in Bengaluru Urban; registered at Bengaluru Urban Police Station 07. Synthetic demonstration record.
575,100061057202300001,202300001,2023-02-24,5129,1057,1,2,2,6,1,7006,2023-02-23 17:10:00,2023-02-23 19:38:00,2023-02-23 20:33:00,17.862058,77.539331,Vehicle Theft reported in Bidar; registered at Bidar Police Station 07. Synthetic demonstration record.
576,100041035202200002,202200002,2022-07-24,5525,1035,1,1,3,10,1,7004,2022-07-24 05:41:00,2022-07-24 07:02:00,2022-07-24 08:32:00,13.23898,77.707988,Kidnapping reported in Bengaluru Rural; registered at Bengaluru Rural Police Station 05. Synthetic demonstration record.
577,100231227202200002,202200002,2022-03-24,5158,1227,1,2,1,3,4,7023,2022-03-23 01:18:00,2022-03-23 01:33:00,2022-03-23 02:15:00,16.235287,77.348806,Assault reported in Raichur; registered at Raichur Police Station 07. Synthetic demonstration record.
578,800061057202600001,202600001,2026-07-21,5129,1057,4,2,2,6,2,7006,2026-07-19 19:21:00,2026-07-19 20:46:00,2026-07-19 21:19:00,17.959523,77.47951,Vehicle Theft reported in Bidar; registered at Bidar Police Station 07. Synthetic demonstration record.
579,100111109202600001,202600001,2026-02-10,5254,1109,1,2,4,11,3,7011,2026-02-10 09:54:00,2026-02-10 10:39:00,2026-02-10 12:05:00,12.896031,74.833863,Online Fraud reported in Dakshina Kannada; registered at Dakshina Kannada Police Station 09. Synthetic demonstration record.
580,100251248202200002,202200002,2022-12-21,5229,1248,1,1,3,10,1,7025,2022-12-19 01:38:00,2022-12-19 03:29:00,2022-12-19 03:42:00,13.909063,75.554915,Kidnapping reported in Shivamogga; registered at Shivamogga Police Station 08. Synthetic demonstration record.
581,100191182202500001,202500001,2025-05-12,5584,1182,1,2,4,11,3,7019,2025-05-11 13:26:00,2025-05-11 15:31:00,2025-05-11 16:29:00,13.125545,78.120929,Online Fraud reported in Kolar; registered at Kolar Police Station 02. Synthetic demonstration record.
582,100131121202600001,202600001,2026-06-03,5358,1121,1,2,2,7,2,7013,2026-06-02 03:30:00,2026-06-02 05:41:00,2026-06-02 05:46:00,15.456835,75.010026,House Theft reported in Dharwad; registered at Dharwad Police Station 01. Synthetic demonstration record.
583,100171161202300001,202300001,2023-04-29,5119,1161,1,2,4,11,3,7017,2023-04-27 13:40:00,2023-04-27 15:12:00,2023-04-27 15:29:00,17.315083,76.886885,Online Fraud reported in Kalaburagi; registered at Kalaburagi Police Station 01. Synthetic demonstration record.
584,100151149202300001,202300001,2023-06-27,5180,1149,1,2,2,6,3,7015,2023-06-25 19:47:00,2023-06-25 22:44:00,2023-06-26 00:06:00,13.017383,76.088517,Vehicle Theft reported in Hassan; registered at Hassan Police Station 09. Synthetic demonstration record.
585,100161157202300001,202300001,2023-12-04,5462,1157,1,2,1,3,1,7016,2023-12-02 23:11:00,2023-12-03 02:09:00,2023-12-03 03:13:00,14.797162,75.354166,Assault reported in Haveri; registered at Haveri Police Station 07. Synthetic demonstration record.
586,100051043202600001,202600001,2026-06-26,5343,1043,1,2,4,12,2,7005,2026-06-25 19:55:00,2026-06-25 20:48:00,2026-06-25 21:17:00,12.910866,77.585032,Identity Theft reported in Bengaluru Urban; registered at Bengaluru Urban Police Station 03. Synthetic demonstration record.
587,100051044202500004,202500004,2025-08-03,5058,1044,1,2,6,17,3,7005,2025-08-01 01:16:00,2025-08-01 03:55:00,2025-08-01 04:14:00,13.000468,77.607228,Unlawful Assembly reported in Bengaluru Urban; registered at Bengaluru Urban Police Station 04. Synthetic demonstration record.
588,100271262202600001,202600001,2026-04-12,5444,1262,1,2,8,20,2,7027,2026-04-10 17:21:00,2026-04-10 19:43:00,2026-04-10 20:09:00,13.307483,74.768192,Hit and Run reported in Udupi; registered at Udupi Police Station 02. Synthetic demonstration record.
589,100091088202400002,202400002,2024-02-25,5443,1088,1,2,4,12,5,7009,2024-02-23 10:12:00,2024-02-23 12:00:00,2024-02-23 12:22:00,13.325427,75.80173,Identity Theft reported in Chikkamagaluru; registered at Chikkamagaluru Police Station 08. Synthetic demonstration record.
590,100271266202200001,202200001,2022-12-01,5520,1266,1,2,2,7,3,7027,2022-11-30 01:26:00,2022-11-30 02:52:00,2022-11-30 03:22:00,13.346285,74.738756,House Theft reported in Udupi; registered at Udupi Police Station 06. Synthetic demonstration record.
591,100021011202300001,202300001,2023-07-07,5385,1011,1,2,2,7,3,7002,2023-07-05 02:03:00,2023-07-05 02:52:00,2023-07-05 04:49:00,15.109131,76.952667,House Theft reported in Ballari; registered at Ballari Police Station 01. Synthetic demonstration record.
592,100161157202600001,202600001,2026-05-19,5462,1157,1,2,3,8,1,7016,2026-05-18 03:28:00,2026-05-18 06:28:00,2026-05-18 08:05:00,14.828095,75.427415,Domestic Violence reported in Haveri; registered at Haveri Police Station 07. Synthetic demonstration record.
593,100251242202400001,202400001,2024-06-03,5406,1242,1,2,2,6,2,7025,2024-06-02 21:25:00,2024-06-02 23:28:00,2024-06-03 01:03:00,13.990759,75.544274,Vehicle Theft reported in Shivamogga; registered at Shivamogga Police Station 02. Synthetic demonstration record.
594,100121119202300001,202300001,2023-05-16,5444,1119,1,2,2,7,3,7012,2023-05-14 01:00:00,2023-05-14 03:00:00,2023-05-14 03:11:00,14.508394,75.942026,House Theft reported in Davanagere; registered at Davanagere Police Station 09. Synthetic demonstration record.
595,100291290202200001,202200001,2022-06-18,5264,1290,1,2,8,20,1,7029,2022-06-18 12:41:00,2022-06-18 12:53:00,2022-06-18 14:34:00,16.833374,75.684424,Hit and Run reported in Vijayapura; registered at Vijayapura Police Station 10. Synthetic demonstration record.
596,100301294202200001,202200001,2022-07-31,5252,1294,1,2,1,3,2,7030,2022-07-31 05:01:00,2022-07-31 06:51:00,2022-07-31 07:48:00,16.796098,77.112685,Assault reported in Yadgir; registered at Yadgir Police Station 04. Synthetic demonstration record.
597,100051044202600002,202600002,2026-05-04,5399,1044,1,2,4,11,2,7005,2026-05-04 13:32:00,2026-05-04 13:47:00,2026-05-04 13:57:00,12.905792,77.596174,Online Fraud reported in Bengaluru Urban; registered at Bengaluru Urban Police Station 04. Synthetic demonstration record.
598,100311303202300001,202300001,2023-12-04,5085,1303,1,2,4,11,1,7031,2023-12-03 17:28:00,2023-12-03 18:06:00,2023-12-03 18:19:00,15.364134,76.46604,Online Fraud reported in Vijayanagara; registered at Vijayanagara Police Station 03. Synthetic demonstration record.
599,100121115202500001,202500001,2025-05-05,5319,1115,1,2,2,6,1,7012,2025-05-05 18:21:00,2025-05-05 20:13:00,2025-05-05 20:18:00,14.46353,75.870351,Vehicle Theft reported in Davanagere; registered at Davanagere Police Station 05. Synthetic demonstration record.
600,100011006202200002,202200002,2022-09-12,5308,1006,1,2,1,3,2,7001,2022-09-10 22:59:00,2022-09-11 01:16:00,2022-09-11 02:40:00,16.180267,75.70497,Assault reported in Bagalkot; registered at Bagalkot Police Station 06. Synthetic demonstration record.
601,100121119202300002,202300002,2023-10-09,5387,1119,1,1,2,4,5,7012,2023-10-07 19:40:00,2023-10-07 19:55:00,2023-10-07 20:57:00,14.526036,75.934839,Robbery reported in Davanagere; registered at Davanagere Police Station 09. Synthetic demonstration record.
602,100221212202200001,202200001,2022-12-29,5204,1212,1,2,3,8,4,7022,2022-12-27 17:04:00,2022-12-27 18:45:00,2022-12-27 20:38:00,12.316893,76.616825,Domestic Violence reported in Mysuru; registered at Mysuru Police Station 02. Synthetic demonstration record.
603,100261251202400001,202400001,2024-11-20,5169,1251,1,1,2,4,3,7026,2024-11-18 17:38:00,2024-11-18 19:32:00,2024-11-18 20:42:00,13.362934,77.173169,Robbery reported in Tumakuru; registered at Tumakuru Police Station 01. Synthetic demonstration record.
604,100031028202500002,202500002,2025-10-19,5402,1028,1,2,4,12,2,7003,2025-10-19 14:35:00,2025-10-19 16:30:00,2025-10-19 17:39:00,15.888751,74.491915,Identity Theft reported in Belagavi; registered at Belagavi Police Station 08. Synthetic demonstration record.
605,100301295202500001,202500001,2025-10-07,5180,1295,1,2,4,12,5,7030,2025-10-06 16:24:00,2025-10-06 16:45:00,2025-10-06 16:52:00,16.77914,77.201113,Identity Theft reported in Yadgir; registered at Yadgir Police Station 05. Synthetic demonstration record.
606,100271267202300001,202300001,2023-11-03,5257,1267,1,2,8,20,1,7027,2023-11-02 22:35:00,2023-11-02 23:54:00,2023-11-03 00:42:00,13.362777,74.773496,Hit and Run reported in Udupi; registered at Udupi Police Station 07. Synthetic demonstration record.
607,100041037202400001,202400001,2024-12-23,5324,1037,1,2,4,12,4,7004,2024-12-21 16:19:00,2024-12-21 17:15:00,2024-12-21 18:20:00,13.216037,77.754754,Identity Theft reported in Bengaluru Rural; registered at Bengaluru Rural Police Station 07. Synthetic demonstration record.
608,100191185202200001,202200001,2022-08-13,5139,1185,1,2,2,7,1,7019,2022-08-13 23:07:00,2022-08-13 23:31:00,2022-08-14 00:55:00,13.138848,78.183278,House Theft reported in Kolar; registered at Kolar Police Station 05. Synthetic demonstration record.
609,100111108202300001,202300001,2023-03-31,5397,1108,1,2,6,16,3,7011,2023-03-30 17:02:00,2023-03-30 19:38:00,2023-03-30 20:08:00,12.906722,74.901523,Rioting reported in Dakshina Kannada; registered at Dakshina Kannada Police Station 08. Synthetic demonstration record.
610,100191183202300001,202300001,2023-07-26,5093,1183,1,2,1,3,2,7019,2023-07-24 13:36:00,2023-07-24 14:46:00,2023-07-24 16:28:00,13.135642,78.15652,Assault reported in Kolar; registered at Kolar Police Station 03. Synthetic demonstration record.
611,100301292202400001,202400001,2024-10-12,5540,1292,1,2,8,20,3,7030,2024-10-10 17:24:00,2024-10-10 19:31:00,2024-10-10 20:35:00,16.711162,77.166787,Hit and Run reported in Yadgir; registered at Yadgir Police Station 02. Synthetic demonstration record.
612,100171170202200002,202200002,2022-11-21,5285,1170,1,2,6,16,2,7017,2022-11-21 14:02:00,2022-11-21 16:05:00,2022-11-21 16:24:00,17.319239,76.886364,Rioting reported in Kalaburagi; registered at Kalaburagi Police Station 10. Synthetic demonstration record.
613,100091083202400001,202400001,2024-12-18,5185,1083,1,2,2,5,2,7009,2024-12-16 00:39:00,2024-12-16 01:50:00,2024-12-16 03:26:00,13.31366,75.760073,Burglary reported in Chikkamagaluru; registered at Chikkamagaluru Police Station 03. Synthetic demonstration record.
614,100051043202400002,202400002,2024-09-26,5259,1043,1,2,3,8,1,7005,2024-09-26 13:01:00,2024-09-26 16:01:00,2024-09-26 17:43:00,12.999255,77.603446,Domestic Violence reported in Bengaluru Urban; registered at Bengaluru Urban Police Station 03. Synthetic demonstration record.
615,100131124202400002,202400002,2024-08-13,5245,1124,1,2,7,19,3,7013,2024-08-12 18:53:00,2024-08-12 19:45:00,2024-08-12 20:03:00,15.512442,74.97974,Forgery reported in Dharwad; registered at Dharwad Police Station 04. Synthetic demonstration record.
616,100241232202400001,202400001,2024-04-05,5352,1232,1,2,1,3,1,7024,2024-04-04 19:34:00,2024-04-04 20:37:00,2024-04-04 21:16:00,12.675138,77.32401,Assault reported in Ramanagara; registered at Ramanagara Police Station 02. Synthetic demonstration record.
617,100031030202400002,202400002,2024-07-05,5071,1030,1,2,7,18,2,7003,2024-07-04 16:45:00,2024-07-04 17:58:00,2024-07-04 19:04:00,15.882445,74.505317,Cheating reported in Belagavi; registered at Belagavi Police Station 10. Synthetic demonstration record.
618,100311309202600001,202600001,2026-05-09,5583,1309,1,1,3,10,4,7031,2026-05-08 06:36:00,2026-05-08 08:55:00,2026-05-08 09:25:00,15.326034,76.479921,Kidnapping reported in Vijayanagara; registered at Vijayanagara Police Station 09. Synthetic demonstration record.
619,100011003202500002,202500002,2025-02-26,5516,1003,1,2,4,12,1,7001,2025-02-25 14:39:00,2025-02-25 17:13:00,2025-02-25 18:27:00,16.180516,75.694986,Identity Theft reported in Bagalkot; registered at Bagalkot Police Station 03. Synthetic demonstration record.
620,100261252202400001,202400001,2024-01-07,5330,1252,1,2,6,16,1,7026,2024-01-06 05:42:00,2024-01-06 07:58:00,2024-01-06 08:36:00,13.350726,77.104212,Rioting reported in Tumakuru; registered at Tumakuru Police Station 02. Synthetic demonstration record.
621,100151145202400002,202400002,2024-08-30,5234,1145,1,2,2,5,4,7015,2024-08-30 00:18:00,2024-08-30 02:53:00,2024-08-30 04:09:00,13.052331,76.056997,Burglary reported in Hassan; registered at Hassan Police Station 05. Synthetic demonstration record.
622,100041035202600002,202600002,2026-05-11,5525,1035,1,2,7,18,2,7004,2026-05-11 18:33:00,2026-05-11 20:11:00,2026-05-11 20:58:00,13.294797,77.683276,Cheating reported in Bengaluru Rural; registered at Bengaluru Rural Police Station 05. Synthetic demonstration record.
623,100091082202400001,202400001,2024-01-10,5515,1082,1,2,6,17,3,7009,2024-01-08 10:40:00,2024-01-08 11:17:00,2024-01-08 11:38:00,13.30128,75.804906,Unlawful Assembly reported in Chikkamagaluru; registered at Chikkamagaluru Police Station 02. Synthetic demonstration record.
624,100141140202400001,202400001,2024-02-08,5079,1140,1,2,2,7,1,7014,2024-02-08 02:02:00,2024-02-08 03:21:00,2024-02-08 03:30:00,15.428568,75.658047,House Theft reported in Gadag; registered at Gadag Police Station 10. Synthetic demonstration record.
625,100131126202200002,202200002,2022-10-22,5020,1126,1,2,4,12,4,7013,2022-10-22 13:33:00,2022-10-22 15:23:00,2022-10-22 16:14:00,15.490833,75.039416,Identity Theft reported in Dharwad; registered at Dharwad Police Station 06. Synthetic demonstration record.
626,100051041202500002,202500002,2025-01-24,5311,1041,1,2,4,11,5,7005,2025-01-22 18:12:00,2025-01-22 19:05:00,2025-01-22 20:43:00,12.933452,77.587628,Online Fraud reported in Bengaluru Urban; registered at Bengaluru Urban Police Station 01. Synthetic demonstration record.
627,100071065202400001,202400001,2024-10-03,5344,1065,1,2,7,18,2,7007,2024-10-03 11:59:00,2024-10-03 14:12:00,2024-10-03 15:45:00,11.868857,76.971885,Cheating reported in Chamarajanagar; registered at Chamarajanagar Police Station 05. Synthetic demonstration record.
628,100041032202600001,202600001,2026-07-17,5167,1032,1,2,4,12,1,7004,2026-07-15 18:56:00,2026-07-15 19:43:00,2026-07-15 20:24:00,13.275545,77.679949,Identity Theft reported in Bengaluru Rural; registered at Bengaluru Rural Police Station 02. Synthetic demonstration record.
629,100051047202200001,202200001,2022-09-17,5600,1047,1,2,4,11,2,7005,2022-09-17 17:11:00,2022-09-17 19:48:00,2022-09-17 20:34:00,12.998196,77.615268,Online Fraud reported in Bengaluru Urban; registered at Bengaluru Urban Police Station 07. Synthetic demonstration record.
630,100151148202200001,202200001,2022-02-09,5566,1148,1,2,7,18,3,7015,2022-02-08 21:10:00,2022-02-08 22:46:00,2022-02-08 23:48:00,13.030529,76.16816,Cheating reported in Hassan; registered at Hassan Police Station 08. Synthetic demonstration record.
631,100281276202200001,202200001,2022-08-28,5196,1276,1,1,2,4,5,7028,2022-08-27 21:54:00,2022-08-27 22:55:00,2022-08-27 23:59:00,14.842139,74.148138,Robbery reported in Uttara Kannada; registered at Uttara Kannada Police Station 06. Synthetic demonstration record.
632,100011001202300001,202300001,2023-12-17,5091,1001,1,2,2,7,4,7001,2023-12-17 23:55:00,2023-12-18 01:10:00,2023-12-18 02:55:00,16.211126,75.708957,House Theft reported in Bagalkot; registered at Bagalkot Police Station 01. Synthetic demonstration record.
633,100041038202600001,202600001,2026-05-31,5097,1038,1,2,2,7,3,7004,2026-05-29 01:27:00,2026-05-29 01:57:00,2026-05-29 02:50:00,13.33635,77.660755,House Theft reported in Bengaluru Rural; registered at Bengaluru Rural Police Station 08. Synthetic demonstration record.
634,100171163202300001,202300001,2023-09-14,5394,1163,1,1,2,4,2,7017,2023-09-13 17:57:00,2023-09-13 20:14:00,2023-09-13 20:55:00,17.325875,76.877022,Robbery reported in Kalaburagi; registered at Kalaburagi Police Station 03. Synthetic demonstration record.
635,100131121202600002,202600002,2026-04-04,5358,1121,1,2,3,9,1,7013,2026-04-02 18:38:00,2026-04-02 20:20:00,2026-04-02 21:39:00,15.440401,75.051556,Sexual Harassment reported in Dharwad; registered at Dharwad Police Station 01. Synthetic demonstration record.
636,100141134202200002,202200002,2022-03-29,5031,1134,1,2,4,11,2,7014,2022-03-28 10:41:00,2022-03-28 11:28:00,2022-03-28 11:42:00,15.454587,75.629968,Online Fraud reported in Gadag; registered at Gadag Police Station 04. Synthetic demonstration record.
637,100301294202200002,202200002,2022-01-09,5120,1294,1,2,3,8,2,7030,2022-01-08 00:22:00,2022-01-08 02:12:00,2022-01-08 02:41:00,16.809967,77.101818,Domestic Violence reported in Yadgir; registered at Yadgir Police Station 04. Synthetic demonstration record.
638,100011010202300002,202300002,2023-03-13,5588,1010,1,2,4,11,3,7001,2023-03-13 16:50:00,2023-03-13 17:51:00,2023-03-13 18:26:00,16.15807,75.720089,Online Fraud reported in Bagalkot; registered at Bagalkot Police Station 10. Synthetic demonstration record.
639,100221213202300001,202300001,2023-02-10,5434,1213,1,2,1,3,1,7022,2023-02-09 00:19:00,2023-02-09 03:06:00,2023-02-09 04:29:00,12.358744,76.596469,Assault reported in Mysuru; registered at Mysuru Police Station 03. Synthetic demonstration record.
640,100021017202300001,202300001,2023-01-24,5467,1017,1,1,2,4,1,7002,2023-01-23 18:41:00,2023-01-23 19:32:00,2023-01-23 21:12:00,15.069718,76.968277,Robbery reported in Ballari; registered at Ballari Police Station 07. Synthetic demonstration record.
641,100051048202500001,202500001,2025-02-23,5386,1048,1,2,4,11,1,7005,2025-02-21 14:50:00,2025-02-21 16:00:00,2025-02-21 16:11:00,13.006685,77.637946,Online Fraud reported in Bengaluru Urban; registered at Bengaluru Urban Police Station 08. Synthetic demonstration record.
642,300051042202300001,202300001,2023-12-25,5300,1042,2,2,4,11,3,7005,2023-12-23 18:24:00,2023-12-23 21:16:00,2023-12-23 22:56:00,12.96472,77.635791,Online Fraud reported in Bengaluru Urban; registered at Bengaluru Urban Police Station 02. Synthetic demonstration record.
643,100041031202300003,202300003,2023-04-09,5512,1031,1,2,4,11,2,7004,2023-04-09 16:13:00,2023-04-09 19:00:00,2023-04-09 19:26:00,13.310667,77.688342,Online Fraud reported in Bengaluru Rural; registered at Bengaluru Rural Police Station 01. Synthetic demonstration record.
644,100051047202400003,202400003,2024-06-27,5527,1047,1,2,7,19,3,7005,2024-06-26 20:26:00,2024-06-26 23:03:00,2024-06-27 00:54:00,12.931957,77.632787,Forgery reported in Bengaluru Urban; registered at Bengaluru Urban Police Station 07. Synthetic demonstration record.
645,100171161202400001,202400001,2024-12-15,5119,1161,1,2,2,5,3,7017,2024-12-13 00:43:00,2024-12-13 02:09:00,2024-12-13 03:05:00,17.338922,76.884885,Burglary reported in Kalaburagi; registered at Kalaburagi Police Station 01. Synthetic demonstration record.
646,100011006202200003,202200003,2022-04-02,5548,1006,1,2,2,6,3,7001,2022-04-01 17:03:00,2022-04-01 19:08:00,2022-04-01 20:07:00,16.202858,75.747737,Vehicle Theft reported in Bagalkot; registered at Bagalkot Police Station 06. Synthetic demonstration record.
647,100051047202200002,202200002,2022-11-15,5186,1047,1,2,4,11,2,7005,2022-11-14 09:51:00,2022-11-14 12:46:00,2022-11-14 14:25:00,12.956806,77.588546,Online Fraud reported in Bengaluru Urban; registered at Bengaluru Urban Police Station 07. Synthetic demonstration record.
648,100231228202500002,202500002,2025-04-28,5244,1228,1,1,2,4,5,7023,2025-04-28 19:52:00,2025-04-28 20:17:00,2025-04-28 21:05:00,16.259083,77.353264,Robbery reported in Raichur; registered at Raichur Police Station 08. Synthetic demonstration record.
649,100101095202300001,202300001,2023-01-23,5424,1095,1,2,4,12,3,7010,2023-01-22 16:30:00,2023-01-22 17:16:00,2023-01-22 19:12:00,14.253137,76.373338,Identity Theft reported in Chitradurga; registered at Chitradurga Police Station 05. Synthetic demonstration record.
650,100131129202400001,202400001,2024-12-20,5018,1129,1,2,2,6,2,7013,2024-12-18 19:32:00,2024-12-18 21:06:00,2024-12-18 21:19:00,15.456977,75.082601,Vehicle Theft reported in Dharwad; registered at Dharwad Police Station 09. Synthetic demonstration record.
651,100051050202600002,202600002,2026-02-03,5125,1050,1,2,4,11,3,7005,2026-02-02 12:17:00,2026-02-02 13:26:00,2026-02-02 14:19:00,12.990641,77.634759,Online Fraud reported in Bengaluru Urban; registered at Bengaluru Urban Police Station 10. Synthetic demonstration record.
652,100161154202200002,202200002,2022-02-10,5096,1154,1,2,6,17,1,7016,2022-02-08 12:38:00,2022-02-08 14:14:00,2022-02-08 15:24:00,14.811318,75.351625,Unlawful Assembly reported in Haveri; registered at Haveri Police Station 04. Synthetic demonstration record.
653,100121115202500002,202500002,2025-12-22,5114,1115,1,2,7,18,3,7012,2025-12-20 19:50:00,2025-12-20 22:27:00,2025-12-20 23:44:00,14.467232,75.938051,Cheating reported in Davanagere; registered at Davanagere Police Station 05. Synthetic demonstration record.
654,100161158202200001,202200001,2022-10-26,5213,1158,1,1,2,4,2,7016,2022-10-25 19:32:00,2022-10-25 21:07:00,2022-10-25 22:53:00,14.829989,75.417714,Robbery reported in Haveri; registered at Haveri Police Station 08. Synthetic demonstration record.
655,100111101202600002,202600002,2026-04-03,5470,1101,1,2,8,20,1,7011,2026-04-03 19:56:00,2026-04-03 20:44:00,2026-04-03 21:45:00,12.886029,74.846805,Hit and Run reported in Dakshina Kannada; registered at Dakshina Kannada Police Station 01. Synthetic demonstration record.
656,100281275202400001,202400001,2024-04-07,5376,1275,1,1,2,4,2,7028,2024-04-05 18:08:00,2024-04-05 18:46:00,2024-04-05 20:03:00,14.808749,74.129645,Robbery reported in Uttara Kannada; registered at Uttara Kannada Police Station 05. Synthetic demonstration record.
657,100111104202400002,202400002,2024-08-28,5423,1104,1,1,1,1,3,7011,2024-08-26 09:14:00,2024-08-26 11:42:00,2024-08-26 11:58:00,12.929531,74.880198,Murder reported in Dakshina Kannada; registered at Dakshina Kannada Police Station 04. Synthetic demonstration record.
658,100141137202400002,202400002,2024-04-30,5445,1137,1,2,3,8,2,7014,2024-04-28 18:50:00,2024-04-28 21:48:00,2024-04-28 22:47:00,15.397335,75.640798,Domestic Violence reported in Gadag; registered at Gadag Police Station 07. Synthetic demonstration record.
659,100301291202200002,202200002,2022-08-22,5075,1291,1,2,4,13,3,7030,2022-08-20 18:20:00,2022-08-20 19:46:00,2022-08-20 21:35:00,16.808195,77.151096,Cyber Stalking reported in Yadgir; registered at Yadgir Police Station 01. Synthetic demonstration record.
660,800131126202200001,202200001,2022-12-23,5176,1126,4,2,4,12,3,7013,2022-12-21 15:51:00,2022-12-21 16:22:00,2022-12-21 17:36:00,15.433514,75.02043,Identity Theft reported in Dharwad; registered at Dharwad Police Station 06. Synthetic demonstration record.
661,100081080202500001,202500001,2025-05-15,5160,1080,1,2,2,7,3,7008,2025-05-13 00:37:00,2025-05-13 02:02:00,2025-05-13 02:56:00,13.443188,77.69362,House Theft reported in Chikkaballapur; registered at Chikkaballapur Police Station 10. Synthetic demonstration record.
662,100131130202400001,202400001,2024-07-22,5221,1130,1,2,4,12,2,7013,2024-07-20 19:30:00,2024-07-20 20:16:00,2024-07-20 21:29:00,15.466105,75.019015,Identity Theft reported in Dharwad; registered at Dharwad Police Station 10. Synthetic demonstration record.
663,100191184202400001,202400001,2024-02-07,5479,1184,1,2,2,7,1,7019,2024-02-05 23:33:00,2024-02-06 01:30:00,2024-02-06 01:52:00,13.121013,78.1491,House Theft reported in Kolar; registered at Kolar Police Station 04. Synthetic demonstration record.
664,100101098202200001,202200001,2022-12-24,5269,1098,1,2,4,11,1,7010,2022-12-23 11:25:00,2022-12-23 12:38:00,2022-12-23 13:41:00,14.230507,76.42484,Online Fraud reported in Chitradurga; registered at Chitradurga Police Station 08. Synthetic demonstration record.
665,100141134202400001,202400001,2024-10-11,5031,1134,1,2,4,11,3,7014,2024-10-11 17:27:00,2024-10-11 17:51:00,2024-10-11 19:05:00,15.464857,75.645586,Online Fraud reported in Gadag; registered at Gadag Police Station 04. Synthetic demonstration record.
666,100021011202300002,202300002,2023-08-07,5294,1011,1,2,2,6,1,7002,2023-08-07 17:39:00,2023-08-07 20:11:00,2023-08-07 21:56:00,15.166134,76.934862,Vehicle Theft reported in Ballari; registered at Ballari Police Station 01. Synthetic demonstration record.
667,100261256202600001,202600001,2026-02-21,5422,1256,1,2,6,17,2,7026,2026-02-19 08:38:00,2026-02-19 08:57:00,2026-02-19 10:25:00,13.356878,77.115859,Unlawful Assembly reported in Tumakuru; registered at Tumakuru Police Station 06. Synthetic demonstration record.
668,100041035202500001,202500001,2025-05-05,5525,1035,1,2,7,18,2,7004,2025-05-03 09:08:00,2025-05-03 10:34:00,2025-05-03 11:12:00,13.28182,77.716531,Cheating reported in Bengaluru Rural; registered at Bengaluru Rural Police Station 05. Synthetic demonstration record.
669,100311302202500002,202500002,2025-02-23,5188,1302,1,2,4,12,4,7031,2025-02-22 10:46:00,2025-02-22 12:22:00,2025-02-22 12:37:00,15.339022,76.523662,Identity Theft reported in Vijayanagara; registered at Vijayanagara Police Station 02. Synthetic demonstration record.
670,300311310202400001,202400001,2024-01-28,5148,1310,2,2,1,3,3,7031,2024-01-27 10:37:00,2024-01-27 12:23:00,2024-01-27 13:52:00,15.313299,76.484254,Assault reported in Vijayanagara; registered at Vijayanagara Police Station 10. Synthetic demonstration record.
671,100031029202200001,202200001,2022-03-24,5336,1029,1,2,2,5,2,7003,2022-03-24 22:57:00,2022-03-25 00:00:00,2022-03-25 01:56:00,15.786106,74.493887,Burglary reported in Belagavi; registered at Belagavi Police Station 09. Synthetic demonstration record.
672,100241236202300001,202300001,2023-10-06,5209,1236,1,2,4,11,1,7024,2023-10-06 15:24:00,2023-10-06 15:42:00,2023-10-06 16:36:00,12.69593,77.260505,Online Fraud reported in Ramanagara; registered at Ramanagara Police Station 06. Synthetic demonstration record.
673,300051048202200001,202200001,2022-07-29,5322,1048,2,2,4,12,1,7005,2022-07-27 16:12:00,2022-07-27 19:04:00,2022-07-27 19:18:00,12.958187,77.561751,Identity Theft reported in Bengaluru Urban; registered at Bengaluru Urban Police Station 08. Synthetic demonstration record.
674,100271264202200001,202200001,2022-05-29,5146,1264,1,2,2,7,4,7027,2022-05-27 23:25:00,2022-05-28 01:26:00,2022-05-28 02:16:00,13.352373,74.755862,House Theft reported in Udupi; registered at Udupi Police Station 04. Synthetic demonstration record.
675,100211201202500001,202500001,2025-07-18,5145,1201,1,2,4,11,1,7021,2025-07-18 18:54:00,2025-07-18 21:43:00,2025-07-18 22:11:00,12.575113,76.891841,Online Fraud reported in Mandya; registered at Mandya Police Station 01. Synthetic demonstration record.
676,100051049202500001,202500001,2025-12-04,5582,1049,1,2,4,12,1,7005,2025-12-02 17:10:00,2025-12-02 19:27:00,2025-12-02 20:14:00,12.948155,77.615822,Identity Theft reported in Bengaluru Urban; registered at Bengaluru Urban Police Station 09. Synthetic demonstration record.
677,100051049202600002,202600002,2026-01-19,5561,1049,1,2,4,11,1,7005,2026-01-19 17:21:00,2026-01-19 19:49:00,2026-01-19 20:52:00,12.957558,77.572798,Online Fraud reported in Bengaluru Urban; registered at Bengaluru Urban Police Station 09. Synthetic demonstration record.
678,100211203202200001,202200001,2022-09-22,5223,1203,1,2,4,11,1,7021,2022-09-20 13:19:00,2022-09-20 14:59:00,2022-09-20 15:42:00,12.496938,76.860474,Online Fraud reported in Mandya; registered at Mandya Police Station 03. Synthetic demonstration record.
679,400021017202300001,202300001,2023-02-16,5467,1017,3,2,4,13,2,7002,2023-02-16 13:57:00,2023-02-16 16:04:00,2023-02-16 16:26:00,15.122449,76.899487,Cyber Stalking reported in Ballari; registered at Ballari Police Station 07. Synthetic demonstration record.
680,100251241202500001,202500001,2025-02-13,5132,1241,1,2,2,7,3,7025,2025-02-13 22:52:00,2025-02-14 00:39:00,2025-02-14 01:56:00,13.960661,75.597287,House Theft reported in Shivamogga; registered at Shivamogga Police Station 01. Synthetic demonstration record.
681,100151144202500001,202500001,2025-08-24,5385,1144,1,1,2,4,3,7015,2025-08-22 19:22:00,2025-08-22 19:37:00,2025-08-22 20:47:00,12.976827,76.142977,Robbery reported in Hassan; registered at Hassan Police Station 04. Synthetic demonstration record.
682,100071067202200001,202200001,2022-03-05,5529,1067,1,2,2,5,5,7007,2022-03-03 03:30:00,2022-03-03 05:33:00,2022-03-03 07:22:00,11.9331,76.951743,Burglary reported in Chamarajanagar; registered at Chamarajanagar Police Station 07. Synthetic demonstration record.
683,100051042202300004,202300004,2023-05-30,5300,1042,1,2,2,7,2,7005,2023-05-28 23:52:00,2023-05-29 01:11:00,2023-05-29 02:47:00,13.01828,77.590624,House Theft reported in Bengaluru Urban; registered at Bengaluru Urban Police Station 02. Synthetic demonstration record.
684,100021016202200002,202200002,2022-09-17,5590,1016,1,2,3,8,2,7002,2022-09-17 09:04:00,2022-09-17 09:45:00,2022-09-17 09:51:00,15.12727,76.945432,Domestic Violence reported in Ballari; registered at Ballari Police Station 06. Synthetic demonstration record.
685,100171161202500001,202500001,2025-10-10,5119,1161,1,2,4,11,3,7017,2025-10-10 10:32:00,2025-10-10 11:55:00,2025-10-10 13:07:00,17.350859,76.862887,Online Fraud reported in Kalaburagi; registered at Kalaburagi Police Station 01. Synthetic demonstration record.
686,100211201202500002,202500002,2025-08-29,5023,1201,1,2,7,19,2,7021,2025-08-28 19:25:00,2025-08-28 21:43:00,2025-08-28 22:52:00,12.541033,76.885508,Forgery reported in Mandya; registered at Mandya Police Station 01. Synthetic demonstration record.
687,100011004202300001,202300001,2023-03-24,5263,1004,1,2,7,19,2,7001,2023-03-22 13:15:00,2023-03-22 15:34:00,2023-03-22 17:08:00,16.15426,75.70115,Forgery reported in Bagalkot; registered at Bagalkot Police Station 04. Synthetic demonstration record.
688,100051047202600001,202600001,2026-05-09,5527,1047,1,2,2,7,5,7005,2026-05-08 22:09:00,2026-05-08 22:39:00,2026-05-09 00:30:00,12.953362,77.593643,House Theft reported in Bengaluru Urban; registered at Bengaluru Urban Police Station 07. Synthetic demonstration record.
689,100241236202500001,202500001,2025-01-15,5576,1236,1,2,4,11,1,7024,2025-01-14 14:37:00,2025-01-14 17:35:00,2025-01-14 18:14:00,12.774423,77.291181,Online Fraud reported in Ramanagara; registered at Ramanagara Police Station 06. Synthetic demonstration record.
690,100051044202400001,202400001,2024-12-11,5498,1044,1,2,3,8,2,7005,2024-12-09 21:36:00,2024-12-09 22:34:00,2024-12-09 23:26:00,12.992542,77.662053,Domestic Violence reported in Bengaluru Urban; registered at Bengaluru Urban Police Station 04. Synthetic demonstration record.
691,300021020202200001,202200001,2022-10-04,5551,1020,2,2,4,11,3,7002,2022-10-03 14:58:00,2022-10-03 16:17:00,2022-10-03 16:32:00,15.158987,76.977446,Online Fraud reported in Ballari; registered at Ballari Police Station 10. Synthetic demonstration record.
692,100231223202400001,202400001,2024-07-30,5365,1223,1,2,8,20,2,7023,2024-07-29 15:08:00,2024-07-29 16:01:00,2024-07-29 17:46:00,16.184124,77.367998,Hit and Run reported in Raichur; registered at Raichur Police Station 03. Synthetic demonstration record.
693,400071069202500001,202500001,2025-03-06,5214,1069,3,1,1,1,1,7007,2025-03-05 16:45:00,2025-03-05 17:20:00,2025-03-05 18:31:00,11.975503,76.90752,Murder reported in Chamarajanagar; registered at Chamarajanagar Police Station 09. Synthetic demonstration record.
694,100051044202200002,202200002,2022-06-28,5305,1044,1,1,3,10,1,7005,2022-06-26 15:02:00,2022-06-26 17:44:00,2022-06-26 18:08:00,12.996376,77.613687,Kidnapping reported in Bengaluru Urban; registered at Bengaluru Urban Police Station 04. Synthetic demonstration record.
695,100011009202300001,202300001,2023-06-03,5090,1009,1,2,1,3,2,7001,2023-06-03 03:43:00,2023-06-03 04:18:00,2023-06-03 05:10:00,16.166836,75.661637,Assault reported in Bagalkot; registered at Bagalkot Police Station 09. Synthetic demonstration record.
696,100251248202300001,202300001,2023-01-30,5063,1248,1,2,7,18,1,7025,2023-01-29 19:29:00,2023-01-29 21:04:00,2023-01-29 21:36:00,13.953057,75.609685,Cheating reported in Shivamogga; registered at Shivamogga Police Station 08. Synthetic demonstration record.
697,100151144202200001,202200001,2022-02-21,5562,1144,1,2,4,13,1,7015,2022-02-20 14:17:00,2022-02-20 15:08:00,2022-02-20 16:52:00,13.010363,76.088925,Cyber Stalking reported in Hassan; registered at Hassan Police Station 04. Synthetic demonstration record.
698,100091087202300001,202300001,2023-11-19,5292,1087,1,2,4,11,1,7009,2023-11-18 19:13:00,2023-11-18 21:26:00,2023-11-18 22:33:00,13.321888,75.804935,Online Fraud reported in Chikkamagaluru; registered at Chikkamagaluru Police Station 07. Synthetic demonstration record.
699,100171161202500002,202500002,2025-02-27,5226,1161,1,2,1,3,1,7017,2025-02-27 20:29:00,2025-02-27 21:13:00,2025-02-27 22:37:00,17.36242,76.824114,Assault reported in Kalaburagi; registered at Kalaburagi Police Station 01. Synthetic demonstration record.
700,100071070202500002,202500002,2025-11-16,5302,1070,1,2,2,5,2,7007,2025-11-14 02:32:00,2025-11-14 05:08:00,2025-11-14 05:53:00,11.912972,76.956192,Burglary reported in Chamarajanagar; registered at Chamarajanagar Police Station 10. Synthetic demonstration record.
701,100181176202400001,202400001,2024-09-15,5417,1176,1,2,1,3,4,7018,2024-09-15 19:57:00,2024-09-15 20:30:00,2024-09-15 21:22:00,12.279909,75.823305,Assault reported in Kodagu; registered at Kodagu Police Station 06. Synthetic demonstration record.
702,100051042202300005,202300005,2023-06-10,5300,1042,1,1,3,10,2,7005,2023-06-10 14:51:00,2023-06-10 15:44:00,2023-06-10 15:50:00,12.984281,77.618304,Kidnapping reported in Bengaluru Urban; registered at Bengaluru Urban Police Station 02. Synthetic demonstration record.
703,100171168202500004,202500004,2025-08-18,5133,1168,1,2,6,17,2,7017,2025-08-18 16:08:00,2025-08-18 16:47:00,2025-08-18 18:33:00,17.348752,76.845517,Unlawful Assembly reported in Kalaburagi; registered at Kalaburagi Police Station 08. Synthetic demonstration record.
704,100281276202500001,202500001,2025-03-11,5227,1276,1,2,2,5,2,7028,2025-03-11 23:46:00,2025-03-12 02:36:00,2025-03-12 03:45:00,14.768436,74.138174,Burglary reported in Uttara Kannada; registered at Uttara Kannada Police Station 06. Synthetic demonstration record.
705,100061051202200001,202200001,2022-11-22,5116,1051,1,2,2,7,1,7006,2022-11-22 02:24:00,2022-11-22 03:31:00,2022-11-22 05:12:00,17.944412,77.601935,House Theft reported in Bidar; registered at Bidar Police Station 01. Synthetic demonstration record.
706,100011008202200001,202200001,2022-08-31,5274,1008,1,1,3,10,4,7001,2022-08-29 08:36:00,2022-08-29 09:13:00,2022-08-29 09:48:00,16.16664,75.738422,Kidnapping reported in Bagalkot; registered at Bagalkot Police Station 08. Synthetic demonstration record.
707,100091090202400001,202400001,2024-10-04,5101,1090,1,2,4,11,3,7009,2024-10-03 09:38:00,2024-10-03 11:17:00,2024-10-03 13:12:00,13.318895,75.806463,Online Fraud reported in Chikkamagaluru; registered at Chikkamagaluru Police Station 10. Synthetic demonstration record.
708,100171163202500002,202500002,2025-12-27,5191,1163,1,1,2,4,1,7017,2025-12-27 20:15:00,2025-12-27 22:17:00,2025-12-27 23:34:00,17.304607,76.840488,Robbery reported in Kalaburagi; registered at Kalaburagi Police Station 03. Synthetic demonstration record.
709,100041033202200001,202200001,2022-10-21,5531,1033,1,1,2,4,1,7004,2022-10-20 20:49:00,2022-10-20 22:53:00,2022-10-21 00:36:00,13.291362,77.728898,Robbery reported in Bengaluru Rural; registered at Bengaluru Rural Police Station 03. Synthetic demonstration record.
710,100291288202300001,202300001,2023-05-06,5236,1288,1,2,2,5,1,7029,2023-05-06 23:13:00,2023-05-07 01:30:00,2023-05-07 02:49:00,16.823477,75.676369,Burglary reported in Vijayapura; registered at Vijayapura Police Station 08. Synthetic demonstration record.
711,100011002202200002,202200002,2022-04-21,5177,1002,1,2,3,9,1,7001,2022-04-19 20:41:00,2022-04-19 21:24:00,2022-04-19 22:26:00,16.201353,75.664037,Sexual Harassment reported in Bagalkot; registered at Bagalkot Police Station 02. Synthetic demonstration record.
712,100311307202500001,202500001,2025-01-07,5256,1307,1,2,4,11,2,7031,2025-01-06 13:44:00,2025-01-06 16:27:00,2025-01-06 18:10:00,15.309989,76.445528,Online Fraud reported in Vijayanagara; registered at Vijayanagara Police Station 07. Synthetic demonstration record.
713,100111106202400001,202400001,2024-01-16,5362,1106,1,1,2,4,4,7011,2024-01-14 17:04:00,2024-01-14 18:55:00,2024-01-14 20:52:00,12.918073,74.834871,Robbery reported in Dakshina Kannada; registered at Dakshina Kannada Police Station 06. Synthetic demonstration record.
714,100051047202400004,202400004,2024-10-30,5527,1047,1,2,7,18,4,7005,2024-10-28 19:52:00,2024-10-28 21:18:00,2024-10-28 22:07:00,12.962095,77.66637,Cheating reported in Bengaluru Urban; registered at Bengaluru Urban Police Station 07. Synthetic demonstration record.
715,100211207202500002,202500002,2025-04-08,5449,1207,1,2,6,17,3,7021,2025-04-07 21:24:00,2025-04-07 22:44:00,2025-04-08 00:06:00,12.508321,76.914674,Unlawful Assembly reported in Mandya; registered at Mandya Police Station 07. Synthetic demonstration record.
716,100251246202200001,202200001,2022-03-27,5398,1246,1,2,3,8,3,7025,2022-03-26 13:23:00,2022-03-26 14:35:00,2022-03-26 15:38:00,13.944198,75.558381,Domestic Violence reported in Shivamogga; registered at Shivamogga Police Station 06. Synthetic demonstration record.
717,100281274202400001,202400001,2024-05-29,5361,1274,1,2,6,16,1,7028,2024-05-27 07:35:00,2024-05-27 09:40:00,2024-05-27 10:13:00,14.868395,74.145935,Rioting reported in Uttara Kannada; registered at Uttara Kannada Police Station 04. Synthetic demonstration record.
718,100181176202500001,202500001,2025-04-29,5417,1176,1,2,7,18,1,7018,2025-04-29 10:29:00,2025-04-29 11:44:00,2025-04-29 13:12:00,12.306649,75.814965,Cheating reported in Kodagu; registered at Kodagu Police Station 06. Synthetic demonstration record.
719,100151144202200002,202200002,2022-12-03,5580,1144,1,2,8,20,5,7015,2022-12-03 23:53:00,2022-12-04 02:49:00,2022-12-04 03:45:00,13.038605,76.081697,Hit and Run reported in Hassan; registered at Hassan Police Station 04. Synthetic demonstration record.
720,100021016202500001,202500001,2025-12-04,5590,1016,1,2,3,9,1,7002,2025-12-03 17:57:00,2025-12-03 19:26:00,2025-12-03 19:33:00,15.148303,76.89213,Sexual Harassment reported in Ballari; registered at Ballari Police Station 06. Synthetic demonstration record.
721,100051045202300002,202300002,2023-01-15,5419,1045,1,2,2,5,3,7005,2023-01-13 02:20:00,2023-01-13 02:41:00,2023-01-13 03:46:00,12.958121,77.615584,Burglary reported in Bengaluru Urban; registered at Bengaluru Urban Police Station 05. Synthetic demonstration record.
722,100051043202300003,202300003,2023-02-16,5259,1043,1,2,4,11,1,7005,2023-02-15 09:31:00,2023-02-15 11:57:00,2023-02-15 12:10:00,12.955917,77.58843,Online Fraud reported in Bengaluru Urban; registered at Bengaluru Urban Police Station 03. Synthetic demonstration record.
723,300051041202500001,202500001,2025-01-31,5496,1041,2,2,2,7,3,7005,2025-01-29 01:06:00,2025-01-29 02:41:00,2025-01-29 02:58:00,12.913337,77.653524,House Theft reported in Bengaluru Urban; registered at Bengaluru Urban Police Station 01. Synthetic demonstration record.
724,100051047202500003,202500003,2025-12-25,5600,1047,1,1,5,15,4,7005,2025-12-23 14:18:00,2025-12-23 15:32:00,2025-12-23 16:04:00,12.988193,77.626991,Drug Trafficking reported in Bengaluru Urban; registered at Bengaluru Urban Police Station 07. Synthetic demonstration record.
725,100211201202400001,202400001,2024-06-17,5145,1201,1,2,3,8,4,7021,2024-06-16 09:44:00,2024-06-16 10:35:00,2024-06-16 11:16:00,12.53322,76.906796,Domestic Violence reported in Mandya; registered at Mandya Police Station 01. Synthetic demonstration record.
726,100171161202200002,202200002,2022-01-11,5119,1161,1,2,7,18,1,7017,2022-01-09 11:26:00,2022-01-09 13:41:00,2022-01-09 14:06:00,17.347367,76.842522,Cheating reported in Kalaburagi; registered at Kalaburagi Police Station 01. Synthetic demonstration record.
727,400281274202600001,202600001,2026-01-19,5487,1274,3,2,4,12,1,7028,2026-01-17 16:11:00,2026-01-17 16:23:00,2026-01-17 16:56:00,14.851212,74.182875,Identity Theft reported in Uttara Kannada; registered at Uttara Kannada Police Station 04. Synthetic demonstration record.
728,100021011202400001,202400001,2024-01-18,5385,1011,1,2,4,12,2,7002,2024-01-17 19:53:00,2024-01-17 22:13:00,2024-01-17 23:49:00,15.174289,76.962946,Identity Theft reported in Ballari; registered at Ballari Police Station 01. Synthetic demonstration record.
729,100211201202400002,202400002,2024-10-26,5145,1201,1,2,5,14,1,7021,2024-10-24 03:36:00,2024-10-24 05:06:00,2024-10-24 05:44:00,12.501009,76.908634,NDPS Possession reported in Mandya; registered at Mandya Police Station 01. Synthetic demonstration record.
730,100221217202200001,202200001,2022-02-12,5051,1217,1,2,2,6,1,7022,2022-02-12 18:51:00,2022-02-12 20:56:00,2022-02-12 21:56:00,12.306881,76.646264,Vehicle Theft reported in Mysuru; registered at Mysuru Police Station 07. Synthetic demonstration record.
731,100161152202200001,202200001,2022-02-24,5463,1152,1,2,2,5,1,7016,2022-02-22 01:57:00,2022-02-22 02:51:00,2022-02-22 03:54:00,14.787857,75.433898,Burglary reported in Haveri; registered at Haveri Police Station 02. Synthetic demonstration record.
732,100301292202200002,202200002,2022-12-18,5138,1292,1,2,2,7,2,7030,2022-12-17 23:54:00,2022-12-18 02:30:00,2022-12-18 03:55:00,16.750747,77.177347,House Theft reported in Yadgir; registered at Yadgir Police Station 02. Synthetic demonstration record.
733,100311308202500001,202500001,2025-02-22,5206,1308,1,2,4,11,2,7031,2025-02-22 21:04:00,2025-02-22 21:21:00,2025-02-22 22:28:00,15.301536,76.454163,Online Fraud reported in Vijayanagara; registered at Vijayanagara Police Station 08. Synthetic demonstration record.
734,100271262202500002,202500002,2025-01-25,5045,1262,1,2,2,5,1,7027,2025-01-23 03:16:00,2025-01-23 05:29:00,2025-01-23 06:21:00,13.306331,74.716705,Burglary reported in Udupi; registered at Udupi Police Station 02. Synthetic demonstration record.
735,100071069202300001,202300001,2023-09-21,5036,1069,1,2,3,9,1,7007,2023-09-21 18:51:00,2023-09-21 19:40:00,2023-09-21 20:34:00,11.924474,76.960435,Sexual Harassment reported in Chamarajanagar; registered at Chamarajanagar Police Station 09. Synthetic demonstration record.
736,100181180202400001,202400001,2024-02-02,5155,1180,1,2,4,11,1,7018,2024-02-02 16:16:00,2024-02-02 17:07:00,2024-02-02 17:52:00,12.283609,75.838844,Online Fraud reported in Kodagu; registered at Kodagu Police Station 10. Synthetic demonstration record.
737,100081077202400001,202400001,2024-10-02,5115,1077,1,2,2,7,2,7008,2024-10-02 02:30:00,2024-10-02 04:41:00,2024-10-02 06:37:00,13.426952,77.749606,House Theft reported in Chikkaballapur; registered at Chikkaballapur Police Station 07. Synthetic demonstration record.
738,100281280202400001,202400001,2024-10-18,5355,1280,1,2,8,20,4,7028,2024-10-16 00:39:00,2024-10-16 03:13:00,2024-10-16 03:48:00,14.81384,74.147919,Hit and Run reported in Uttara Kannada; registered at Uttara Kannada Police Station 10. Synthetic demonstration record.
739,100191186202200003,202200003,2022-10-27,5486,1186,1,2,2,7,3,7019,2022-10-26 02:42:00,2022-10-26 04:20:00,2022-10-26 05:04:00,13.125766,78.146975,House Theft reported in Kolar; registered at Kolar Police Station 06. Synthetic demonstration record.
740,100131127202300003,202300003,2023-09-29,5346,1127,1,2,8,20,1,7013,2023-09-28 14:45:00,2023-09-28 16:11:00,2023-09-28 17:52:00,15.459503,74.965935,Hit and Run reported in Dharwad; registered at Dharwad Police Station 07. Synthetic demonstration record.
741,100081071202200002,202200002,2022-11-10,5013,1071,1,2,5,14,5,7008,2022-11-10 05:43:00,2022-11-10 06:20:00,2022-11-10 08:12:00,13.450709,77.75046,NDPS Possession reported in Chikkaballapur; registered at Chikkaballapur Police Station 01. Synthetic demonstration record.
742,100231226202200003,202200003,2022-08-29,5060,1226,1,2,2,7,3,7023,2022-08-27 01:40:00,2022-08-27 04:13:00,2022-08-27 05:11:00,16.185854,77.328617,House Theft reported in Raichur; registered at Raichur Police Station 06. Synthetic demonstration record.
743,100251248202300002,202300002,2023-04-20,5063,1248,1,2,2,5,1,7025,2023-04-19 23:54:00,2023-04-20 02:44:00,2023-04-20 02:55:00,13.910193,75.590239,Burglary reported in Shivamogga; registered at Shivamogga Police Station 08. Synthetic demonstration record.
744,100141133202500001,202500001,2025-07-15,5392,1133,1,2,4,11,2,7014,2025-07-15 16:38:00,2025-07-15 18:28:00,2025-07-15 19:56:00,15.397471,75.638786,Online Fraud reported in Gadag; registered at Gadag Police Station 03. Synthetic demonstration record.
745,100011009202600002,202600002,2026-05-02,5349,1009,1,2,4,11,5,7001,2026-04-30 19:01:00,2026-04-30 21:21:00,2026-04-30 22:50:00,16.235904,75.660382,Online Fraud reported in Bagalkot; registered at Bagalkot Police Station 09. Synthetic demonstration record.
746,100051049202300002,202300002,2023-08-27,5582,1049,1,2,4,11,1,7005,2023-08-27 09:20:00,2023-08-27 10:19:00,2023-08-27 10:42:00,13.031562,77.595749,Online Fraud reported in Bengaluru Urban; registered at Bengaluru Urban Police Station 09. Synthetic demonstration record.
747,100051045202400002,202400002,2024-10-05,5419,1045,1,2,2,6,3,7005,2024-10-03 20:39:00,2024-10-03 23:22:00,2024-10-04 00:02:00,13.006742,77.565148,Vehicle Theft reported in Bengaluru Urban; registered at Bengaluru Urban Police Station 05. Synthetic demonstration record.
748,100101093202500001,202500001,2025-07-26,5327,1093,1,2,2,7,2,7010,2025-07-25 22:47:00,2025-07-26 00:29:00,2025-07-26 01:34:00,14.255189,76.465565,House Theft reported in Chitradurga; registered at Chitradurga Police Station 03. Synthetic demonstration record.
749,100171168202400001,202400001,2024-02-02,5133,1168,1,2,1,3,1,7017,2024-01-31 08:11:00,2024-01-31 10:30:00,2024-01-31 10:42:00,17.358777,76.853337,Assault reported in Kalaburagi; registered at Kalaburagi Police Station 08. Synthetic demonstration record.
750,100191190202200002,202200002,2022-03-12,5348,1190,1,2,4,11,5,7019,2022-03-11 10:04:00,2022-03-11 12:40:00,2022-03-11 13:53:00,13.126867,78.135181,Online Fraud reported in Kolar; registered at Kolar Police Station 10. Synthetic demonstration record.
751,100221211202500001,202500001,2025-03-27,5489,1211,1,2,4,11,1,7022,2025-03-25 19:32:00,2025-03-25 22:06:00,2025-03-25 23:54:00,12.288846,76.632898,Online Fraud reported in Mysuru; registered at Mysuru Police Station 01. Synthetic demonstration record.
752,100271263202400001,202400001,2024-07-30,5210,1263,1,2,2,5,3,7027,2024-07-28 03:17:00,2024-07-28 03:37:00,2024-07-28 04:14:00,13.344556,74.71696,Burglary reported in Udupi; registered at Udupi Police Station 03. Synthetic demonstration record.
753,100281278202600001,202600001,2026-03-07,5271,1278,1,1,2,4,5,7028,2026-03-05 18:47:00,2026-03-05 20:48:00,2026-03-05 21:34:00,14.811982,74.117524,Robbery reported in Uttara Kannada; registered at Uttara Kannada Police Station 08. Synthetic demonstration record.
754,100201198202200001,202200001,2022-04-13,5015,1198,1,2,5,14,1,7020,2022-04-11 08:30:00,2022-04-11 11:00:00,2022-04-11 12:56:00,15.412086,76.165543,NDPS Possession reported in Koppal; registered at Koppal Police Station 08. Synthetic demonstration record.
755,100051049202200001,202200001,2022-05-23,5582,1049,1,2,2,6,2,7005,2022-05-23 18:03:00,2022-05-23 20:51:00,2022-05-23 22:09:00,12.960787,77.664437,Vehicle Theft reported in Bengaluru Urban; registered at Bengaluru Urban Police Station 09. Synthetic demonstration record.
756,100091088202300001,202300001,2023-03-28,5390,1088,1,2,1,3,5,7009,2023-03-27 01:31:00,2023-03-27 04:01:00,2023-03-27 05:13:00,13.338316,75.803273,Assault reported in Chikkamagaluru; registered at Chikkamagaluru Police Station 08. Synthetic demonstration record.
757,100031023202300001,202300001,2023-09-27,5127,1023,1,2,4,11,1,7003,2023-09-26 11:42:00,2023-09-26 14:39:00,2023-09-26 14:44:00,15.863304,74.481546,Online Fraud reported in Belagavi; registered at Belagavi Police Station 03. Synthetic demonstration record.
758,100021014202500001,202500001,2025-09-15,5275,1014,1,1,3,10,3,7002,2025-09-14 19:24:00,2025-09-14 21:31:00,2025-09-14 22:51:00,15.106167,76.975857,Kidnapping reported in Ballari; registered at Ballari Police Station 04. Synthetic demonstration record.
759,100031027202400001,202400001,2024-10-08,5315,1027,1,2,8,20,1,7003,2024-10-06 18:41:00,2024-10-06 21:31:00,2024-10-06 22:58:00,15.880129,74.526191,Hit and Run reported in Belagavi; registered at Belagavi Police Station 07. Synthetic demonstration record.
760,100221220202400002,202400002,2024-09-03,5276,1220,1,2,1,3,5,7022,2024-09-02 14:10:00,2024-09-02 16:10:00,2024-09-02 16:25:00,12.293363,76.642695,Assault reported in Mysuru; registered at Mysuru Police Station 10. Synthetic demonstration record.
761,100121112202500001,202500001,2025-11-26,5075,1112,1,2,2,6,1,7012,2025-11-26 17:41:00,2025-11-26 19:08:00,2025-11-26 19:37:00,14.413495,75.965206,Vehicle Theft reported in Davanagere; registered at Davanagere Police Station 02. Synthetic demonstration record.
762,100081075202200001,202200001,2022-12-17,5222,1075,1,2,4,12,1,7008,2022-12-15 09:05:00,2022-12-15 11:25:00,2022-12-15 11:40:00,13.394576,77.736552,Identity Theft reported in Chikkaballapur; registered at Chikkaballapur Police Station 05. Synthetic demonstration record.
763,100291287202500001,202500001,2025-04-04,5112,1287,1,2,8,20,3,7029,2025-04-04 00:26:00,2025-04-04 02:53:00,2025-04-04 03:23:00,16.827836,75.733864,Hit and Run reported in Vijayapura; registered at Vijayapura Police Station 07. Synthetic demonstration record.
764,100271262202600002,202600002,2026-06-20,5444,1262,1,2,4,11,3,7027,2026-06-19 21:11:00,2026-06-19 23:50:00,2026-06-20 01:06:00,13.333053,74.78817,Online Fraud reported in Udupi; registered at Udupi Police Station 02. Synthetic demonstration record.
765,100121112202400001,202400001,2024-12-29,5428,1112,1,2,2,5,3,7012,2024-12-29 23:45:00,2024-12-30 00:25:00,2024-12-30 02:21:00,14.450374,75.928107,Burglary reported in Davanagere; registered at Davanagere Police Station 02. Synthetic demonstration record.
766,100211205202600001,202600001,2026-07-12,5128,1205,1,2,4,11,3,7021,2026-07-10 10:39:00,2026-07-10 12:10:00,2026-07-10 13:15:00,12.523942,76.872614,Online Fraud reported in Mandya; registered at Mandya Police Station 05. Synthetic demonstration record.
767,100221220202500001,202500001,2025-02-15,5005,1220,1,2,1,3,1,7022,2025-02-14 13:06:00,2025-02-14 13:19:00,2025-02-14 15:16:00,12.334409,76.665838,Assault reported in Mysuru; registered at Mysuru Police Station 10. Synthetic demonstration record.
768,100261260202400004,202400004,2024-02-27,5354,1260,1,1,2,4,2,7026,2024-02-27 21:11:00,2024-02-27 21:54:00,2024-02-27 23:47:00,13.34208,77.078965,Robbery reported in Tumakuru; registered at Tumakuru Police Station 10. Synthetic demonstration record.
769,100291286202500002,202500002,2025-05-23,5500,1286,1,2,8,20,2,7029,2025-05-21 09:03:00,2025-05-21 12:02:00,2025-05-21 12:29:00,16.874916,75.666222,Hit and Run reported in Vijayapura; registered at Vijayapura Police Station 06. Synthetic demonstration record.
770,100011003202300002,202300002,2023-12-02,5516,1003,1,2,7,18,1,7001,2023-12-02 20:03:00,2023-12-02 21:29:00,2023-12-02 21:39:00,16.218681,75.729179,Cheating reported in Bagalkot; registered at Bagalkot Police Station 03. Synthetic demonstration record.
771,100051045202300003,202300003,2023-11-19,5419,1045,1,2,2,5,5,7005,2023-11-18 01:32:00,2023-11-18 02:37:00,2023-11-18 03:39:00,12.966227,77.610101,Burglary reported in Bengaluru Urban; registered at Bengaluru Urban Police Station 05. Synthetic demonstration record.
772,100051048202300002,202300002,2023-02-06,5572,1048,1,2,4,11,2,7005,2023-02-04 11:43:00,2023-02-04 13:31:00,2023-02-04 14:00:00,12.994926,77.606233,Online Fraud reported in Bengaluru Urban; registered at Bengaluru Urban Police Station 08. Synthetic demonstration record.
773,100181178202600001,202600001,2026-02-04,5593,1178,1,2,7,18,1,7018,2026-02-04 18:38:00,2026-02-04 18:56:00,2026-02-04 20:47:00,12.318493,75.847098,Cheating reported in Kodagu; registered at Kodagu Police Station 08. Synthetic demonstration record.
774,100131130202400002,202400002,2024-02-22,5221,1130,1,2,2,7,3,7013,2024-02-22 03:06:00,2024-02-22 04:09:00,2024-02-22 05:50:00,15.509988,75.017995,House Theft reported in Dharwad; registered at Dharwad Police Station 10. Synthetic demonstration record.
775,100131125202500002,202500002,2025-11-01,5379,1125,1,2,2,7,3,7013,2025-11-01 03:50:00,2025-11-01 05:06:00,2025-11-01 06:23:00,15.514073,74.992421,House Theft reported in Dharwad; registered at Dharwad Police Station 05. Synthetic demonstration record.
776,100051041202200004,202200004,2022-11-01,5496,1041,1,2,4,11,1,7005,2022-10-30 18:01:00,2022-10-30 18:56:00,2022-10-30 20:12:00,13.006333,77.590538,Online Fraud reported in Bengaluru Urban; registered at Bengaluru Urban Police Station 01. Synthetic demonstration record.
777,300251246202300001,202300001,2023-05-22,5369,1246,2,1,5,15,1,7025,2023-05-21 21:05:00,2023-05-21 23:40:00,2023-05-22 00:22:00,13.886631,75.616742,Drug Trafficking reported in Shivamogga; registered at Shivamogga Police Station 06. Synthetic demonstration record.
778,100101100202600001,202600001,2026-07-24,5401,1100,1,2,8,20,3,7010,2026-07-24 08:36:00,2026-07-24 10:31:00,2026-07-24 12:13:00,14.274635,76.373319,Hit and Run reported in Chitradurga; registered at Chitradurga Police Station 10. Synthetic demonstration record.
779,100201197202500001,202500001,2025-01-06,5506,1197,1,2,2,5,1,7020,2025-01-05 03:01:00,2025-01-05 05:52:00,2025-01-05 07:01:00,15.383438,76.227596,Burglary reported in Koppal; registered at Koppal Police Station 07. Synthetic demonstration record.
780,100121114202400001,202400001,2024-02-21,5524,1114,1,2,3,9,3,7012,2024-02-20 21:25:00,2024-02-20 21:51:00,2024-02-20 23:41:00,14.44546,75.908594,Sexual Harassment reported in Davanagere; registered at Davanagere Police Station 04. Synthetic demonstration record.
781,100281278202500001,202500001,2025-09-05,5562,1278,1,2,2,5,1,7028,2025-09-05 23:54:00,2025-09-06 02:52:00,2025-09-06 03:33:00,14.835234,74.191101,Burglary reported in Uttara Kannada; registered at Uttara Kannada Police Station 08. Synthetic demonstration record.
782,100161156202400002,202400002,2024-01-12,5312,1156,1,2,4,12,2,7016,2024-01-12 09:49:00,2024-01-12 10:42:00,2024-01-12 12:28:00,14.809001,75.462284,Identity Theft reported in Haveri; registered at Haveri Police Station 06. Synthetic demonstration record.
783,100221213202200001,202200001,2022-09-07,5576,1213,1,2,4,13,1,7022,2022-09-06 16:03:00,2022-09-06 19:03:00,2022-09-06 20:13:00,12.329505,76.69423,Cyber Stalking reported in Mysuru; registered at Mysuru Police Station 03. Synthetic demonstration record.
784,100031025202300001,202300001,2023-04-17,5591,1025,1,2,7,18,4,7003,2023-04-16 15:48:00,2023-04-16 16:43:00,2023-04-16 16:50:00,15.865759,74.528327,Cheating reported in Belagavi; registered at Belagavi Police Station 05. Synthetic demonstration record.
785,400311302202500001,202500001,2025-04-21,5188,1302,3,2,4,11,3,7031,2025-04-21 15:06:00,2025-04-21 16:42:00,2025-04-21 17:38:00,15.349552,76.438387,Online Fraud reported in Vijayanagara; registered at Vijayanagara Police Station 02. Synthetic demonstration record.
786,100181178202400001,202400001,2024-03-06,5593,1178,1,2,7,18,1,7018,2024-03-06 09:20:00,2024-03-06 11:28:00,2024-03-06 12:03:00,12.318955,75.834682,Cheating reported in Kodagu; registered at Kodagu Police Station 08. Synthetic demonstration record.
787,100091082202500001,202500001,2025-12-25,5515,1082,1,2,3,8,1,7009,2025-12-24 17:58:00,2025-12-24 19:52:00,2025-12-24 21:42:00,13.289228,75.806276,Domestic Violence reported in Chikkamagaluru; registered at Chikkamagaluru Police Station 02. Synthetic demonstration record.
788,100131122202500001,202500001,2025-06-02,5153,1122,1,2,4,11,1,7013,2025-05-31 19:32:00,2025-05-31 20:47:00,2025-05-31 21:01:00,15.518028,74.994401,Online Fraud reported in Dharwad; registered at Dharwad Police Station 02. Synthetic demonstration record.
789,100171166202300002,202300002,2023-08-13,5342,1166,1,2,2,5,2,7017,2023-08-12 23:11:00,2023-08-12 23:40:00,2023-08-13 00:33:00,17.334259,76.836523,Burglary reported in Kalaburagi; registered at Kalaburagi Police Station 06. Synthetic demonstration record.
790,100061059202600001,202600001,2026-03-19,5020,1059,1,1,2,4,2,7006,2026-03-18 21:59:00,2026-03-19 00:27:00,2026-03-19 01:03:00,17.955821,77.553329,Robbery reported in Bidar; registered at Bidar Police Station 09. Synthetic demonstration record.
791,100201197202500002,202500002,2025-05-28,5585,1197,1,2,1,3,5,7020,2025-05-26 07:58:00,2025-05-26 10:41:00,2025-05-26 12:21:00,15.328248,76.152864,Assault reported in Koppal; registered at Koppal Police Station 07. Synthetic demonstration record.
792,100091085202400001,202400001,2024-04-02,5283,1085,1,2,4,11,2,7009,2024-03-31 19:15:00,2024-03-31 21:44:00,2024-03-31 23:11:00,13.353406,75.744442,Online Fraud reported in Chikkamagaluru; registered at Chikkamagaluru Police Station 05. Synthetic demonstration record.
793,100261252202300001,202300001,2023-12-23,5330,1252,1,2,2,6,1,7026,2023-12-21 19:26:00,2023-12-21 21:56:00,2023-12-21 22:22:00,13.399721,77.078371,Vehicle Theft reported in Tumakuru; registered at Tumakuru Police Station 02. Synthetic demonstration record.
794,100271270202600001,202600001,2026-07-19,5537,1270,1,1,5,15,4,7027,2026-07-19 15:06:00,2026-07-19 16:04:00,2026-07-19 17:25:00,13.364067,74.773569,Drug Trafficking reported in Udupi; registered at Udupi Police Station 10. Synthetic demonstration record.
795,100221211202500002,202500002,2025-03-27,5489,1211,1,2,2,5,3,7022,2025-03-27 23:21:00,2025-03-28 00:42:00,2025-03-28 01:05:00,12.273665,76.623319,Burglary reported in Mysuru; registered at Mysuru Police Station 01. Synthetic demonstration record.
796,100191182202500002,202500002,2025-02-17,5301,1182,1,1,2,4,1,7019,2025-02-15 17:34:00,2025-02-15 18:32:00,2025-02-15 18:59:00,13.12265,78.149582,Robbery reported in Kolar; registered at Kolar Police Station 02. Synthetic demonstration record.
797,100181176202200001,202200001,2022-08-03,5417,1176,1,2,2,6,2,7018,2022-08-01 18:56:00,2022-08-01 19:22:00,2022-08-01 20:17:00,12.373673,75.817544,Vehicle Theft reported in Kodagu; registered at Kodagu Police Station 06. Synthetic demonstration record.
798,100081074202500001,202500001,2025-08-16,5049,1074,1,2,4,11,3,7008,2025-08-14 19:54:00,2025-08-14 21:32:00,2025-08-14 23:07:00,13.447355,77.726968,Online Fraud reported in Chikkaballapur; registered at Chikkaballapur Police Station 04. Synthetic demonstration record.
799,100171168202400002,202400002,2024-09-06,5133,1168,1,2,7,18,3,7017,2024-09-05 09:12:00,2024-09-05 10:58:00,2024-09-05 11:26:00,17.341416,76.842355,Cheating reported in Kalaburagi; registered at Kalaburagi Police Station 08. Synthetic demonstration record.
800,100261259202200002,202200002,2022-10-22,5541,1259,1,2,7,18,5,7026,2022-10-20 18:35:00,2022-10-20 19:31:00,2022-10-20 21:29:00,13.281887,77.120003,Cheating reported in Tumakuru; registered at Tumakuru Police Station 09. Synthetic demonstration record.
801,100221218202500001,202500001,2025-06-03,5011,1218,1,2,3,9,2,7022,2025-06-02 21:07:00,2025-06-02 21:30:00,2025-06-02 21:38:00,12.350679,76.624154,Sexual Harassment reported in Mysuru; registered at Mysuru Police Station 08. Synthetic demonstration record.
802,100261252202200002,202200002,2022-06-23,5330,1252,1,2,3,8,5,7026,2022-06-21 23:55:00,2022-06-22 01:48:00,2022-06-22 03:09:00,13.276578,77.101805,Domestic Violence reported in Tumakuru; registered at Tumakuru Police Station 02. Synthetic demonstration record.
803,100051046202300003,202300003,2023-01-17,5002,1046,1,2,4,11,5,7005,2023-01-16 17:11:00,2023-01-16 18:29:00,2023-01-16 18:48:00,12.975548,77.620202,Online Fraud reported in Bengaluru Urban; registered at Bengaluru Urban Police Station 06. Synthetic demonstration record.
804,100031024202500001,202500001,2025-05-03,5032,1024,1,2,2,6,1,7003,2025-05-01 21:30:00,2025-05-01 22:41:00,2025-05-01 23:14:00,15.906983,74.461911,Vehicle Theft reported in Belagavi; registered at Belagavi Police Station 04. Synthetic demonstration record.
805,100051046202200001,202200001,2022-04-28,5032,1046,1,2,4,11,1,7005,2022-04-28 20:42:00,2022-04-28 22:21:00,2022-04-28 23:20:00,13.031805,77.541791,Online Fraud reported in Bengaluru Urban; registered at Bengaluru Urban Police Station 06. Synthetic demonstration record.
806,100201200202400001,202400001,2024-04-21,5102,1200,1,2,1,3,4,7020,2024-04-19 18:30:00,2024-04-19 21:20:00,2024-04-19 22:21:00,15.373031,76.170258,Assault reported in Koppal; registered at Koppal Police Station 10. Synthetic demonstration record.
807,100011006202400001,202400001,2024-10-24,5113,1006,1,2,1,3,2,7001,2024-10-22 18:48:00,2024-10-22 19:59:00,2024-10-22 21:10:00,16.153988,75.736146,Assault reported in Bagalkot; registered at Bagalkot Police Station 06. Synthetic demonstration record.
808,100161155202300001,202300001,2023-07-11,5178,1155,1,2,4,11,3,7016,2023-07-10 18:40:00,2023-07-10 19:53:00,2023-07-10 21:02:00,14.754762,75.454232,Online Fraud reported in Haveri; registered at Haveri Police Station 05. Synthetic demonstration record.
809,100221211202400001,202400001,2024-07-08,5489,1211,1,2,7,19,1,7022,2024-07-07 19:03:00,2024-07-07 21:25:00,2024-07-07 22:26:00,12.298141,76.672277,Forgery reported in Mysuru; registered at Mysuru Police Station 01. Synthetic demonstration record.
810,400051046202500001,202500001,2025-02-24,5405,1046,3,2,7,18,2,7005,2025-02-24 09:23:00,2025-02-24 09:49:00,2025-02-24 10:01:00,12.949817,77.603396,Cheating reported in Bengaluru Urban; registered at Bengaluru Urban Police Station 06. Synthetic demonstration record.
811,100031023202200001,202200001,2022-09-14,5127,1023,1,2,1,3,3,7003,2022-09-13 00:27:00,2022-09-13 01:25:00,2022-09-13 01:35:00,15.873565,74.531865,Assault reported in Belagavi; registered at Belagavi Police Station 03. Synthetic demonstration record.
812,300241236202600001,202600001,2026-01-31,5482,1236,2,2,8,20,2,7024,2026-01-30 16:56:00,2026-01-30 18:04:00,2026-01-30 18:53:00,12.662577,77.30818,Hit and Run reported in Ramanagara; registered at Ramanagara Police Station 06. Synthetic demonstration record.
813,100271270202200001,202200001,2022-08-07,5136,1270,1,2,2,6,1,7027,2022-08-06 19:00:00,2022-08-06 19:12:00,2022-08-06 21:06:00,13.283215,74.756584,Vehicle Theft reported in Udupi; registered at Udupi Police Station 10. Synthetic demonstration record.
814,100131128202300001,202300001,2023-11-26,5003,1128,1,2,2,5,3,7013,2023-11-24 01:40:00,2023-11-24 03:22:00,2023-11-24 03:43:00,15.489586,74.959548,Burglary reported in Dharwad; registered at Dharwad Police Station 08. Synthetic demonstration record.
815,100291282202600001,202600001,2026-03-02,5321,1282,1,1,3,10,2,7029,2026-03-01 06:25:00,2026-03-01 07:15:00,2026-03-01 09:00:00,16.871694,75.660593,Kidnapping reported in Vijayapura; registered at Vijayapura Police Station 02. Synthetic demonstration record.
816,100221216202400003,202400003,2024-11-01,5554,1216,1,2,1,3,1,7022,2024-11-01 19:45:00,2024-11-01 22:07:00,2024-11-01 22:13:00,12.22937,76.69247,Assault reported in Mysuru; registered at Mysuru Police Station 06. Synthetic demonstration record.
817,100051045202400003,202400003,2024-05-22,5419,1045,1,2,4,12,1,7005,2024-05-21 16:37:00,2024-05-21 17:28:00,2024-05-21 19:26:00,13.000845,77.592523,Identity Theft reported in Bengaluru Urban; registered at Bengaluru Urban Police Station 05. Synthetic demonstration record.
818,100221215202400001,202400001,2024-01-11,5563,1215,1,2,4,11,2,7022,2024-01-10 21:19:00,2024-01-10 23:06:00,2024-01-11 00:12:00,12.30514,76.59083,Online Fraud reported in Mysuru; registered at Mysuru Police Station 05. Synthetic demonstration record.
819,100181171202300001,202300001,2023-04-15,5579,1171,1,2,1,3,2,7018,2023-04-15 12:53:00,2023-04-15 14:44:00,2023-04-15 16:11:00,12.3638,75.827686,Assault reported in Kodagu; registered at Kodagu Police Station 01. Synthetic demonstration record.
820,100131129202200001,202200001,2022-11-02,5018,1129,1,2,5,14,1,7013,2022-11-01 02:50:00,2022-11-01 04:04:00,2022-11-01 05:28:00,15.460175,75.004223,NDPS Possession reported in Dharwad; registered at Dharwad Police Station 09. Synthetic demonstration record.
821,100181175202200001,202200001,2022-12-10,5251,1175,1,2,7,18,1,7018,2022-12-10 09:36:00,2022-12-10 10:20:00,2022-12-10 10:31:00,12.374872,75.872744,Cheating reported in Kodagu; registered at Kodagu Police Station 05. Synthetic demonstration record.
822,100221211202400002,202400002,2024-01-13,5489,1211,1,2,2,6,1,7022,2024-01-11 17:47:00,2024-01-11 19:55:00,2024-01-11 20:51:00,12.266144,76.606422,Vehicle Theft reported in Mysuru; registered at Mysuru Police Station 01. Synthetic demonstration record.
823,100031026202200001,202200001,2022-02-22,5404,1026,1,2,4,13,3,7003,2022-02-22 15:30:00,2022-02-22 16:03:00,2022-02-22 16:28:00,15.879475,74.519731,Cyber Stalking reported in Belagavi; registered at Belagavi Police Station 06. Synthetic demonstration record.
824,100191186202300002,202300002,2023-09-30,5486,1186,1,2,3,8,2,7019,2023-09-29 08:42:00,2023-09-29 11:38:00,2023-09-29 13:13:00,13.124292,78.200254,Domestic Violence reported in Kolar; registered at Kolar Police Station 06. Synthetic demonstration record.
825,100121116202600001,202600001,2026-01-07,5114,1116,1,2,4,11,2,7012,2026-01-06 15:59:00,2026-01-06 16:29:00,2026-01-06 17:33:00,14.489305,75.955831,Online Fraud reported in Davanagere; registered at Davanagere Police Station 06. Synthetic demonstration record.
826,100051043202300004,202300004,2023-09-08,5259,1043,1,2,4,12,1,7005,2023-09-08 16:57:00,2023-09-08 19:28:00,2023-09-08 20:36:00,12.97859,77.566356,Identity Theft reported in Bengaluru Urban; registered at Bengaluru Urban Police Station 03. Synthetic demonstration record.
827,100301298202300001,202300001,2023-05-19,5340,1298,1,1,2,4,2,7030,2023-05-17 19:24:00,2023-05-17 20:01:00,2023-05-17 21:32:00,16.802357,77.093002,Robbery reported in Yadgir; registered at Yadgir Police Station 08. Synthetic demonstration record.
828,100111106202400002,202400002,2024-11-08,5362,1106,1,1,1,1,3,7011,2024-11-08 00:03:00,2024-11-08 01:45:00,2024-11-08 03:32:00,12.92745,74.925554,Murder reported in Dakshina Kannada; registered at Dakshina Kannada Police Station 06. Synthetic demonstration record.
829,100251250202300001,202300001,2023-01-09,5502,1250,1,2,4,12,5,7025,2023-01-08 11:10:00,2023-01-08 13:24:00,2023-01-08 15:09:00,13.915166,75.61208,Identity Theft reported in Shivamogga; registered at Shivamogga Police Station 10. Synthetic demonstration record.
830,100031023202200002,202200002,2022-07-13,5127,1023,1,1,1,2,3,7003,2022-07-11 12:15:00,2022-07-11 15:07:00,2022-07-11 16:33:00,15.860238,74.551736,Attempt to Murder reported in Belagavi; registered at Belagavi Police Station 03. Synthetic demonstration record.
831,100191188202500002,202500002,2025-02-19,5002,1188,1,2,7,19,3,7019,2025-02-18 11:19:00,2025-02-18 13:57:00,2025-02-18 15:53:00,13.120508,78.141677,Forgery reported in Kolar; registered at Kolar Police Station 08. Synthetic demonstration record.
832,100031028202500003,202500003,2025-08-14,5006,1028,1,2,7,19,2,7003,2025-08-13 14:34:00,2025-08-13 15:15:00,2025-08-13 17:10:00,15.789409,74.488946,Forgery reported in Belagavi; registered at Belagavi Police Station 08. Synthetic demonstration record.
833,100131127202400001,202400001,2024-06-09,5346,1127,1,2,2,7,5,7013,2024-06-08 02:16:00,2024-06-08 05:15:00,2024-06-08 06:18:00,15.442884,75.077899,House Theft reported in Dharwad; registered at Dharwad Police Station 07. Synthetic demonstration record.
834,100091090202200001,202200001,2022-04-24,5448,1090,1,2,7,19,2,7009,2022-04-24 15:18:00,2022-04-24 17:09:00,2022-04-24 17:42:00,13.344842,75.746935,Forgery reported in Chikkamagaluru; registered at Chikkamagaluru Police Station 10. Synthetic demonstration record.
835,100241238202200001,202200001,2022-09-22,5070,1238,1,2,2,7,5,7024,2022-09-22 22:53:00,2022-09-22 23:45:00,2022-09-23 00:16:00,12.671585,77.273092,House Theft reported in Ramanagara; registered at Ramanagara Police Station 08. Synthetic demonstration record.
836,100171167202400001,202400001,2024-05-06,5578,1167,1,1,2,4,4,7017,2024-05-04 19:33:00,2024-05-04 21:34:00,2024-05-04 23:13:00,17.340316,76.884874,Robbery reported in Kalaburagi; registered at Kalaburagi Police Station 07. Synthetic demonstration record.
837,100141136202600001,202600001,2026-02-15,5337,1136,1,2,7,18,1,7014,2026-02-15 20:34:00,2026-02-15 23:28:00,2026-02-16 01:08:00,15.369561,75.657409,Cheating reported in Gadag; registered at Gadag Police Station 06. Synthetic demonstration record.
838,100221212202300003,202300003,2023-10-07,5291,1212,1,2,1,3,5,7022,2023-10-05 20:03:00,2023-10-05 21:53:00,2023-10-05 22:21:00,12.294225,76.676826,Assault reported in Mysuru; registered at Mysuru Police Station 02. Synthetic demonstration record.
839,100291290202600001,202600001,2026-03-04,5286,1290,1,2,4,12,2,7029,2026-03-02 09:45:00,2026-03-02 11:11:00,2026-03-02 13:10:00,16.816888,75.756874,Identity Theft reported in Vijayapura; registered at Vijayapura Police Station 10. Synthetic demonstration record.
840,100181175202200002,202200002,2022-08-07,5251,1175,1,1,1,1,2,7018,2022-08-06 23:48:00,2022-08-07 00:14:00,2022-08-07 02:13:00,12.361983,75.78015,Murder reported in Kodagu; registered at Kodagu Police Station 05. Synthetic demonstration record.
841,100101096202400001,202400001,2024-11-28,5123,1096,1,2,2,6,4,7010,2024-11-28 21:25:00,2024-11-28 21:58:00,2024-11-28 23:34:00,14.211574,76.442011,Vehicle Theft reported in Chitradurga; registered at Chitradurga Police Station 06. Synthetic demonstration record.
842,100151143202300001,202300001,2023-12-18,5235,1143,1,2,4,11,1,7015,2023-12-17 10:33:00,2023-12-17 13:32:00,2023-12-17 14:52:00,12.997878,76.085442,Online Fraud reported in Hassan; registered at Hassan Police Station 03. Synthetic demonstration record.
843,100051049202300003,202300003,2023-01-25,5582,1049,1,2,7,19,3,7005,2023-01-24 10:39:00,2023-01-24 10:57:00,2023-01-24 12:50:00,12.97739,77.61436,Forgery reported in Bengaluru Urban; registered at Bengaluru Urban Police Station 09. Synthetic demonstration record.
844,100221211202300002,202300002,2023-12-05,5489,1211,1,2,2,7,3,7022,2023-12-05 03:07:00,2023-12-05 06:04:00,2023-12-05 06:20:00,12.339411,76.62035,House Theft reported in Mysuru; registered at Mysuru Police Station 01. Synthetic demonstration record.
845,100201193202200001,202200001,2022-08-14,5012,1193,1,1,2,4,2,7020,2022-08-12 18:37:00,2022-08-12 21:07:00,2022-08-12 21:15:00,15.400386,76.142909,Robbery reported in Koppal; registered at Koppal Police Station 03. Synthetic demonstration record.
846,100191189202300001,202300001,2023-08-12,5451,1189,1,2,4,12,1,7019,2023-08-11 14:31:00,2023-08-11 15:35:00,2023-08-11 16:12:00,13.124551,78.137549,Identity Theft reported in Kolar; registered at Kolar Police Station 09. Synthetic demonstration record.
847,100311308202500002,202500002,2025-05-13,5028,1308,1,2,6,16,3,7031,2025-05-13 03:32:00,2025-05-13 06:19:00,2025-05-13 06:41:00,15.32171,76.507774,Rioting reported in Vijayanagara; registered at Vijayanagara Police Station 08. Synthetic demonstration record.
848,100031028202500004,202500004,2025-11-17,5402,1028,1,2,2,7,5,7003,2025-11-16 00:41:00,2025-11-16 01:14:00,2025-11-16 01:49:00,15.883336,74.572097,House Theft reported in Belagavi; registered at Belagavi Police Station 08. Synthetic demonstration record.
849,100111110202400003,202400003,2024-10-03,5399,1110,1,2,4,12,2,7011,2024-10-01 09:15:00,2024-10-01 10:39:00,2024-10-01 11:39:00,12.895137,74.88482,Identity Theft reported in Dakshina Kannada; registered at Dakshina Kannada Police Station 10. Synthetic demonstration record.
850,100171165202200001,202200001,2022-06-28,5332,1165,1,2,1,3,3,7017,2022-06-26 11:13:00,2022-06-26 11:24:00,2022-06-26 12:12:00,17.309355,76.892115,Assault reported in Kalaburagi; registered at Kalaburagi Police Station 05. Synthetic demonstration record.
851,800271269202300001,202300001,2023-10-26,5558,1269,4,2,2,5,3,7027,2023-10-24 03:40:00,2023-10-24 05:30:00,2023-10-24 06:42:00,13.373353,74.707131,Burglary reported in Udupi; registered at Udupi Police Station 09. Synthetic demonstration record.
852,100051049202600003,202600003,2026-05-11,5582,1049,1,2,4,11,1,7005,2026-05-09 15:26:00,2026-05-09 17:46:00,2026-05-09 18:36:00,13.005692,77.548187,Online Fraud reported in Bengaluru Urban; registered at Bengaluru Urban Police Station 09. Synthetic demonstration record.
853,100151143202300002,202300002,2023-10-25,5235,1143,1,2,2,6,3,7015,2023-10-24 17:06:00,2023-10-24 18:28:00,2023-10-24 18:39:00,12.996524,76.125879,Vehicle Theft reported in Hassan; registered at Hassan Police Station 03. Synthetic demonstration record.
854,100011002202500001,202500001,2025-12-03,5216,1002,1,2,4,11,2,7001,2025-12-03 14:52:00,2025-12-03 16:32:00,2025-12-03 18:32:00,16.177899,75.725389,Online Fraud reported in Bagalkot; registered at Bagalkot Police Station 02. Synthetic demonstration record.
855,100221211202300003,202300003,2023-06-08,5078,1211,1,1,5,15,2,7022,2023-06-06 21:55:00,2023-06-06 23:57:00,2023-06-07 01:22:00,12.27291,76.714036,Drug Trafficking reported in Mysuru; registered at Mysuru Police Station 01. Synthetic demonstration record.
856,100011009202300002,202300002,2023-05-13,5285,1009,1,2,4,12,2,7001,2023-05-11 16:53:00,2023-05-11 18:59:00,2023-05-11 20:47:00,16.174097,75.730094,Identity Theft reported in Bagalkot; registered at Bagalkot Police Station 09. Synthetic demonstration record.
857,100221214202400001,202400001,2024-02-03,5373,1214,1,2,4,11,3,7022,2024-02-02 13:22:00,2024-02-02 15:45:00,2024-02-02 17:31:00,12.284707,76.680147,Online Fraud reported in Mysuru; registered at Mysuru Police Station 04. Synthetic demonstration record.
858,100221216202300001,202300001,2023-05-11,5581,1216,1,2,8,20,3,7022,2023-05-11 19:54:00,2023-05-11 21:39:00,2023-05-11 23:18:00,12.275851,76.681912,Hit and Run reported in Mysuru; registered at Mysuru Police Station 06. Synthetic demonstration record.
859,100141134202500001,202500001,2025-05-29,5031,1134,1,1,5,15,3,7014,2025-05-27 10:45:00,2025-05-27 12:12:00,2025-05-27 14:08:00,15.460596,75.626511,Drug Trafficking reported in Gadag; registered at Gadag Police Station 04. Synthetic demonstration record.
860,100261254202400001,202400001,2024-02-08,5288,1254,1,1,2,4,1,7026,2024-02-06 19:45:00,2024-02-06 21:04:00,2024-02-06 22:58:00,13.353307,77.173564,Robbery reported in Tumakuru; registered at Tumakuru Police Station 04. Synthetic demonstration record.
861,100171167202400002,202400002,2024-11-24,5578,1167,1,2,4,11,2,7017,2024-11-22 13:05:00,2024-11-22 15:44:00,2024-11-22 16:38:00,17.34131,76.835002,Online Fraud reported in Kalaburagi; registered at Kalaburagi Police Station 07. Synthetic demonstration record.
862,100021017202500001,202500001,2025-05-17,5467,1017,1,2,4,11,4,7002,2025-05-16 16:02:00,2025-05-16 18:27:00,2025-05-16 18:58:00,15.120508,76.975879,Online Fraud reported in Ballari; registered at Ballari Police Station 07. Synthetic demonstration record.
863,100301291202600001,202600001,2026-05-23,5133,1291,1,2,6,16,5,7030,2026-05-21 05:46:00,2026-05-21 06:45:00,2026-05-21 07:53:00,16.75656,77.143425,Rioting reported in Yadgir; registered at Yadgir Police Station 01. Synthetic demonstration record.
864,100051049202200002,202200002,2022-12-31,5433,1049,1,2,2,6,2,7005,2022-12-31 21:17:00,2022-12-31 23:03:00,2022-12-31 23:28:00,12.973249,77.555749,Vehicle Theft reported in Bengaluru Urban; registered at Bengaluru Urban Police Station 09. Synthetic demonstration record.
865,300191183202500001,202500001,2025-09-30,5108,1183,2,2,4,11,2,7019,2025-09-28 21:17:00,2025-09-28 21:51:00,2025-09-28 22:16:00,13.118353,78.144799,Online Fraud reported in Kolar; registered at Kolar Police Station 03. Synthetic demonstration record.
866,100061051202500001,202500001,2025-12-18,5116,1051,1,2,8,20,3,7006,2025-12-16 04:29:00,2025-12-16 07:15:00,2025-12-16 08:24:00,17.912842,77.555966,Hit and Run reported in Bidar; registered at Bidar Police Station 01. Synthetic demonstration record.
867,100131127202300004,202300004,2023-12-22,5346,1127,1,1,2,4,5,7013,2023-12-20 19:41:00,2023-12-20 21:04:00,2023-12-20 22:38:00,15.459399,74.991346,Robbery reported in Dharwad; registered at Dharwad Police Station 07. Synthetic demonstration record.
868,100071064202600001,202600001,2026-02-28,5145,1064,1,2,2,5,1,7007,2026-02-26 22:16:00,2026-02-26 23:31:00,2026-02-27 01:03:00,11.938432,76.927634,Burglary reported in Chamarajanagar; registered at Chamarajanagar Police Station 04. Synthetic demonstration record.
869,100111104202300001,202300001,2023-08-29,5519,1104,1,2,7,18,1,7011,2023-08-27 12:35:00,2023-08-27 13:57:00,2023-08-27 14:07:00,12.938465,74.857015,Cheating reported in Dakshina Kannada; registered at Dakshina Kannada Police Station 04. Synthetic demonstration record.
870,100241240202200001,202200001,2022-04-28,5040,1240,1,2,2,5,1,7024,2022-04-26 00:18:00,2022-04-26 02:52:00,2022-04-26 04:20:00,12.711983,77.278865,Burglary reported in Ramanagara; registered at Ramanagara Police Station 10. Synthetic demonstration record.
871,100041034202400002,202400002,2024-01-08,5403,1034,1,2,8,20,1,7004,2024-01-06 23:30:00,2024-01-07 02:13:00,2024-01-07 03:18:00,13.296374,77.735837,Hit and Run reported in Bengaluru Rural; registered at Bengaluru Rural Police Station 04. Synthetic demonstration record.
872,800051045202200001,202200001,2022-10-14,5419,1045,4,2,8,20,3,7005,2022-10-12 17:40:00,2022-10-12 19:13:00,2022-10-12 19:38:00,12.964676,77.578361,Hit and Run reported in Bengaluru Urban; registered at Bengaluru Urban Police Station 05. Synthetic demonstration record.
873,100091085202400002,202400002,2024-06-14,5253,1085,1,2,1,3,1,7009,2024-06-12 13:54:00,2024-06-12 15:08:00,2024-06-12 16:45:00,13.31396,75.841194,Assault reported in Chikkamagaluru; registered at Chikkamagaluru Police Station 05. Synthetic demonstration record.
874,100221212202500001,202500001,2025-04-01,5204,1212,1,2,2,6,1,7022,2025-03-30 18:08:00,2025-03-30 19:33:00,2025-03-30 21:14:00,12.300921,76.705585,Vehicle Theft reported in Mysuru; registered at Mysuru Police Station 02. Synthetic demonstration record.
875,100191182202600002,202600002,2026-07-23,5364,1182,1,2,2,7,1,7019,2026-07-22 01:07:00,2026-07-22 03:32:00,2026-07-22 05:17:00,13.145234,78.130786,House Theft reported in Kolar; registered at Kolar Police Station 02. Synthetic demonstration record.
876,100201191202500001,202500001,2025-06-20,5420,1191,1,2,4,11,1,7020,2025-06-19 15:38:00,2025-06-19 16:45:00,2025-06-19 17:27:00,15.372962,76.138116,Online Fraud reported in Koppal; registered at Koppal Police Station 01. Synthetic demonstration record.
877,100181179202300001,202300001,2023-02-25,5381,1179,1,1,2,4,2,7018,2023-02-25 17:18:00,2023-02-25 17:35:00,2023-02-25 18:11:00,12.313708,75.840528,Robbery reported in Kodagu; registered at Kodagu Police Station 09. Synthetic demonstration record.
878,100111110202300001,202300001,2023-10-29,5067,1110,1,2,2,7,3,7011,2023-10-28 00:01:00,2023-10-28 01:24:00,2023-10-28 03:24:00,12.900488,74.868381,House Theft reported in Dakshina Kannada; registered at Dakshina Kannada Police Station 10. Synthetic demonstration record.
879,100131123202200002,202200002,2022-03-23,5087,1123,1,1,2,4,1,7013,2022-03-22 19:32:00,2022-03-22 20:35:00,2022-03-22 21:33:00,15.42431,75.024623,Robbery reported in Dharwad; registered at Dharwad Police Station 03. Synthetic demonstration record.
880,300241238202200001,202200001,2022-12-26,5070,1238,2,2,2,7,2,7024,2022-12-26 23:16:00,2022-12-27 00:01:00,2022-12-27 01:01:00,12.672676,77.295921,House Theft reported in Ramanagara; registered at Ramanagara Police Station 08. Synthetic demonstration record.
881,100051043202200001,202200001,2022-12-11,5259,1043,1,2,7,18,1,7005,2022-12-10 21:09:00,2022-12-10 23:54:00,2022-12-11 00:05:00,12.911257,77.636169,Cheating reported in Bengaluru Urban; registered at Bengaluru Urban Police Station 03. Synthetic demonstration record.
882,100311305202200001,202200001,2022-05-06,5491,1305,1,2,3,8,2,7031,2022-05-06 15:38:00,2022-05-06 16:38:00,2022-05-06 17:57:00,15.362773,76.451865,Domestic Violence reported in Vijayanagara; registered at Vijayanagara Police Station 05. Synthetic demonstration record.
883,100091085202500002,202500002,2025-06-10,5253,1085,1,2,4,12,2,7009,2025-06-10 12:13:00,2025-06-10 13:17:00,2025-06-10 14:25:00,13.355342,75.777722,Identity Theft reported in Chikkamagaluru; registered at Chikkamagaluru Police Station 05. Synthetic demonstration record.
884,300181172202300001,202300001,2023-04-02,5092,1172,2,2,4,11,1,7018,2023-04-02 13:05:00,2023-04-02 14:40:00,2023-04-02 14:52:00,12.337876,75.806845,Online Fraud reported in Kodagu; registered at Kodagu Police Station 02. Synthetic demonstration record.
885,100211201202500003,202500003,2025-07-03,5023,1201,1,2,3,9,3,7021,2025-07-02 17:19:00,2025-07-02 19:07:00,2025-07-02 21:04:00,12.564995,76.889432,Sexual Harassment reported in Mandya; registered at Mandya Police Station 01. Synthetic demonstration record.
886,100181174202400002,202400002,2024-07-15,5209,1174,1,2,4,11,3,7018,2024-07-13 21:37:00,2024-07-14 00:07:00,2024-07-14 00:29:00,12.325437,75.826792,Online Fraud reported in Kodagu; registered at Kodagu Police Station 04. Synthetic demonstration record.
887,100101099202400001,202400001,2024-05-09,5452,1099,1,2,2,7,3,7010,2024-05-07 23:06:00,2024-05-08 01:03:00,2024-05-08 02:08:00,14.188746,76.406385,House Theft reported in Chitradurga; registered at Chitradurga Police Station 09. Synthetic demonstration record.
888,100141140202200001,202200001,2022-10-10,5079,1140,1,2,8,20,2,7014,2022-10-10 12:03:00,2022-10-10 13:26:00,2022-10-10 15:06:00,15.436737,75.615465,Hit and Run reported in Gadag; registered at Gadag Police Station 10. Synthetic demonstration record.
889,100051046202400002,202400002,2024-10-17,5265,1046,1,2,2,6,1,7005,2024-10-17 17:05:00,2024-10-17 19:01:00,2024-10-17 19:42:00,12.92938,77.60093,Vehicle Theft reported in Bengaluru Urban; registered at Bengaluru Urban Police Station 06. Synthetic demonstration record.
890,100221213202500001,202500001,2025-10-11,5259,1213,1,1,2,4,1,7022,2025-10-10 17:02:00,2025-10-10 17:17:00,2025-10-10 18:47:00,12.280831,76.6361,Robbery reported in Mysuru; registered at Mysuru Police Station 03. Synthetic demonstration record.
891,100311302202500003,202500003,2025-12-12,5188,1302,1,1,1,2,2,7031,2025-12-10 14:28:00,2025-12-10 15:23:00,2025-12-10 16:54:00,15.295828,76.470118,Attempt to Murder reported in Vijayanagara; registered at Vijayanagara Police Station 02. Synthetic demonstration record.
892,100031025202200001,202200001,2022-03-29,5591,1025,1,2,7,19,4,7003,2022-03-27 09:24:00,2022-03-27 11:11:00,2022-03-27 11:32:00,15.809594,74.5372,Forgery reported in Belagavi; registered at Belagavi Police Station 05. Synthetic demonstration record.
893,100301293202300001,202300001,2023-09-20,5455,1293,1,2,8,20,5,7030,2023-09-18 08:52:00,2023-09-18 09:21:00,2023-09-18 11:18:00,16.773331,77.088256,Hit and Run reported in Yadgir; registered at Yadgir Police Station 03. Synthetic demonstration record.
894,100111107202600001,202600001,2026-05-16,5272,1107,1,2,4,11,2,7011,2026-05-16 17:10:00,2026-05-16 17:54:00,2026-05-16 18:28:00,12.933726,74.924172,Online Fraud reported in Dakshina Kannada; registered at Dakshina Kannada Police Station 07. Synthetic demonstration record.
895,100171167202200001,202200001,2022-08-21,5143,1167,1,2,4,11,1,7017,2022-08-19 15:21:00,2022-08-19 18:05:00,2022-08-19 19:01:00,17.29773,76.843097,Online Fraud reported in Kalaburagi; registered at Kalaburagi Police Station 07. Synthetic demonstration record.
896,100061054202200001,202200001,2022-04-12,5576,1054,1,2,2,7,2,7006,2022-04-12 00:21:00,2022-04-12 01:56:00,2022-04-12 02:05:00,17.928673,77.600667,House Theft reported in Bidar; registered at Bidar Police Station 04. Synthetic demonstration record.
897,400161157202200001,202200001,2022-05-21,5462,1157,3,2,2,7,1,7016,2022-05-19 22:36:00,2022-05-19 23:40:00,2022-05-20 00:33:00,14.780868,75.470324,House Theft reported in Haveri; registered at Haveri Police Station 07. Synthetic demonstration record.
898,100051042202300006,202300006,2023-02-02,5300,1042,1,2,3,8,3,7005,2023-02-02 05:41:00,2023-02-02 08:14:00,2023-02-02 09:23:00,12.950604,77.602333,Domestic Violence reported in Bengaluru Urban; registered at Bengaluru Urban Police Station 02. Synthetic demonstration record.
899,100241237202600001,202600001,2026-06-11,5326,1237,1,2,7,18,2,7024,2026-06-11 19:22:00,2026-06-11 20:26:00,2026-06-11 21:10:00,12.757385,77.245778,Cheating reported in Ramanagara; registered at Ramanagara Police Station 07. Synthetic demonstration record.
900,100301293202400004,202400004,2024-03-20,5455,1293,1,2,4,11,3,7030,2024-03-19 13:37:00,2024-03-19 14:36:00,2024-03-19 16:01:00,16.779023,77.142813,Online Fraud reported in Yadgir; registered at Yadgir Police Station 03. Synthetic demonstration record.
901,100291287202200002,202200002,2022-04-15,5112,1287,1,1,2,4,3,7029,2022-04-15 18:32:00,2022-04-15 20:59:00,2022-04-15 21:25:00,16.8452,75.703375,Robbery reported in Vijayapura; registered at Vijayapura Police Station 07. Synthetic demonstration record.
902,100211201202500004,202500004,2025-11-19,5145,1201,1,2,4,11,2,7021,2025-11-18 20:52:00,2025-11-18 21:21:00,2025-11-18 23:09:00,12.554877,76.866868,Online Fraud reported in Mandya; registered at Mandya Police Station 01. Synthetic demonstration record.
903,100011009202300003,202300003,2023-10-02,5414,1009,1,2,7,18,1,7001,2023-10-01 16:09:00,2023-10-01 17:08:00,2023-10-01 17:59:00,16.226827,75.731378,Cheating reported in Bagalkot; registered at Bagalkot Police Station 09. Synthetic demonstration record.
904,100101099202400002,202400002,2024-03-11,5003,1099,1,1,2,4,1,7010,2024-03-10 21:58:00,2024-03-10 23:10:00,2024-03-11 00:34:00,14.23906,76.398919,Robbery reported in Chitradurga; registered at Chitradurga Police Station 09. Synthetic demonstration record.
905,100231226202500001,202500001,2025-07-27,5504,1226,1,2,4,13,1,7023,2025-07-25 15:14:00,2025-07-25 17:23:00,2025-07-25 17:41:00,16.218251,77.391682,Cyber Stalking reported in Raichur; registered at Raichur Police Station 06. Synthetic demonstration record.
906,100051048202300003,202300003,2023-04-11,5204,1048,1,2,8,20,3,7005,2023-04-10 01:07:00,2023-04-10 02:08:00,2023-04-10 02:39:00,12.986359,77.611242,Hit and Run reported in Bengaluru Urban; registered at Bengaluru Urban Police Station 08. Synthetic demonstration record.
907,400221220202200001,202200001,2022-11-06,5276,1220,3,2,2,5,5,7022,2022-11-04 22:52:00,2022-11-05 00:52:00,2022-11-05 01:22:00,12.244413,76.641732,Burglary reported in Mysuru; registered at Mysuru Police Station 10. Synthetic demonstration record.
908,100121112202400002,202400002,2024-05-08,5428,1112,1,2,2,6,1,7012,2024-05-07 21:48:00,2024-05-07 23:14:00,2024-05-08 00:54:00,14.439453,75.919161,Vehicle Theft reported in Davanagere; registered at Davanagere Police Station 02. Synthetic demonstration record.
909,100031021202600001,202600001,2026-04-08,5562,1021,1,2,4,11,3,7003,2026-04-07 21:30:00,2026-04-07 23:25:00,2026-04-08 00:29:00,15.839472,74.526513,Online Fraud reported in Belagavi; registered at Belagavi Police Station 01. Synthetic demonstration record.
910,100291284202300001,202300001,2023-01-27,5083,1284,1,2,4,11,3,7029,2023-01-25 13:31:00,2023-01-25 15:12:00,2023-01-25 15:26:00,16.825443,75.709995,Online Fraud reported in Vijayapura; registered at Vijayapura Police Station 04. Synthetic demonstration record.
911,100131123202300001,202300001,2023-01-03,5087,1123,1,2,7,19,2,7013,2023-01-03 17:09:00,2023-01-03 17:56:00,2023-01-03 19:31:00,15.463306,74.994692,Forgery reported in Dharwad; registered at Dharwad Police Station 03. Synthetic demonstration record.
912,100071069202200001,202200001,2022-11-13,5036,1069,1,2,2,6,2,7007,2022-11-11 19:15:00,2022-11-11 22:11:00,2022-11-11 23:06:00,11.986412,76.910958,Vehicle Theft reported in Chamarajanagar; registered at Chamarajanagar Police Station 09. Synthetic demonstration record.
913,100181180202500001,202500001,2025-03-10,5155,1180,1,2,3,8,2,7018,2025-03-09 20:37:00,2025-03-09 23:36:00,2025-03-10 01:03:00,12.343467,75.82997,Domestic Violence reported in Kodagu; registered at Kodagu Police Station 10. Synthetic demonstration record.
914,100301294202500002,202500002,2025-09-01,5120,1294,1,2,6,17,5,7030,2025-09-01 12:20:00,2025-09-01 13:03:00,2025-09-01 14:26:00,16.764157,77.17628,Unlawful Assembly reported in Yadgir; registered at Yadgir Police Station 04. Synthetic demonstration record.
915,100131126202500001,202500001,2025-05-09,5495,1126,1,2,2,6,1,7013,2025-05-09 20:13:00,2025-05-09 22:45:00,2025-05-09 23:29:00,15.442287,75.058286,Vehicle Theft reported in Dharwad; registered at Dharwad Police Station 06. Synthetic demonstration record.
916,400271267202500001,202500001,2025-08-05,5257,1267,3,2,1,3,1,7027,2025-08-05 10:47:00,2025-08-05 12:52:00,2025-08-05 13:03:00,13.342832,74.766662,Assault reported in Udupi; registered at Udupi Police Station 07. Synthetic demonstration record.
917,100201200202500001,202500001,2025-08-07,5354,1200,1,2,3,9,1,7020,2025-08-07 20:20:00,2025-08-07 20:56:00,2025-08-07 22:18:00,15.318872,76.155816,Sexual Harassment reported in Koppal; registered at Koppal Police Station 10. Synthetic demonstration record.
918,100211206202500001,202500001,2025-05-26,5017,1206,1,2,4,12,5,7021,2025-05-25 19:32:00,2025-05-25 20:18:00,2025-05-25 21:51:00,12.521961,76.920439,Identity Theft reported in Mandya; registered at Mandya Police Station 06. Synthetic demonstration record.
919,100101094202300001,202300001,2023-07-07,5069,1094,1,2,2,6,2,7010,2023-07-05 20:42:00,2023-07-05 22:26:00,2023-07-05 23:51:00,14.248523,76.463142,Vehicle Theft reported in Chitradurga; registered at Chitradurga Police Station 04. Synthetic demonstration record.
920,100011008202200002,202200002,2022-02-18,5274,1008,1,2,6,16,3,7001,2022-02-16 05:58:00,2022-02-16 07:36:00,2022-02-16 08:25:00,16.121575,75.715975,Rioting reported in Bagalkot; registered at Bagalkot Police Station 08. Synthetic demonstration record.
921,100071063202200001,202200001,2022-09-23,5009,1063,1,2,1,3,5,7007,2022-09-22 03:46:00,2022-09-22 04:46:00,2022-09-22 05:07:00,11.973703,76.913365,Assault reported in Chamarajanagar; registered at Chamarajanagar Police Station 03. Synthetic demonstration record.
922,100261254202500001,202500001,2025-08-04,5288,1254,1,2,4,11,2,7026,2025-08-02 12:55:00,2025-08-02 15:38:00,2025-08-02 17:05:00,13.32017,77.109859,Online Fraud reported in Tumakuru; registered at Tumakuru Police Station 04. Synthetic demonstration record.
923,100161157202300002,202300002,2023-05-28,5462,1157,1,2,4,11,4,7016,2023-05-27 19:01:00,2023-05-27 19:25:00,2023-05-27 20:50:00,14.846979,75.359011,Online Fraud reported in Haveri; registered at Haveri Police Station 07. Synthetic demonstration record.
924,100171168202400003,202400003,2024-02-01,5133,1168,1,2,3,8,1,7017,2024-02-01 22:37:00,2024-02-01 23:34:00,2024-02-02 00:01:00,17.353148,76.864968,Domestic Violence reported in Kalaburagi; registered at Kalaburagi Police Station 08. Synthetic demonstration record.
925,100111110202600002,202600002,2026-07-01,5163,1110,1,2,3,8,3,7011,2026-06-30 19:01:00,2026-06-30 19:43:00,2026-06-30 19:52:00,12.943585,74.822833,Domestic Violence reported in Dakshina Kannada; registered at Dakshina Kannada Police Station 10. Synthetic demonstration record.
926,100281271202500001,202500001,2025-08-30,5150,1271,1,2,4,11,5,7028,2025-08-30 21:23:00,2025-08-30 22:32:00,2025-08-31 00:12:00,14.850923,74.174582,Online Fraud reported in Uttara Kannada; registered at Uttara Kannada Police Station 01. Synthetic demonstration record.
927,100261256202500001,202500001,2025-11-17,5099,1256,1,1,2,4,2,7026,2025-11-15 20:10:00,2025-11-15 21:31:00,2025-11-15 22:21:00,13.324433,77.109115,Robbery reported in Tumakuru; registered at Tumakuru Police Station 06. Synthetic demonstration record.
928,300201200202600001,202600001,2026-06-02,5354,1200,2,2,4,11,3,7020,2026-06-02 17:19:00,2026-06-02 19:33:00,2026-06-02 20:23:00,15.357787,76.203778,Online Fraud reported in Koppal; registered at Koppal Police Station 10. Synthetic demonstration record.
929,100171168202600001,202600001,2026-04-26,5133,1168,1,2,1,3,3,7017,2026-04-26 12:47:00,2026-04-26 13:19:00,2026-04-26 13:31:00,17.29896,76.860973,Assault reported in Kalaburagi; registered at Kalaburagi Police Station 08. Synthetic demonstration record.
930,300151149202400001,202400001,2024-05-17,5581,1149,2,2,2,6,3,7015,2024-05-17 19:39:00,2024-05-17 22:23:00,2024-05-17 23:22:00,12.962977,76.090651,Vehicle Theft reported in Hassan; registered at Hassan Police Station 09. Synthetic demonstration record.
931,100051049202400006,202400006,2024-03-24,5561,1049,1,2,4,11,2,7005,2024-03-22 09:09:00,2024-03-22 10:07:00,2024-03-22 10:28:00,13.027734,77.609292,Online Fraud reported in Bengaluru Urban; registered at Bengaluru Urban Police Station 09. Synthetic demonstration record.
932,100051041202500003,202500003,2025-03-01,5496,1041,1,2,4,12,2,7005,2025-02-28 09:30:00,2025-02-28 12:09:00,2025-02-28 13:34:00,12.966438,77.587639,Identity Theft reported in Bengaluru Urban; registered at Bengaluru Urban Police Station 01. Synthetic demonstration record.
933,100271268202200001,202200001,2022-12-13,5599,1268,1,2,4,11,2,7027,2022-12-11 10:24:00,2022-12-11 11:01:00,2022-12-11 11:22:00,13.317733,74.736585,Online Fraud reported in Udupi; registered at Udupi Police Station 08. Synthetic demonstration record.
934,100041034202200003,202200003,2022-08-15,5160,1034,1,2,5,14,3,7004,2022-08-15 03:30:00,2022-08-15 04:04:00,2022-08-15 04:57:00,13.287633,77.697814,NDPS Possession reported in Bengaluru Rural; registered at Bengaluru Rural Police Station 04. Synthetic demonstration record.
935,100301296202500001,202500001,2025-12-31,5435,1296,1,2,3,8,3,7030,2025-12-29 13:23:00,2025-12-29 14:59:00,2025-12-29 16:05:00,16.766127,77.107172,Domestic Violence reported in Yadgir; registered at Yadgir Police Station 06. Synthetic demonstration record.
936,100221215202500004,202500004,2025-04-20,5425,1215,1,2,8,20,2,7022,2025-04-19 08:47:00,2025-04-19 10:10:00,2025-04-19 11:41:00,12.296371,76.643538,Hit and Run reported in Mysuru; registered at Mysuru Police Station 05. Synthetic demonstration record.
937,100251248202500001,202500001,2025-04-23,5063,1248,1,2,4,11,2,7025,2025-04-23 13:16:00,2025-04-23 14:05:00,2025-04-23 15:10:00,13.863084,75.586464,Online Fraud reported in Shivamogga; registered at Shivamogga Police Station 08. Synthetic demonstration record.
938,100161157202300003,202300003,2023-07-15,5462,1157,1,1,5,15,5,7016,2023-07-13 06:52:00,2023-07-13 09:24:00,2023-07-13 09:29:00,14.761123,75.458442,Drug Trafficking reported in Haveri; registered at Haveri Police Station 07. Synthetic demonstration record.
939,100151148202400001,202400001,2024-11-29,5566,1148,1,2,7,18,3,7015,2024-11-29 17:23:00,2024-11-29 20:21:00,2024-11-29 21:14:00,12.948395,76.149333,Cheating reported in Hassan; registered at Hassan Police Station 08. Synthetic demonstration record.
940,100101091202500001,202500001,2025-01-25,5098,1091,1,2,4,12,5,7010,2025-01-23 15:25:00,2025-01-23 17:57:00,2025-01-23 18:23:00,14.215761,76.36564,Identity Theft reported in Chitradurga; registered at Chitradurga Police Station 01. Synthetic demonstration record.
941,100131127202300005,202300005,2023-03-24,5346,1127,1,2,2,6,3,7013,2023-03-23 18:21:00,2023-03-23 18:51:00,2023-03-23 19:20:00,15.455829,74.958204,Vehicle Theft reported in Dharwad; registered at Dharwad Police Station 07. Synthetic demonstration record.
942,100081072202500001,202500001,2025-08-17,5230,1072,1,2,5,14,4,7008,2025-08-15 16:31:00,2025-08-15 18:03:00,2025-08-15 18:31:00,13.381439,77.779543,NDPS Possession reported in Chikkaballapur; registered at Chikkaballapur Police Station 02. Synthetic demonstration record.
943,100291284202300002,202300002,2023-12-16,5170,1284,1,2,7,18,1,7029,2023-12-14 19:41:00,2023-12-14 20:08:00,2023-12-14 21:41:00,16.845042,75.751227,Cheating reported in Vijayapura; registered at Vijayapura Police Station 04. Synthetic demonstration record.
944,100101092202400001,202400001,2024-12-19,5242,1092,1,2,4,11,1,7010,2024-12-18 17:37:00,2024-12-18 18:04:00,2024-12-18 18:26:00,14.215675,76.411081,Online Fraud reported in Chitradurga; registered at Chitradurga Police Station 02. Synthetic demonstration record.
945,100051041202300003,202300003,2023-04-05,5094,1041,1,2,2,7,2,7005,2023-04-05 00:44:00,2023-04-05 03:18:00,2023-04-05 05:10:00,13.030357,77.545018,House Theft reported in Bengaluru Urban; registered at Bengaluru Urban Police Station 01. Synthetic demonstration record.
946,100161156202200001,202200001,2022-03-20,5039,1156,1,2,4,13,2,7016,2022-03-19 16:32:00,2022-03-19 18:05:00,2022-03-19 18:46:00,14.794887,75.404199,Cyber Stalking reported in Haveri; registered at Haveri Police Station 06. Synthetic demonstration record.
947,100201194202500001,202500001,2025-12-20,5372,1194,1,2,4,12,2,7020,2025-12-20 20:52:00,2025-12-20 23:04:00,2025-12-21 00:59:00,15.385493,76.191593,Identity Theft reported in Koppal; registered at Koppal Police Station 04. Synthetic demonstration record.
948,100061060202400001,202400001,2024-09-13,5200,1060,1,2,5,14,5,7006,2024-09-12 21:42:00,2024-09-12 23:23:00,2024-09-13 00:34:00,17.934955,77.551747,NDPS Possession reported in Bidar; registered at Bidar Police Station 10. Synthetic demonstration record.
949,100141131202200002,202200002,2022-12-02,5556,1131,1,2,8,20,1,7014,2022-11-30 13:48:00,2022-11-30 15:41:00,2022-11-30 17:33:00,15.365952,75.63222,Hit and Run reported in Gadag; registered at Gadag Police Station 01. Synthetic demonstration record.
950,100051043202400003,202400003,2024-10-17,5259,1043,1,2,6,16,3,7005,2024-10-15 04:29:00,2024-10-15 05:08:00,2024-10-15 06:33:00,12.943853,77.610288,Rioting reported in Bengaluru Urban; registered at Bengaluru Urban Police Station 03. Synthetic demonstration record.
951,100071061202400001,202400001,2024-12-24,5297,1061,1,2,4,12,2,7007,2024-12-23 14:32:00,2024-12-23 14:53:00,2024-12-23 15:08:00,11.924261,76.964151,Identity Theft reported in Chamarajanagar; registered at Chamarajanagar Police Station 01. Synthetic demonstration record.
952,100301299202200001,202200001,2022-10-07,5089,1299,1,1,1,1,4,7030,2022-10-07 04:43:00,2022-10-07 05:42:00,2022-10-07 06:44:00,16.72374,77.171457,Murder reported in Yadgir; registered at Yadgir Police Station 09. Synthetic demonstration record.
953,100171161202500003,202500003,2025-05-06,5226,1161,1,2,5,14,4,7017,2025-05-06 10:39:00,2025-05-06 10:50:00,2025-05-06 11:21:00,17.305206,76.833519,NDPS Possession reported in Kalaburagi; registered at Kalaburagi Police Station 01. Synthetic demonstration record.
954,100181173202500001,202500001,2025-04-19,5219,1173,1,2,6,16,1,7018,2025-04-18 07:25:00,2025-04-18 09:28:00,2025-04-18 11:12:00,12.330432,75.839235,Rioting reported in Kodagu; registered at Kodagu Police Station 03. Synthetic demonstration record.
955,100221214202400002,202400002,2024-06-03,5373,1214,1,2,5,14,4,7022,2024-06-01 21:50:00,2024-06-01 22:41:00,2024-06-02 00:09:00,12.250541,76.667808,NDPS Possession reported in Mysuru; registered at Mysuru Police Station 04. Synthetic demonstration record.
956,100071064202300001,202300001,2023-11-22,5589,1064,1,2,7,18,1,7007,2023-11-20 18:11:00,2023-11-20 20:55:00,2023-11-20 21:12:00,11.934509,76.961052,Cheating reported in Chamarajanagar; registered at Chamarajanagar Police Station 04. Synthetic demonstration record.
957,100291284202600001,202600001,2026-01-07,5167,1284,1,2,4,11,1,7029,2026-01-05 14:59:00,2026-01-05 15:27:00,2026-01-05 16:47:00,16.865786,75.740644,Online Fraud reported in Vijayapura; registered at Vijayapura Police Station 04. Synthetic demonstration record.
958,100191188202600001,202600001,2026-01-14,5565,1188,1,2,7,18,2,7019,2026-01-13 17:23:00,2026-01-13 19:28:00,2026-01-13 20:56:00,13.148054,78.155856,Cheating reported in Kolar; registered at Kolar Police Station 08. Synthetic demonstration record.
959,100201192202600001,202600001,2026-01-14,5184,1192,1,2,3,8,1,7020,2026-01-13 14:25:00,2026-01-13 16:37:00,2026-01-13 17:28:00,15.374979,76.124924,Domestic Violence reported in Koppal; registered at Koppal Police Station 02. Synthetic demonstration record.
960,100071069202400001,202400001,2024-08-18,5483,1069,1,2,8,20,2,7007,2024-08-16 06:19:00,2024-08-16 07:09:00,2024-08-16 08:07:00,11.903825,77.003102,Hit and Run reported in Chamarajanagar; registered at Chamarajanagar Police Station 09. Synthetic demonstration record.
961,300081079202200001,202200001,2022-01-26,5111,1079,2,2,3,8,3,7008,2022-01-26 22:39:00,2022-01-26 23:05:00,2022-01-26 23:50:00,13.411845,77.751911,Domestic Violence reported in Chikkaballapur; registered at Chikkaballapur Police Station 09. Synthetic demonstration record.
962,400211210202200001,202200001,2022-11-17,5081,1210,3,2,4,11,3,7021,2022-11-17 16:15:00,2022-11-17 17:24:00,2022-11-17 18:52:00,12.507408,76.902095,Online Fraud reported in Mandya; registered at Mandya Police Station 10. Synthetic demonstration record.
963,100211202202600001,202600001,2026-02-28,5421,1202,1,1,3,10,1,7021,2026-02-28 13:55:00,2026-02-28 14:36:00,2026-02-28 15:59:00,12.512768,76.900037,Kidnapping reported in Mandya; registered at Mandya Police Station 02. Synthetic demonstration record.
964,100261252202400002,202400002,2024-03-23,5330,1252,1,2,2,6,2,7026,2024-03-22 19:13:00,2024-03-22 20:50:00,2024-03-22 22:12:00,13.347179,77.106049,Vehicle Theft reported in Tumakuru; registered at Tumakuru Police Station 02. Synthetic demonstration record.
965,100291284202400001,202400001,2024-05-28,5179,1284,1,2,4,11,3,7029,2024-05-26 21:38:00,2024-05-26 23:13:00,2024-05-27 00:55:00,16.824314,75.734531,Online Fraud reported in Vijayapura; registered at Vijayapura Police Station 04. Synthetic demonstration record.
966,300191181202600001,202600001,2026-04-07,5249,1181,2,2,6,16,2,7019,2026-04-06 04:08:00,2026-04-06 05:26:00,2026-04-06 06:44:00,13.119108,78.131114,Rioting reported in Kolar; registered at Kolar Police Station 01. Synthetic demonstration record.
967,100101092202200001,202200001,2022-12-21,5062,1092,1,2,4,12,1,7010,2022-12-21 15:28:00,2022-12-21 18:10:00,2022-12-21 19:56:00,14.198217,76.408687,Identity Theft reported in Chitradurga; registered at Chitradurga Police Station 02. Synthetic demonstration record.
968,800191181202300001,202300001,2023-08-24,5415,1181,4,2,4,11,3,7019,2023-08-22 19:12:00,2023-08-22 21:35:00,2023-08-22 23:14:00,13.070702,78.133438,Online Fraud reported in Kolar; registered at Kolar Police Station 01. Synthetic demonstration record.
969,100291284202300003,202300003,2023-09-22,5233,1284,1,2,4,11,2,7029,2023-09-21 09:29:00,2023-09-21 10:21:00,2023-09-21 11:53:00,16.87038,75.713561,Online Fraud reported in Vijayapura; registered at Vijayapura Police Station 04. Synthetic demonstration record.
970,100301296202200001,202200001,2022-08-12,5144,1296,1,1,1,1,1,7030,2022-08-11 23:40:00,2022-08-12 01:10:00,2022-08-12 02:48:00,16.750828,77.199745,Murder reported in Yadgir; registered at Yadgir Police Station 06. Synthetic demonstration record.
971,100221219202400001,202400001,2024-09-08,5054,1219,1,2,2,5,2,7022,2024-09-07 03:01:00,2024-09-07 03:56:00,2024-09-07 04:29:00,12.238582,76.669052,Burglary reported in Mysuru; registered at Mysuru Police Station 09. Synthetic demonstration record.
972,100081077202500001,202500001,2025-10-24,5345,1077,1,1,5,15,2,7008,2025-10-22 07:21:00,2025-10-22 09:44:00,2025-10-22 10:14:00,13.46991,77.791705,Drug Trafficking reported in Chikkaballapur; registered at Chikkaballapur Police Station 07. Synthetic demonstration record.
973,100101098202300001,202300001,2023-12-18,5356,1098,1,2,4,11,1,7010,2023-12-17 16:04:00,2023-12-17 19:00:00,2023-12-17 20:23:00,14.218691,76.430289,Online Fraud reported in Chitradurga; registered at Chitradurga Police Station 08. Synthetic demonstration record.
974,100271268202300002,202300002,2023-02-23,5587,1268,1,2,8,20,2,7027,2023-02-21 12:41:00,2023-02-21 15:17:00,2023-02-21 17:09:00,13.292342,74.735228,Hit and Run reported in Udupi; registered at Udupi Police Station 08. Synthetic demonstration record.
975,100091087202400001,202400001,2024-09-30,5281,1087,1,2,4,11,2,7009,2024-09-28 19:42:00,2024-09-28 20:41:00,2024-09-28 22:33:00,13.319221,75.745325,Online Fraud reported in Chikkamagaluru; registered at Chikkamagaluru Police Station 07. Synthetic demonstration record.
976,100111108202300002,202300002,2023-08-16,5555,1108,1,2,2,6,3,7011,2023-08-16 20:05:00,2023-08-16 22:23:00,2023-08-16 23:21:00,12.8847,74.854155,Vehicle Theft reported in Dakshina Kannada; registered at Dakshina Kannada Police Station 08. Synthetic demonstration record.
977,100221215202200001,202200001,2022-10-14,5464,1215,1,1,2,4,1,7022,2022-10-14 19:26:00,2022-10-14 20:13:00,2022-10-14 22:11:00,12.271176,76.628638,Robbery reported in Mysuru; registered at Mysuru Police Station 05. Synthetic demonstration record.
978,100021013202500001,202500001,2025-07-23,5308,1013,1,2,4,11,2,7002,2025-07-22 13:22:00,2025-07-22 13:38:00,2025-07-22 14:06:00,15.199228,76.867837,Online Fraud reported in Ballari; registered at Ballari Police Station 03. Synthetic demonstration record.
979,100061059202400002,202400002,2024-11-04,5503,1059,1,1,1,1,5,7006,2024-11-02 03:29:00,2024-11-02 06:16:00,2024-11-02 06:42:00,17.9093,77.546217,Murder reported in Bidar; registered at Bidar Police Station 09. Synthetic demonstration record.
980,100181176202200002,202200002,2022-10-19,5417,1176,1,2,4,11,3,7018,2022-10-18 13:19:00,2022-10-18 13:50:00,2022-10-18 15:07:00,12.384033,75.768221,Online Fraud reported in Kodagu; registered at Kodagu Police Station 06. Synthetic demonstration record.
981,100071061202600001,202600001,2026-03-25,5297,1061,1,2,2,7,3,7007,2026-03-25 02:02:00,2026-03-25 04:18:00,2026-03-25 05:20:00,11.906,76.96779,House Theft reported in Chamarajanagar; registered at Chamarajanagar Police Station 01. Synthetic demonstration record.
982,100131129202200002,202200002,2022-05-14,5018,1129,1,2,3,8,1,7013,2022-05-14 11:52:00,2022-05-14 12:37:00,2022-05-14 14:17:00,15.42368,75.005387,Domestic Violence reported in Dharwad; registered at Dharwad Police Station 09. Synthetic demonstration record.
983,100121115202500003,202500003,2025-10-21,5598,1115,1,2,4,12,3,7012,2025-10-19 20:34:00,2025-10-19 23:14:00,2025-10-20 00:31:00,14.46765,75.964564,Identity Theft reported in Davanagere; registered at Davanagere Police Station 05. Synthetic demonstration record.
984,100041039202200001,202200001,2022-10-17,5317,1039,1,2,2,7,3,7004,2022-10-16 01:16:00,2022-10-16 01:41:00,2022-10-16 02:45:00,13.267238,77.741347,House Theft reported in Bengaluru Rural; registered at Bengaluru Rural Police Station 09. Synthetic demonstration record.
985,100051045202200003,202200003,2022-02-14,5419,1045,1,2,7,18,4,7005,2022-02-14 11:15:00,2022-02-14 11:46:00,2022-02-14 13:01:00,12.974185,77.626078,Cheating reported in Bengaluru Urban; registered at Bengaluru Urban Police Station 05. Synthetic demonstration record.
986,100111110202400004,202400004,2024-08-07,5163,1110,1,2,2,6,3,7011,2024-08-06 21:13:00,2024-08-06 21:29:00,2024-08-06 21:49:00,12.93673,74.849867,Vehicle Theft reported in Dakshina Kannada; registered at Dakshina Kannada Police Station 10. Synthetic demonstration record.
987,100151150202400001,202400001,2024-05-07,5418,1150,1,2,1,3,5,7015,2024-05-06 21:35:00,2024-05-06 23:56:00,2024-05-07 01:10:00,13.062373,76.048914,Assault reported in Hassan; registered at Hassan Police Station 10. Synthetic demonstration record.
988,100081071202300002,202300002,2023-09-14,5350,1071,1,2,3,9,2,7008,2023-09-13 20:36:00,2023-09-13 21:04:00,2023-09-13 21:17:00,13.451439,77.752443,Sexual Harassment reported in Chikkaballapur; registered at Chikkaballapur Police Station 01. Synthetic demonstration record.
989,100201199202300001,202300001,2023-10-05,5084,1199,1,2,4,11,2,7020,2023-10-05 20:22:00,2023-10-05 23:22:00,2023-10-06 00:22:00,15.400116,76.129809,Online Fraud reported in Koppal; registered at Koppal Police Station 09. Synthetic demonstration record.
990,100231229202200002,202200002,2022-09-23,5312,1229,1,2,4,12,1,7023,2022-09-23 10:36:00,2022-09-23 11:41:00,2022-09-23 12:27:00,16.228446,77.355083,Identity Theft reported in Raichur; registered at Raichur Police Station 09. Synthetic demonstration record.
991,100251245202400001,202400001,2024-08-25,5319,1245,1,2,2,7,2,7025,2024-08-23 22:55:00,2024-08-24 00:07:00,2024-08-24 01:15:00,13.927146,75.550329,House Theft reported in Shivamogga; registered at Shivamogga Police Station 05. Synthetic demonstration record.
992,100141131202400001,202400001,2024-12-29,5048,1131,1,2,2,6,1,7014,2024-12-28 18:05:00,2024-12-28 18:37:00,2024-12-28 20:36:00,15.427493,75.594463,Vehicle Theft reported in Gadag; registered at Gadag Police Station 01. Synthetic demonstration record.
993,100051047202500004,202500004,2025-01-17,5186,1047,1,2,2,6,2,7005,2025-01-16 18:09:00,2025-01-16 19:38:00,2025-01-16 21:36:00,12.959163,77.635537,Vehicle Theft reported in Bengaluru Urban; registered at Bengaluru Urban Police Station 07. Synthetic demonstration record.
994,100271267202400001,202400001,2024-12-28,5257,1267,1,2,3,9,2,7027,2024-12-27 17:32:00,2024-12-27 20:06:00,2024-12-27 21:33:00,13.32943,74.816073,Sexual Harassment reported in Udupi; registered at Udupi Police Station 07. Synthetic demonstration record.
995,100251247202400003,202400003,2024-06-26,5122,1247,1,2,4,11,2,7025,2024-06-26 21:39:00,2024-06-26 22:24:00,2024-06-26 23:42:00,13.969991,75.536,Online Fraud reported in Shivamogga; registered at Shivamogga Police Station 07. Synthetic demonstration record.
996,100251243202500001,202500001,2025-05-18,5456,1243,1,2,2,7,3,7025,2025-05-17 01:37:00,2025-05-17 03:25:00,2025-05-17 05:01:00,13.933923,75.604251,House Theft reported in Shivamogga; registered at Shivamogga Police Station 03. Synthetic demonstration record.
997,400171161202200001,202200001,2022-06-13,5119,1161,3,2,1,3,5,7017,2022-06-13 09:01:00,2022-06-13 09:49:00,2022-06-13 10:51:00,17.336713,76.846138,Assault reported in Kalaburagi; registered at Kalaburagi Police Station 01. Synthetic demonstration record.
998,100071063202300001,202300001,2023-02-05,5009,1063,1,2,2,7,3,7007,2023-02-05 03:46:00,2023-02-05 05:17:00,2023-02-05 05:48:00,11.913584,76.946823,House Theft reported in Chamarajanagar; registered at Chamarajanagar Police Station 03. Synthetic demonstration record.
999,100031029202400001,202400001,2024-07-07,5543,1029,1,1,5,15,3,7003,2024-07-06 02:42:00,2024-07-06 05:39:00,2024-07-06 06:12:00,15.820444,74.547478,Drug Trafficking reported in Belagavi; registered at Belagavi Police Station 09. Synthetic demonstration record.
1000,400091090202600001,202600001,2026-07-11,5101,1090,3,2,3,8,4,7009,2026-07-10 07:59:00,2026-07-10 10:43:00,2026-07-10 10:56:00,13.251268,75.799665,Domestic Violence reported in Chikkamagaluru; registered at Chikkamagaluru Police Station 10. Synthetic demonstration record.
1001,100071069202500001,202500001,2025-04-02,5483,1069,1,2,4,11,4,7007,2025-04-02 09:07:00,2025-04-02 09:46:00,2025-04-02 11:25:00,11.945963,76.959208,Online Fraud reported in Chamarajanagar; registered at Chamarajanagar Police Station 09. Synthetic demonstration record.
1002,100311301202500002,202500002,2025-11-05,5105,1301,1,2,2,7,2,7031,2025-11-03 03:49:00,2025-11-03 05:22:00,2025-11-03 05:57:00,15.367172,76.467744,House Theft reported in Vijayanagara; registered at Vijayanagara Police Station 01. Synthetic demonstration record.
1003,100051043202400004,202400004,2024-12-11,5343,1043,1,2,4,11,2,7005,2024-12-10 21:30:00,2024-12-10 22:21:00,2024-12-10 23:55:00,13.016144,77.618533,Online Fraud reported in Bengaluru Urban; registered at Bengaluru Urban Police Station 03. Synthetic demonstration record.
1004,100131121202300001,202300001,2023-01-24,5358,1121,1,2,2,7,1,7013,2023-01-23 23:01:00,2023-01-24 00:28:00,2023-01-24 01:52:00,15.48695,75.039858,House Theft reported in Dharwad; registered at Dharwad Police Station 01. Synthetic demonstration record.
1005,100061060202500001,202500001,2025-07-08,5550,1060,1,2,5,14,3,7006,2025-07-07 11:44:00,2025-07-07 13:33:00,2025-07-07 15:20:00,17.911871,77.581674,NDPS Possession reported in Bidar; registered at Bidar Police Station 10. Synthetic demonstration record.
1006,100071064202500002,202500002,2025-07-11,5498,1064,1,2,2,7,2,7007,2025-07-11 00:47:00,2025-07-11 01:12:00,2025-07-11 02:58:00,11.957917,76.953873,House Theft reported in Chamarajanagar; registered at Chamarajanagar Police Station 04. Synthetic demonstration record.
1007,100131127202400002,202400002,2024-11-10,5346,1127,1,2,2,5,3,7013,2024-11-10 22:33:00,2024-11-11 01:03:00,2024-11-11 01:25:00,15.513581,74.967854,Burglary reported in Dharwad; registered at Dharwad Police Station 07. Synthetic demonstration record.
1008,100221219202500001,202500001,2025-06-24,5054,1219,1,2,4,11,5,7022,2025-06-24 16:38:00,2025-06-24 19:02:00,2025-06-24 20:15:00,12.314372,76.599859,Online Fraud reported in Mysuru; registered at Mysuru Police Station 09. Synthetic demonstration record.
1009,100051050202400004,202400004,2024-09-22,5303,1050,1,2,3,8,5,7005,2024-09-22 07:59:00,2024-09-22 10:05:00,2024-09-22 10:36:00,13.00418,77.639155,Domestic Violence reported in Bengaluru Urban; registered at Bengaluru Urban Police Station 10. Synthetic demonstration record.
1010,100011009202600003,202600003,2026-03-20,5462,1009,1,2,3,8,2,7001,2026-03-18 11:08:00,2026-03-18 12:59:00,2026-03-18 13:48:00,16.194467,75.731297,Domestic Violence reported in Bagalkot; registered at Bagalkot Police Station 09. Synthetic demonstration record.
1011,100031029202400002,202400002,2024-12-08,5336,1029,1,2,6,16,2,7003,2024-12-08 23:18:00,2024-12-09 00:47:00,2024-12-09 01:05:00,15.880151,74.500737,Rioting reported in Belagavi; registered at Belagavi Police Station 09. Synthetic demonstration record.
1012,100031026202400001,202400001,2024-03-24,5093,1026,1,2,4,12,2,7003,2024-03-23 19:27:00,2024-03-23 21:51:00,2024-03-23 22:33:00,15.826349,74.557091,Identity Theft reported in Belagavi; registered at Belagavi Police Station 06. Synthetic demonstration record.
1013,100041036202400002,202400002,2024-12-11,5485,1036,1,2,2,6,5,7004,2024-12-10 18:43:00,2024-12-10 19:04:00,2024-12-10 19:54:00,13.305805,77.702287,Vehicle Theft reported in Bengaluru Rural; registered at Bengaluru Rural Police Station 06. Synthetic demonstration record.
1014,100031022202300001,202300001,2023-08-24,5007,1022,1,2,7,18,5,7003,2023-08-22 14:26:00,2023-08-22 16:19:00,2023-08-22 18:17:00,15.853699,74.461204,Cheating reported in Belagavi; registered at Belagavi Police Station 02. Synthetic demonstration record.
1015,100311310202400001,202400001,2024-02-28,5567,1310,1,2,4,12,2,7031,2024-02-28 19:27:00,2024-02-28 22:10:00,2024-02-28 23:08:00,15.38715,76.433187,Identity Theft reported in Vijayanagara; registered at Vijayanagara Police Station 10. Synthetic demonstration record.
1016,100301297202400002,202400002,2024-02-19,5578,1297,1,2,4,12,5,7030,2024-02-17 16:49:00,2024-02-17 19:22:00,2024-02-17 20:13:00,16.755479,77.190592,Identity Theft reported in Yadgir; registered at Yadgir Police Station 07. Synthetic demonstration record.
1017,100091085202400003,202400003,2024-05-05,5500,1085,1,2,8,20,2,7009,2024-05-05 04:33:00,2024-05-05 06:02:00,2024-05-05 06:47:00,13.306052,75.76836,Hit and Run reported in Chikkamagaluru; registered at Chikkamagaluru Police Station 05. Synthetic demonstration record.
1018,100131122202400001,202400001,2024-08-14,5153,1122,1,2,4,12,5,7013,2024-08-13 21:41:00,2024-08-13 23:51:00,2024-08-14 01:14:00,15.464053,75.015898,Identity Theft reported in Dharwad; registered at Dharwad Police Station 02. Synthetic demonstration record.
1019,400311308202300001,202300001,2023-12-04,5206,1308,3,2,6,17,3,7031,2023-12-02 00:42:00,2023-12-02 01:10:00,2023-12-02 01:39:00,15.365984,76.444512,Unlawful Assembly reported in Vijayanagara; registered at Vijayanagara Police Station 08. Synthetic demonstration record.
1020,100221212202200002,202200002,2022-08-29,5204,1212,1,2,3,9,2,7022,2022-08-28 17:03:00,2022-08-28 19:06:00,2022-08-28 19:56:00,12.339603,76.597368,Sexual Harassment reported in Mysuru; registered at Mysuru Police Station 02. Synthetic demonstration record.
1021,100221212202300004,202300004,2023-03-25,5291,1212,1,2,3,9,1,7022,2023-03-25 18:13:00,2023-03-25 20:18:00,2023-03-25 20:59:00,12.324204,76.671527,Sexual Harassment reported in Mysuru; registered at Mysuru Police Station 02. Synthetic demonstration record.
1022,400171162202300001,202300001,2023-03-09,5144,1162,3,2,2,7,3,7017,2023-03-09 00:01:00,2023-03-09 00:43:00,2023-03-09 02:19:00,17.312463,76.866441,House Theft reported in Kalaburagi; registered at Kalaburagi Police Station 02. Synthetic demonstration record.
1023,100221215202500005,202500005,2025-11-15,5464,1215,1,2,4,12,4,7022,2025-11-13 21:14:00,2025-11-13 21:52:00,2025-11-13 23:06:00,12.293515,76.647338,Identity Theft reported in Mysuru; registered at Mysuru Police Station 05. Synthetic demonstration record.
1024,100151143202300003,202300003,2023-10-14,5235,1143,1,2,1,3,2,7015,2023-10-14 19:19:00,2023-10-14 22:18:00,2023-10-14 23:21:00,12.978236,76.146215,Assault reported in Hassan; registered at Hassan Police Station 03. Synthetic demonstration record.
1025,100011004202300002,202300002,2023-06-05,5546,1004,1,1,3,10,3,7001,2023-06-04 03:52:00,2023-06-04 04:22:00,2023-06-04 04:53:00,16.203066,75.674074,Kidnapping reported in Bagalkot; registered at Bagalkot Police Station 04. Synthetic demonstration record.
1026,100161159202600001,202600001,2026-01-02,5333,1159,1,2,3,8,2,7016,2026-01-01 08:16:00,2026-01-01 09:17:00,2026-01-01 10:59:00,14.792384,75.460317,Domestic Violence reported in Haveri; registered at Haveri Police Station 09. Synthetic demonstration record.
1027,100081077202300002,202300002,2023-03-04,5345,1077,1,2,6,17,3,7008,2023-03-04 22:33:00,2023-03-05 00:08:00,2023-03-05 01:33:00,13.385658,77.755052,Unlawful Assembly reported in Chikkaballapur; registered at Chikkaballapur Police Station 07. Synthetic demonstration record.
1028,100201197202400001,202400001,2024-07-12,5466,1197,1,2,8,20,1,7020,2024-07-12 14:11:00,2024-07-12 16:12:00,2024-07-12 17:02:00,15.385313,76.182405,Hit and Run reported in Koppal; registered at Koppal Police Station 07. Synthetic demonstration record.
1029,100261251202600002,202600002,2026-02-28,5169,1251,1,2,2,6,1,7026,2026-02-26 17:27:00,2026-02-26 19:53:00,2026-02-26 21:38:00,13.343707,77.095598,Vehicle Theft reported in Tumakuru; registered at Tumakuru Police Station 01. Synthetic demonstration record.
1030,100111105202500001,202500001,2025-01-12,5113,1105,1,2,4,11,4,7011,2025-01-10 12:05:00,2025-01-10 12:59:00,2025-01-10 13:55:00,12.918847,74.876938,Online Fraud reported in Dakshina Kannada; registered at Dakshina Kannada Police Station 05. Synthetic demonstration record.
1031,100301293202300002,202300002,2023-09-11,5389,1293,1,2,3,8,1,7030,2023-09-10 21:44:00,2023-09-10 23:38:00,2023-09-11 01:21:00,16.819824,77.122484,Domestic Violence reported in Yadgir; registered at Yadgir Police Station 03. Synthetic demonstration record.
1032,100171170202400002,202400002,2024-10-13,5285,1170,1,2,4,13,2,7017,2024-10-13 09:22:00,2024-10-13 11:24:00,2024-10-13 12:58:00,17.310482,76.879595,Cyber Stalking reported in Kalaburagi; registered at Kalaburagi Police Station 10. Synthetic demonstration record.
1033,100051043202400005,202400005,2024-03-15,5259,1043,1,2,4,11,2,7005,2024-03-14 21:29:00,2024-03-14 23:36:00,2024-03-15 01:09:00,12.96685,77.563697,Online Fraud reported in Bengaluru Urban; registered at Bengaluru Urban Police Station 03. Synthetic demonstration record.
1034,100291289202400001,202400001,2024-10-12,5304,1289,1,2,2,7,3,7029,2024-10-12 22:55:00,2024-10-13 00:16:00,2024-10-13 00:43:00,16.842701,75.71137,House Theft reported in Vijayapura; registered at Vijayapura Police Station 09. Synthetic demonstration record.
1035,100051047202600002,202600002,2026-03-20,5527,1047,1,2,4,12,3,7005,2026-03-18 19:04:00,2026-03-18 20:33:00,2026-03-18 21:02:00,12.96776,77.656178,Identity Theft reported in Bengaluru Urban; registered at Bengaluru Urban Police Station 07. Synthetic demonstration record.
1036,100051047202300003,202300003,2023-10-05,5186,1047,1,2,4,11,5,7005,2023-10-05 19:39:00,2023-10-05 20:13:00,2023-10-05 21:44:00,13.001117,77.644705,Online Fraud reported in Bengaluru Urban; registered at Bengaluru Urban Police Station 07. Synthetic demonstration record.
1037,100261258202200001,202200001,2022-10-25,5015,1258,1,2,4,12,1,7026,2022-10-23 09:28:00,2022-10-23 10:56:00,2022-10-23 11:57:00,13.350011,77.127016,Identity Theft reported in Tumakuru; registered at Tumakuru Police Station 08. Synthetic demonstration record.
1038,400231228202400001,202400001,2024-07-14,5244,1228,3,1,5,15,1,7023,2024-07-12 02:21:00,2024-07-12 05:18:00,2024-07-12 06:01:00,16.237002,77.357941,Drug Trafficking reported in Raichur; registered at Raichur Police Station 08. Synthetic demonstration record.
1039,100241234202500001,202500001,2025-07-25,5328,1234,1,1,1,2,1,7024,2025-07-23 23:52:00,2025-07-24 00:56:00,2025-07-24 01:09:00,12.721615,77.279772,Attempt to Murder reported in Ramanagara; registered at Ramanagara Police Station 04. Synthetic demonstration record.
1040,100051043202500001,202500001,2025-10-27,5343,1043,1,2,4,12,1,7005,2025-10-26 15:47:00,2025-10-26 17:34:00,2025-10-26 18:14:00,12.96871,77.604814,Identity Theft reported in Bengaluru Urban; registered at Bengaluru Urban Police Station 03. Synthetic demonstration record.
1041,100171166202200001,202200001,2022-02-17,5342,1166,1,2,1,3,3,7017,2022-02-15 21:30:00,2022-02-15 21:46:00,2022-02-15 23:03:00,17.361853,76.84312,Assault reported in Kalaburagi; registered at Kalaburagi Police Station 06. Synthetic demonstration record.
1042,100161158202400001,202400001,2024-04-11,5486,1158,1,2,5,14,1,7016,2024-04-11 14:22:00,2024-04-11 15:56:00,2024-04-11 17:36:00,14.828796,75.418738,NDPS Possession reported in Haveri; registered at Haveri Police Station 08. Synthetic demonstration record.
1043,100301292202500002,202500002,2025-12-14,5138,1292,1,2,2,5,2,7030,2025-12-13 01:04:00,2025-12-13 03:08:00,2025-12-13 03:42:00,16.779333,77.156295,Burglary reported in Yadgir; registered at Yadgir Police Station 02. Synthetic demonstration record.
1044,100111104202300002,202300002,2023-07-01,5423,1104,1,2,2,6,2,7011,2023-07-01 18:36:00,2023-07-01 19:32:00,2023-07-01 19:58:00,12.893946,74.874125,Vehicle Theft reported in Dakshina Kannada; registered at Dakshina Kannada Police Station 04. Synthetic demonstration record.
1045,100271266202400001,202400001,2024-05-04,5520,1266,1,2,5,14,3,7027,2024-05-02 19:34:00,2024-05-02 20:03:00,2024-05-02 20:38:00,13.31003,74.776452,NDPS Possession reported in Udupi; registered at Udupi Police Station 06. Synthetic demonstration record.
1046,100061060202500002,202500002,2025-11-02,5200,1060,1,2,8,20,5,7006,2025-11-02 16:57:00,2025-11-02 18:45:00,2025-11-02 20:36:00,17.935484,77.58367,Hit and Run reported in Bidar; registered at Bidar Police Station 10. Synthetic demonstration record.
1047,100051048202600001,202600001,2026-01-28,5321,1048,1,1,2,4,4,7005,2026-01-27 19:02:00,2026-01-27 21:11:00,2026-01-27 22:29:00,12.981639,77.586388,Robbery reported in Bengaluru Urban; registered at Bengaluru Urban Police Station 08. Synthetic demonstration record.
1048,100051042202300007,202300007,2023-10-18,5300,1042,1,2,5,14,1,7005,2023-10-16 09:52:00,2023-10-16 11:13:00,2023-10-16 12:27:00,12.921471,77.604001,NDPS Possession reported in Bengaluru Urban; registered at Bengaluru Urban Police Station 02. Synthetic demonstration record.
1049,100311307202400001,202400001,2024-02-10,5256,1307,1,2,7,19,1,7031,2024-02-08 11:08:00,2024-02-08 11:23:00,2024-02-08 11:47:00,15.377152,76.493466,Forgery reported in Vijayanagara; registered at Vijayanagara Police Station 07. Synthetic demonstration record.
1050,400121114202600001,202600001,2026-06-01,5524,1114,3,2,4,11,1,7012,2026-05-30 09:50:00,2026-05-30 10:33:00,2026-05-30 11:29:00,14.405221,75.977897,Online Fraud reported in Davanagere; registered at Davanagere Police Station 04. Synthetic demonstration record.
1051,100181171202400001,202400001,2024-01-20,5452,1171,1,2,2,5,2,7018,2024-01-20 23:03:00,2024-01-21 00:36:00,2024-01-21 00:50:00,12.343354,75.840643,Burglary reported in Kodagu; registered at Kodagu Police Station 01. Synthetic demonstration record.
1052,100031021202600002,202600002,2026-06-11,5374,1021,1,2,4,11,3,7003,2026-06-11 15:09:00,2026-06-11 16:28:00,2026-06-11 17:49:00,15.817934,74.544978,Online Fraud reported in Belagavi; registered at Belagavi Police Station 01. Synthetic demonstration record.
1053,100311307202400002,202400002,2024-04-24,5256,1307,1,2,8,20,3,7031,2024-04-23 03:10:00,2024-04-23 04:41:00,2024-04-23 05:03:00,15.38356,76.441562,Hit and Run reported in Vijayanagara; registered at Vijayanagara Police Station 07. Synthetic demonstration record.
1054,100051042202300008,202300008,2023-11-20,5300,1042,1,2,4,13,1,7005,2023-11-20 19:06:00,2023-11-20 21:33:00,2023-11-20 23:09:00,12.937395,77.642675,Cyber Stalking reported in Bengaluru Urban; registered at Bengaluru Urban Police Station 02. Synthetic demonstration record.
1055,100031027202400002,202400002,2024-07-15,5315,1027,1,2,3,9,4,7003,2024-07-13 20:18:00,2024-07-13 20:54:00,2024-07-13 22:02:00,15.891544,74.474267,Sexual Harassment reported in Belagavi; registered at Belagavi Police Station 07. Synthetic demonstration record.
1056,100221220202500002,202500002,2025-06-26,5276,1220,1,1,3,10,2,7022,2025-06-24 22:47:00,2025-06-25 01:27:00,2025-06-25 03:25:00,12.297664,76.665541,Kidnapping reported in Mysuru; registered at Mysuru Police Station 10. Synthetic demonstration record.
1057,100021011202600001,202600001,2026-07-09,5385,1011,1,2,3,9,3,7002,2026-07-08 19:14:00,2026-07-08 21:25:00,2026-07-08 22:00:00,15.138134,76.93262,Sexual Harassment reported in Ballari; registered at Ballari Police Station 01. Synthetic demonstration record.
1058,100141137202200001,202200001,2022-08-27,5445,1137,1,2,4,11,1,7014,2022-08-26 21:06:00,2022-08-26 22:43:00,2022-08-26 23:01:00,15.460682,75.628433,Online Fraud reported in Gadag; registered at Gadag Police Station 07. Synthetic demonstration record.
1059,100021012202200001,202200001,2022-05-07,5476,1012,1,2,2,6,4,7002,2022-05-05 21:28:00,2022-05-05 23:31:00,2022-05-06 00:43:00,15.093013,76.920305,Vehicle Theft reported in Ballari; registered at Ballari Police Station 02. Synthetic demonstration record.
1060,100171163202200001,202200001,2022-09-12,5191,1163,1,2,2,6,2,7017,2022-09-11 20:02:00,2022-09-11 22:30:00,2022-09-11 22:37:00,17.340514,76.792857,Vehicle Theft reported in Kalaburagi; registered at Kalaburagi Police Station 03. Synthetic demonstration record.
1061,100221218202400002,202400002,2024-10-22,5011,1218,1,2,6,16,3,7022,2024-10-21 14:06:00,2024-10-21 15:38:00,2024-10-21 15:58:00,12.290879,76.651727,Rioting reported in Mysuru; registered at Mysuru Police Station 08. Synthetic demonstration record.
1062,400251249202200001,202200001,2022-10-12,5280,1249,3,2,5,14,1,7025,2022-10-11 16:33:00,2022-10-11 18:29:00,2022-10-11 20:24:00,13.955055,75.590028,NDPS Possession reported in Shivamogga; registered at Shivamogga Police Station 09. Synthetic demonstration record.
1063,100051047202600003,202600003,2026-01-16,5600,1047,1,2,4,12,1,7005,2026-01-14 09:39:00,2026-01-14 11:54:00,2026-01-14 13:13:00,12.986371,77.575851,Identity Theft reported in Bengaluru Urban; registered at Bengaluru Urban Police Station 07. Synthetic demonstration record.
1064,100131121202600003,202600003,2026-06-29,5358,1121,1,2,7,18,1,7013,2026-06-29 15:08:00,2026-06-29 15:42:00,2026-06-29 17:23:00,15.482554,75.032554,Cheating reported in Dharwad; registered at Dharwad Police Station 01. Synthetic demonstration record.
1065,100031022202500001,202500001,2025-07-25,5007,1022,1,2,4,11,1,7003,2025-07-25 20:51:00,2025-07-25 22:23:00,2025-07-25 22:31:00,15.90748,74.449259,Online Fraud reported in Belagavi; registered at Belagavi Police Station 02. Synthetic demonstration record.
1066,100221213202500002,202500002,2025-08-27,5202,1213,1,2,2,7,3,7022,2025-08-25 00:06:00,2025-08-25 00:22:00,2025-08-25 02:06:00,12.310538,76.706013,House Theft reported in Mysuru; registered at Mysuru Police Station 03. Synthetic demonstration record.
1067,100261252202300002,202300002,2023-10-23,5330,1252,1,2,4,12,3,7026,2023-10-23 17:43:00,2023-10-23 19:42:00,2023-10-23 21:27:00,13.363725,77.118921,Identity Theft reported in Tumakuru; registered at Tumakuru Police Station 02. Synthetic demonstration record.
1068,100061058202400001,202400001,2024-02-08,5278,1058,1,2,8,20,2,7006,2024-02-08 04:21:00,2024-02-08 05:37:00,2024-02-08 07:24:00,17.864429,77.583408,Hit and Run reported in Bidar; registered at Bidar Police Station 08. Synthetic demonstration record.
1069,100281280202400002,202400002,2024-02-28,5305,1280,1,1,2,4,1,7028,2024-02-28 18:27:00,2024-02-28 19:18:00,2024-02-28 20:00:00,14.863399,74.155996,Robbery reported in Uttara Kannada; registered at Uttara Kannada Police Station 10. Synthetic demonstration record.
1070,100291282202500002,202500002,2025-08-01,5321,1282,1,1,1,1,1,7029,2025-08-01 10:39:00,2025-08-01 13:17:00,2025-08-01 15:06:00,16.823625,75.766521,Murder reported in Vijayapura; registered at Vijayapura Police Station 02. Synthetic demonstration record.
1071,100051042202400003,202400003,2024-06-14,5300,1042,1,2,2,7,2,7005,2024-06-12 03:38:00,2024-06-12 05:45:00,2024-06-12 06:39:00,12.902956,77.624196,House Theft reported in Bengaluru Urban; registered at Bengaluru Urban Police Station 02. Synthetic demonstration record.
1072,100261253202600002,202600002,2026-04-09,5411,1253,1,2,2,6,1,7026,2026-04-09 18:58:00,2026-04-09 19:45:00,2026-04-09 21:10:00,13.321659,77.117883,Vehicle Theft reported in Tumakuru; registered at Tumakuru Police Station 03. Synthetic demonstration record.
1073,100151144202500002,202500002,2025-07-17,5143,1144,1,2,2,7,1,7015,2025-07-16 01:56:00,2025-07-16 04:21:00,2025-07-16 04:29:00,13.046818,76.118986,House Theft reported in Hassan; registered at Hassan Police Station 04. Synthetic demonstration record.
1074,100271261202300001,202300001,2023-05-03,5544,1261,1,2,7,19,4,7027,2023-05-03 15:30:00,2023-05-03 16:35:00,2023-05-03 17:17:00,13.287612,74.74837,Forgery reported in Udupi; registered at Udupi Police Station 01. Synthetic demonstration record.
1075,100211208202600001,202600001,2026-01-29,5094,1208,1,2,4,11,2,7021,2026-01-27 12:25:00,2026-01-27 13:56:00,2026-01-27 15:09:00,12.520799,76.938222,Online Fraud reported in Mandya; registered at Mandya Police Station 08. Synthetic demonstration record.
1076,100191184202200002,202200002,2022-08-31,5479,1184,1,2,2,7,2,7019,2022-08-31 01:38:00,2022-08-31 02:43:00,2022-08-31 03:25:00,13.074674,78.124281,House Theft reported in Kolar; registered at Kolar Police Station 04. Synthetic demonstration record.
1077,100311303202400001,202400001,2024-09-13,5085,1303,1,2,4,11,4,7031,2024-09-11 21:40:00,2024-09-12 00:27:00,2024-09-12 00:59:00,15.312488,76.463195,Online Fraud reported in Vijayanagara; registered at Vijayanagara Police Station 03. Synthetic demonstration record.
1078,100291286202300001,202300001,2023-01-17,5021,1286,1,2,5,14,1,7029,2023-01-17 15:41:00,2023-01-17 17:11:00,2023-01-17 18:34:00,16.878313,75.698543,NDPS Possession reported in Vijayapura; registered at Vijayapura Police Station 06. Synthetic demonstration record.
1079,100221216202500002,202500002,2025-04-30,5581,1216,1,2,5,14,2,7022,2025-04-29 08:57:00,2025-04-29 09:31:00,2025-04-29 09:50:00,12.260389,76.651351,NDPS Possession reported in Mysuru; registered at Mysuru Police Station 06. Synthetic demonstration record.
1080,100291286202200001,202200001,2022-06-25,5143,1286,1,2,2,7,5,7029,2022-06-24 00:59:00,2022-06-24 03:55:00,2022-06-24 05:43:00,16.795963,75.720849,House Theft reported in Vijayapura; registered at Vijayapura Police Station 06. Synthetic demonstration record.
1081,100101094202500001,202500001,2025-01-30,5176,1094,1,2,7,18,4,7010,2025-01-28 11:07:00,2025-01-28 12:47:00,2025-01-28 13:44:00,14.199765,76.433154,Cheating reported in Chitradurga; registered at Chitradurga Police Station 04. Synthetic demonstration record.
1082,100201192202200001,202200001,2022-05-14,5184,1192,1,2,2,7,5,7020,2022-05-13 23:07:00,2022-05-14 01:18:00,2022-05-14 03:07:00,15.342431,76.186412,House Theft reported in Koppal; registered at Koppal Police Station 02. Synthetic demonstration record.
1083,400051049202300001,202300001,2023-01-21,5561,1049,3,1,2,4,1,7005,2023-01-20 17:32:00,2023-01-20 19:25:00,2023-01-20 20:27:00,12.931368,77.646228,Robbery reported in Bengaluru Urban; registered at Bengaluru Urban Police Station 09. Synthetic demonstration record.
1084,100151150202500002,202500002,2025-09-08,5159,1150,1,2,4,11,1,7015,2025-09-07 16:08:00,2025-09-07 17:25:00,2025-09-07 17:35:00,12.985085,76.076744,Online Fraud reported in Hassan; registered at Hassan Police Station 10. Synthetic demonstration record.
1085,100191189202200001,202200001,2022-11-30,5535,1189,1,2,2,5,1,7019,2022-11-29 22:03:00,2022-11-30 00:35:00,2022-11-30 00:51:00,13.157039,78.182312,Burglary reported in Kolar; registered at Kolar Police Station 09. Synthetic demonstration record.
1086,100051046202300004,202300004,2023-03-06,5230,1046,1,2,7,19,3,7005,2023-03-04 12:29:00,2023-03-04 14:23:00,2023-03-04 15:50:00,12.951467,77.602457,Forgery reported in Bengaluru Urban; registered at Bengaluru Urban Police Station 06. Synthetic demonstration record.
1087,100171165202200002,202200002,2022-05-08,5218,1165,1,2,2,6,3,7017,2022-05-08 20:56:00,2022-05-08 22:10:00,2022-05-08 23:48:00,17.37163,76.822599,Vehicle Theft reported in Kalaburagi; registered at Kalaburagi Police Station 05. Synthetic demonstration record.
1088,100131128202400001,202400001,2024-05-08,5156,1128,1,2,7,18,4,7013,2024-05-07 13:44:00,2024-05-07 13:54:00,2024-05-07 14:41:00,15.473157,75.014269,Cheating reported in Dharwad; registered at Dharwad Police Station 08. Synthetic demonstration record.
1089,100231225202600001,202600001,2026-03-08,5511,1225,1,1,2,4,1,7023,2026-03-08 19:44:00,2026-03-08 20:05:00,2026-03-08 20:53:00,16.233055,77.327294,Robbery reported in Raichur; registered at Raichur Police Station 05. Synthetic demonstration record.
1090,100271264202200002,202200002,2022-04-09,5146,1264,1,2,6,17,3,7027,2022-04-08 09:24:00,2022-04-08 11:10:00,2022-04-08 12:00:00,13.333893,74.804472,Unlawful Assembly reported in Udupi; registered at Udupi Police Station 04. Synthetic demonstration record.
1091,100041037202200002,202200002,2022-02-14,5324,1037,1,2,1,3,3,7004,2022-02-12 16:22:00,2022-02-12 17:49:00,2022-02-12 19:23:00,13.235655,77.737013,Assault reported in Bengaluru Rural; registered at Bengaluru Rural Police Station 07. Synthetic demonstration record.
1092,100181174202400003,202400003,2024-06-08,5209,1174,1,2,6,17,1,7018,2024-06-06 05:48:00,2024-06-06 06:16:00,2024-06-06 08:03:00,12.327289,75.836676,Unlawful Assembly reported in Kodagu; registered at Kodagu Police Station 04. Synthetic demonstration record.
1093,100021018202400002,202400002,2024-10-01,5272,1018,1,2,7,18,4,7002,2024-09-30 19:20:00,2024-09-30 19:47:00,2024-09-30 20:58:00,15.147205,76.922461,Cheating reported in Ballari; registered at Ballari Police Station 08. Synthetic demonstration record.
1094,100141134202300002,202300002,2023-11-29,5031,1134,1,2,4,11,3,7014,2023-11-29 21:49:00,2023-11-29 23:04:00,2023-11-30 00:26:00,15.387495,75.637302,Online Fraud reported in Gadag; registered at Gadag Police Station 04. Synthetic demonstration record.
1095,100201192202400001,202400001,2024-06-17,5184,1192,1,1,2,4,3,7020,2024-06-16 17:27:00,2024-06-16 18:57:00,2024-06-16 20:32:00,15.330165,76.177529,Robbery reported in Koppal; registered at Koppal Police Station 02. Synthetic demonstration record.
1096,100061054202300002,202300002,2023-06-11,5061,1054,1,2,8,20,1,7006,2023-06-11 18:40:00,2023-06-11 19:12:00,2023-06-11 20:43:00,17.907971,77.541902,Hit and Run reported in Bidar; registered at Bidar Police Station 04. Synthetic demonstration record.
1097,100121117202500002,202500002,2025-02-05,5477,1117,1,2,7,18,1,7012,2025-02-03 19:37:00,2025-02-03 22:15:00,2025-02-03 22:24:00,14.465854,75.928855,Cheating reported in Davanagere; registered at Davanagere Police Station 07. Synthetic demonstration record.
1098,100171167202400003,202400003,2024-01-08,5143,1167,1,1,1,1,4,7017,2024-01-08 00:18:00,2024-01-08 01:49:00,2024-01-08 03:23:00,17.333788,76.856806,Murder reported in Kalaburagi; registered at Kalaburagi Police Station 07. Synthetic demonstration record.
1099,100081072202600001,202600001,2026-03-13,5073,1072,1,2,3,8,4,7008,2026-03-12 17:32:00,2026-03-12 18:38:00,2026-03-12 19:58:00,13.491418,77.722784,Domestic Violence reported in Chikkaballapur; registered at Chikkaballapur Police Station 02. Synthetic demonstration record.
1100,100061056202300001,202300001,2023-05-20,5549,1056,1,2,2,6,1,7006,2023-05-18 20:06:00,2023-05-18 20:38:00,2023-05-18 22:24:00,17.9249,77.513987,Vehicle Theft reported in Bidar; registered at Bidar Police Station 06. Synthetic demonstration record.
1101,100121120202300001,202300001,2023-04-16,5033,1120,1,2,6,17,1,7012,2023-04-15 08:17:00,2023-04-15 11:05:00,2023-04-15 11:48:00,14.482092,75.99331,Unlawful Assembly reported in Davanagere; registered at Davanagere Police Station 10. Synthetic demonstration record.
1102,100181175202500001,202500001,2025-03-20,5251,1175,1,2,4,11,4,7018,2025-03-20 11:01:00,2025-03-20 12:49:00,2025-03-20 13:05:00,12.340971,75.788491,Online Fraud reported in Kodagu; registered at Kodagu Police Station 05. Synthetic demonstration record.
1103,100221218202400003,202400003,2024-09-26,5103,1218,1,2,4,11,5,7022,2024-09-26 14:02:00,2024-09-26 14:42:00,2024-09-26 15:47:00,12.255297,76.686736,Online Fraud reported in Mysuru; registered at Mysuru Police Station 08. Synthetic demonstration record.
1104,100141137202500001,202500001,2025-03-07,5445,1137,1,2,4,11,5,7014,2025-03-07 09:44:00,2025-03-07 10:44:00,2025-03-07 12:02:00,15.401632,75.644591,Online Fraud reported in Gadag; registered at Gadag Police Station 07. Synthetic demonstration record.
1105,100311301202200001,202200001,2022-07-30,5217,1301,1,2,4,11,2,7031,2022-07-28 12:44:00,2022-07-28 13:13:00,2022-07-28 13:23:00,15.331749,76.462174,Online Fraud reported in Vijayanagara; registered at Vijayanagara Police Station 01. Synthetic demonstration record.
1106,100211209202300001,202300001,2023-10-23,5016,1209,1,2,2,6,1,7021,2023-10-22 21:16:00,2023-10-22 22:31:00,2023-10-22 23:26:00,12.538224,76.951228,Vehicle Theft reported in Mandya; registered at Mandya Police Station 09. Synthetic demonstration record.
1107,100201193202200002,202200002,2022-02-19,5168,1193,1,2,4,11,1,7020,2022-02-18 19:37:00,2022-02-18 21:28:00,2022-02-18 22:39:00,15.298378,76.18954,Online Fraud reported in Koppal; registered at Koppal Police Station 03. Synthetic demonstration record.
1108,100221215202300001,202300001,2023-01-23,5464,1215,1,2,2,7,5,7022,2023-01-21 01:59:00,2023-01-21 03:01:00,2023-01-21 03:44:00,12.261812,76.637984,House Theft reported in Mysuru; registered at Mysuru Police Station 05. Synthetic demonstration record.
1109,100171167202600002,202600002,2026-04-09,5143,1167,1,2,4,11,2,7017,2026-04-07 15:10:00,2026-04-07 18:04:00,2026-04-07 20:03:00,17.312002,76.872117,Online Fraud reported in Kalaburagi; registered at Kalaburagi Police Station 07. Synthetic demonstration record.
1110,100271267202300002,202300002,2023-04-30,5257,1267,1,1,2,4,3,7027,2023-04-30 21:50:00,2023-04-30 22:12:00,2023-04-30 23:31:00,13.332274,74.776937,Robbery reported in Udupi; registered at Udupi Police Station 07. Synthetic demonstration record.
1111,100081075202400001,202400001,2024-05-16,5222,1075,1,2,8,20,2,7008,2024-05-14 04:18:00,2024-05-14 06:54:00,2024-05-14 07:25:00,13.461389,77.762171,Hit and Run reported in Chikkaballapur; registered at Chikkaballapur Police Station 05. Synthetic demonstration record.
1112,100031027202200002,202200002,2022-12-21,5299,1027,1,1,2,4,3,7003,2022-12-19 18:59:00,2022-12-19 21:42:00,2022-12-19 23:27:00,15.83942,74.522215,Robbery reported in Belagavi; registered at Belagavi Police Station 07. Synthetic demonstration record.
1113,800261256202300001,202300001,2023-07-18,5099,1256,4,2,2,7,1,7026,2023-07-18 00:29:00,2023-07-18 01:32:00,2023-07-18 02:17:00,13.324826,77.111833,House Theft reported in Tumakuru; registered at Tumakuru Police Station 06. Synthetic demonstration record.
1114,100021019202600001,202600001,2026-05-11,5484,1019,1,2,4,12,1,7002,2026-05-11 09:00:00,2026-05-11 10:17:00,2026-05-11 11:11:00,15.124745,76.967647,Identity Theft reported in Ballari; registered at Ballari Police Station 09. Synthetic demonstration record.
1115,100051042202200002,202200002,2022-02-05,5300,1042,1,2,4,11,3,7005,2022-02-05 09:08:00,2022-02-05 10:29:00,2022-02-05 10:45:00,12.974908,77.652962,Online Fraud reported in Bengaluru Urban; registered at Bengaluru Urban Police Station 02. Synthetic demonstration record.
1116,100221212202300005,202300005,2023-10-22,5291,1212,1,2,8,20,1,7022,2023-10-22 11:15:00,2023-10-22 11:25:00,2023-10-22 11:50:00,12.287569,76.647442,Hit and Run reported in Mysuru; registered at Mysuru Police Station 02. Synthetic demonstration record.
1117,100151142202200001,202200001,2022-04-30,5371,1142,1,1,2,4,3,7015,2022-04-28 18:14:00,2022-04-28 21:05:00,2022-04-28 22:10:00,13.010906,76.090558,Robbery reported in Hassan; registered at Hassan Police Station 02. Synthetic demonstration record.
1118,100051043202600002,202600002,2026-01-29,5259,1043,1,1,2,4,3,7005,2026-01-27 21:22:00,2026-01-27 22:22:00,2026-01-28 00:06:00,13.000876,77.624475,Robbery reported in Bengaluru Urban; registered at Bengaluru Urban Police Station 03. Synthetic demonstration record.
1119,100051047202300004,202300004,2023-11-29,5527,1047,1,2,7,19,1,7005,2023-11-27 21:56:00,2023-11-27 22:26:00,2023-11-27 23:36:00,12.965326,77.646237,Forgery reported in Bengaluru Urban; registered at Bengaluru Urban Police Station 07. Synthetic demonstration record.
1120,400121117202300001,202300001,2023-01-02,5477,1117,3,2,6,17,2,7012,2023-01-01 20:43:00,2023-01-01 22:55:00,2023-01-02 00:46:00,14.475277,75.883132,Unlawful Assembly reported in Davanagere; registered at Davanagere Police Station 07. Synthetic demonstration record.
1121,100281275202600002,202600002,2026-06-21,5574,1275,1,2,4,12,2,7028,2026-06-20 15:53:00,2026-06-20 17:07:00,2026-06-20 17:15:00,14.845903,74.116356,Identity Theft reported in Uttara Kannada; registered at Uttara Kannada Police Station 05. Synthetic demonstration record.
1122,100231230202300002,202300002,2023-07-03,5197,1230,1,2,2,6,3,7023,2023-07-01 20:33:00,2023-07-01 23:30:00,2023-07-02 01:00:00,16.177192,77.368309,Vehicle Theft reported in Raichur; registered at Raichur Police Station 10. Synthetic demonstration record.
1123,400051044202500001,202500001,2025-03-31,5064,1044,3,2,1,3,5,7005,2025-03-31 04:40:00,2025-03-31 05:36:00,2025-03-31 06:23:00,12.941235,77.601974,Assault reported in Bengaluru Urban; registered at Bengaluru Urban Police Station 04. Synthetic demonstration record.
1124,100281276202200002,202200002,2022-11-11,5391,1276,1,2,2,5,1,7028,2022-11-10 01:28:00,2022-11-10 03:42:00,2022-11-10 05:19:00,14.861781,74.215111,Burglary reported in Uttara Kannada; registered at Uttara Kannada Police Station 06. Synthetic demonstration record.
1125,100151145202300001,202300001,2023-04-27,5234,1145,1,2,4,11,2,7015,2023-04-26 21:58:00,2023-04-27 00:13:00,2023-04-27 01:56:00,13.007418,76.106356,Online Fraud reported in Hassan; registered at Hassan Police Station 05. Synthetic demonstration record.
1126,100131123202600002,202600002,2026-04-04,5142,1123,1,2,5,14,1,7013,2026-04-03 20:50:00,2026-04-03 21:37:00,2026-04-03 21:42:00,15.483276,75.009598,NDPS Possession reported in Dharwad; registered at Dharwad Police Station 03. Synthetic demonstration record.
1127,100211210202400001,202400001,2024-04-22,5580,1210,1,1,3,10,1,7021,2024-04-21 13:10:00,2024-04-21 14:06:00,2024-04-21 14:12:00,12.566542,76.920028,Kidnapping reported in Mandya; registered at Mandya Police Station 10. Synthetic demonstration record.
1128,100041039202300001,202300001,2023-07-18,5073,1039,1,2,2,6,2,7004,2023-07-16 17:37:00,2023-07-16 17:57:00,2023-07-16 18:59:00,13.28742,77.679554,Vehicle Theft reported in Bengaluru Rural; registered at Bengaluru Rural Police Station 09. Synthetic demonstration record.
1129,100081079202300001,202300001,2023-03-16,5111,1079,1,2,2,5,2,7008,2023-03-14 00:42:00,2023-03-14 01:34:00,2023-03-14 02:41:00,13.460334,77.715659,Burglary reported in Chikkaballapur; registered at Chikkaballapur Police Station 09. Synthetic demonstration record.
1130,100171169202300001,202300001,2023-02-15,5553,1169,1,2,5,14,2,7017,2023-02-15 08:58:00,2023-02-15 11:34:00,2023-02-15 13:06:00,17.3369,76.902306,NDPS Possession reported in Kalaburagi; registered at Kalaburagi Police Station 09. Synthetic demonstration record.
1131,100131121202200001,202200001,2022-12-17,5182,1121,1,2,2,6,1,7013,2022-12-16 21:48:00,2022-12-16 23:52:00,2022-12-17 01:46:00,15.473787,75.040957,Vehicle Theft reported in Dharwad; registered at Dharwad Police Station 01. Synthetic demonstration record.
1132,100201194202200002,202200002,2022-10-20,5372,1194,1,1,2,4,1,7020,2022-10-20 20:29:00,2022-10-20 21:45:00,2022-10-20 23:39:00,15.357356,76.187503,Robbery reported in Koppal; registered at Koppal Police Station 04. Synthetic demonstration record.
1133,100021012202500001,202500001,2025-12-31,5476,1012,1,1,1,1,3,7002,2025-12-29 03:58:00,2025-12-29 05:00:00,2025-12-29 05:50:00,15.13051,76.960891,Murder reported in Ballari; registered at Ballari Police Station 02. Synthetic demonstration record.
1134,100241238202400002,202400002,2024-02-29,5267,1238,1,2,4,11,2,7024,2024-02-29 16:08:00,2024-02-29 17:04:00,2024-02-29 18:29:00,12.689423,77.253819,Online Fraud reported in Ramanagara; registered at Ramanagara Police Station 08. Synthetic demonstration record.
1135,100051050202300004,202300004,2023-08-30,5125,1050,1,2,4,11,1,7005,2023-08-29 15:45:00,2023-08-29 18:04:00,2023-08-29 18:25:00,12.946516,77.58755,Online Fraud reported in Bengaluru Urban; registered at Bengaluru Urban Police Station 10. Synthetic demonstration record.
1136,100301291202600002,202600002,2026-01-15,5411,1291,1,2,3,8,3,7030,2026-01-14 04:15:00,2026-01-14 05:07:00,2026-01-14 05:22:00,16.786902,77.143176,Domestic Violence reported in Yadgir; registered at Yadgir Police Station 01. Synthetic demonstration record.
1137,100161158202400002,202400002,2024-06-21,5263,1158,1,2,8,20,2,7016,2024-06-19 17:39:00,2024-06-19 18:00:00,2024-06-19 19:41:00,14.767651,75.415311,Hit and Run reported in Haveri; registered at Haveri Police Station 08. Synthetic demonstration record.
1138,100161154202500001,202500001,2025-08-02,5096,1154,1,2,3,8,2,7016,2025-07-31 16:03:00,2025-07-31 17:32:00,2025-07-31 18:49:00,14.746715,75.453455,Domestic Violence reported in Haveri; registered at Haveri Police Station 04. Synthetic demonstration record.
1139,800051046202400001,202400001,2024-08-01,5542,1046,4,1,2,4,3,7005,2024-08-01 20:27:00,2024-08-01 20:58:00,2024-08-01 22:58:00,12.996406,77.60908,Robbery reported in Bengaluru Urban; registered at Bengaluru Urban Police Station 06. Synthetic demonstration record.
1140,100151147202600001,202600001,2026-06-02,5160,1147,1,2,4,12,1,7015,2026-06-01 20:58:00,2026-06-01 21:45:00,2026-06-01 23:29:00,13.034638,76.160851,Identity Theft reported in Hassan; registered at Hassan Police Station 07. Synthetic demonstration record.
1141,100051050202200001,202200001,2022-06-08,5303,1050,1,2,2,7,3,7005,2022-06-08 01:19:00,2022-06-08 01:58:00,2022-06-08 02:58:00,13.020094,77.54617,House Theft reported in Bengaluru Urban; registered at Bengaluru Urban Police Station 10. Synthetic demonstration record.
1142,100051047202500005,202500005,2025-06-03,5600,1047,1,2,3,9,1,7005,2025-06-02 20:02:00,2025-06-02 23:01:00,2025-06-03 00:39:00,13.008449,77.626018,Sexual Harassment reported in Bengaluru Urban; registered at Bengaluru Urban Police Station 07. Synthetic demonstration record.
1143,100151147202600002,202600002,2026-06-04,5160,1147,1,2,8,20,1,7015,2026-06-04 13:18:00,2026-06-04 14:01:00,2026-06-04 15:43:00,12.964452,76.097082,Hit and Run reported in Hassan; registered at Hassan Police Station 07. Synthetic demonstration record.
1144,100021016202200003,202200003,2022-01-18,5565,1016,1,2,7,18,1,7002,2022-01-18 11:33:00,2022-01-18 12:57:00,2022-01-18 13:22:00,15.16271,76.936664,Cheating reported in Ballari; registered at Ballari Police Station 06. Synthetic demonstration record.
1145,100301298202300002,202300002,2023-05-22,5340,1298,1,2,3,9,5,7030,2023-05-22 20:07:00,2023-05-22 21:58:00,2023-05-22 22:40:00,16.759046,77.170546,Sexual Harassment reported in Yadgir; registered at Yadgir Police Station 08. Synthetic demonstration record.
1146,100171166202200002,202200002,2022-07-17,5342,1166,1,2,4,11,1,7017,2022-07-16 11:53:00,2022-07-16 12:11:00,2022-07-16 12:53:00,17.286002,76.841026,Online Fraud reported in Kalaburagi; registered at Kalaburagi Police Station 06. Synthetic demonstration record.
1147,100051047202500006,202500006,2025-05-30,5527,1047,1,2,2,7,1,7005,2025-05-30 23:35:00,2025-05-31 02:31:00,2025-05-31 04:01:00,13.024396,77.59007,House Theft reported in Bengaluru Urban; registered at Bengaluru Urban Police Station 07. Synthetic demonstration record.
1148,100031028202400001,202400001,2024-02-07,5402,1028,1,2,4,11,1,7003,2024-02-05 19:33:00,2024-02-05 19:43:00,2024-02-05 21:23:00,15.893863,74.477855,Online Fraud reported in Belagavi; registered at Belagavi Police Station 08. Synthetic demonstration record.
1149,100111107202300001,202300001,2023-12-09,5577,1107,1,2,4,12,1,7011,2023-12-08 09:59:00,2023-12-08 11:52:00,2023-12-08 13:41:00,12.908203,74.85422,Identity Theft reported in Dakshina Kannada; registered at Dakshina Kannada Police Station 07. Synthetic demonstration record.
1150,100171164202200001,202200001,2022-01-01,5131,1164,1,2,6,16,2,7017,2021-12-31 03:17:00,2021-12-31 05:10:00,2021-12-31 06:26:00,17.340977,76.866782,Rioting reported in Kalaburagi; registered at Kalaburagi Police Station 04. Synthetic demonstration record.
1151,100281276202300001,202300001,2023-09-05,5196,1276,1,2,2,7,1,7028,2023-09-04 22:23:00,2023-09-04 22:36:00,2023-09-05 00:32:00,14.877502,74.098055,House Theft reported in Uttara Kannada; registered at Uttara Kannada Police Station 06. Synthetic demonstration record.
1152,100291281202200001,202200001,2022-11-01,5055,1281,1,2,4,13,2,7029,2022-11-01 20:09:00,2022-11-01 22:42:00,2022-11-02 00:10:00,16.807525,75.68684,Cyber Stalking reported in Vijayapura; registered at Vijayapura Police Station 01. Synthetic demonstration record.
1153,100091084202300001,202300001,2023-06-01,5250,1084,1,2,4,12,5,7009,2023-05-30 11:31:00,2023-05-30 12:15:00,2023-05-30 14:07:00,13.322592,75.723876,Identity Theft reported in Chikkamagaluru; registered at Chikkamagaluru Police Station 04. Synthetic demonstration record.
1154,100051041202500004,202500004,2025-04-16,5094,1041,1,2,4,11,2,7005,2025-04-16 10:20:00,2025-04-16 11:54:00,2025-04-16 12:47:00,12.92214,77.644685,Online Fraud reported in Bengaluru Urban; registered at Bengaluru Urban Police Station 01. Synthetic demonstration record.
1155,100141136202400002,202400002,2024-12-17,5337,1136,1,2,5,14,1,7014,2024-12-16 06:21:00,2024-12-16 06:32:00,2024-12-16 07:00:00,15.414759,75.654683,NDPS Possession reported in Gadag; registered at Gadag Police Station 06. Synthetic demonstration record.
1156,100311302202300001,202300001,2023-05-01,5188,1302,1,2,6,16,3,7031,2023-05-01 13:20:00,2023-05-01 15:10:00,2023-05-01 16:00:00,15.321811,76.481496,Rioting reported in Vijayanagara; registered at Vijayanagara Police Station 02. Synthetic demonstration record.
1157,100131123202400001,202400001,2024-07-06,5087,1123,1,2,5,14,3,7013,2024-07-06 01:47:00,2024-07-06 04:08:00,2024-07-06 05:31:00,15.460966,75.034103,NDPS Possession reported in Dharwad; registered at Dharwad Police Station 03. Synthetic demonstration record.
1158,100181173202600001,202600001,2026-06-28,5219,1173,1,2,4,13,3,7018,2026-06-28 16:07:00,2026-06-28 18:24:00,2026-06-28 19:40:00,12.289314,75.832119,Cyber Stalking reported in Kodagu; registered at Kodagu Police Station 03. Synthetic demonstration record.
1159,100171166202300003,202300003,2023-10-15,5342,1166,1,2,2,6,3,7017,2023-10-15 18:33:00,2023-10-15 20:50:00,2023-10-15 22:42:00,17.261295,76.87165,Vehicle Theft reported in Kalaburagi; registered at Kalaburagi Police Station 06. Synthetic demonstration record.
1160,100041035202200003,202200003,2022-10-16,5525,1035,1,1,3,10,3,7004,2022-10-15 21:04:00,2022-10-15 22:12:00,2022-10-15 23:18:00,13.254522,77.715539,Kidnapping reported in Bengaluru Rural; registered at Bengaluru Rural Police Station 05. Synthetic demonstration record.
1161,800021017202500001,202500001,2025-06-12,5467,1017,4,1,1,2,1,7002,2025-06-11 05:57:00,2025-06-11 06:43:00,2025-06-11 08:19:00,15.15782,76.937897,Attempt to Murder reported in Ballari; registered at Ballari Police Station 07. Synthetic demonstration record.
1162,100121115202400001,202400001,2024-06-04,5362,1115,1,2,8,20,2,7012,2024-06-04 07:20:00,2024-06-04 08:50:00,2024-06-04 09:31:00,14.456924,75.985274,Hit and Run reported in Davanagere; registered at Davanagere Police Station 05. Synthetic demonstration record.
1163,100011008202500001,202500001,2025-07-08,5255,1008,1,2,1,3,3,7001,2025-07-07 17:52:00,2025-07-07 19:53:00,2025-07-07 21:11:00,16.1486,75.717488,Assault reported in Bagalkot; registered at Bagalkot Police Station 08. Synthetic demonstration record.
1164,100251248202200003,202200003,2022-07-10,5229,1248,1,2,2,6,1,7025,2022-07-08 17:00:00,2022-07-08 19:32:00,2022-07-08 20:08:00,13.909337,75.615649,Vehicle Theft reported in Shivamogga; registered at Shivamogga Police Station 08. Synthetic demonstration record.
1165,100101091202400001,202400001,2024-01-12,5098,1091,1,2,3,9,3,7010,2024-01-10 21:55:00,2024-01-10 22:34:00,2024-01-10 23:44:00,14.228046,76.370075,Sexual Harassment reported in Chitradurga; registered at Chitradurga Police Station 01. Synthetic demonstration record.
1166,100291283202200001,202200001,2022-05-19,5534,1283,1,2,4,12,5,7029,2022-05-19 18:53:00,2022-05-19 20:40:00,2022-05-19 22:29:00,16.765628,75.71168,Identity Theft reported in Vijayapura; registered at Vijayapura Police Station 03. Synthetic demonstration record.
1167,100301291202400001,202400001,2024-06-23,5107,1291,1,2,3,8,3,7030,2024-06-23 09:37:00,2024-06-23 10:42:00,2024-06-23 11:31:00,16.743031,77.198716,Domestic Violence reported in Yadgir; registered at Yadgir Police Station 01. Synthetic demonstration record.
1168,100221218202300002,202300002,2023-12-01,5011,1218,1,2,8,20,1,7022,2023-12-01 10:31:00,2023-12-01 13:29:00,2023-12-01 13:39:00,12.261666,76.689472,Hit and Run reported in Mysuru; registered at Mysuru Police Station 08. Synthetic demonstration record.
1169,100091090202400002,202400002,2024-02-29,5101,1090,1,2,3,8,2,7009,2024-02-27 23:16:00,2024-02-28 01:20:00,2024-02-28 02:45:00,13.332466,75.765262,Domestic Violence reported in Chikkamagaluru; registered at Chikkamagaluru Police Station 10. Synthetic demonstration record.
1170,100151146202500001,202500001,2025-09-29,5258,1146,1,2,4,11,1,7015,2025-09-28 17:44:00,2025-09-28 18:58:00,2025-09-28 20:34:00,12.967878,76.120246,Online Fraud reported in Hassan; registered at Hassan Police Station 06. Synthetic demonstration record.
1171,100181178202400002,202400002,2024-08-13,5593,1178,1,2,4,11,2,7018,2024-08-12 19:32:00,2024-08-12 20:46:00,2024-08-12 21:46:00,12.288603,75.862468,Online Fraud reported in Kodagu; registered at Kodagu Police Station 08. Synthetic demonstration record.
1172,100211203202200002,202200002,2022-09-01,5223,1203,1,2,3,8,3,7021,2022-08-31 13:14:00,2022-08-31 15:46:00,2022-08-31 16:33:00,12.548514,76.872681,Domestic Violence reported in Mandya; registered at Mandya Police Station 03. Synthetic demonstration record.
1173,100051047202200003,202200003,2022-12-22,5527,1047,1,2,2,7,2,7005,2022-12-21 01:53:00,2022-12-21 04:44:00,2022-12-21 05:40:00,12.967292,77.649121,House Theft reported in Bengaluru Urban; registered at Bengaluru Urban Police Station 07. Synthetic demonstration record.
1174,100091082202400002,202400002,2024-08-29,5515,1082,1,2,4,11,2,7009,2024-08-27 14:31:00,2024-08-27 15:28:00,2024-08-27 16:37:00,13.265957,75.782738,Online Fraud reported in Chikkamagaluru; registered at Chikkamagaluru Police Station 02. Synthetic demonstration record.
1175,100181173202500002,202500002,2025-01-06,5219,1173,1,2,2,5,4,7018,2025-01-04 00:25:00,2025-01-04 03:11:00,2025-01-04 03:32:00,12.317187,75.869253,Burglary reported in Kodagu; registered at Kodagu Police Station 03. Synthetic demonstration record.
1176,100271261202500001,202500001,2025-06-22,5375,1261,1,2,4,11,3,7027,2025-06-21 11:57:00,2025-06-21 13:40:00,2025-06-21 15:09:00,13.323013,74.757019,Online Fraud reported in Udupi; registered at Udupi Police Station 01. Synthetic demonstration record.
1177,100051041202200005,202200005,2022-10-27,5496,1041,1,2,4,11,5,7005,2022-10-26 18:17:00,2022-10-26 18:57:00,2022-10-26 19:50:00,12.963137,77.56689,Online Fraud reported in Bengaluru Urban; registered at Bengaluru Urban Police Station 01. Synthetic demonstration record.
1178,100141140202300001,202300001,2023-04-11,5079,1140,1,2,2,5,2,7014,2023-04-11 22:08:00,2023-04-11 22:43:00,2023-04-12 00:26:00,15.447905,75.599299,Burglary reported in Gadag; registered at Gadag Police Station 10. Synthetic demonstration record.
1179,100261256202300001,202300001,2023-09-13,5351,1256,1,2,8,20,3,7026,2023-09-12 21:21:00,2023-09-12 22:49:00,2023-09-13 00:26:00,13.38792,77.101211,Hit and Run reported in Tumakuru; registered at Tumakuru Police Station 06. Synthetic demonstration record.
1180,100281276202400002,202400002,2024-08-30,5227,1276,1,2,2,5,1,7028,2024-08-29 23:36:00,2024-08-29 23:53:00,2024-08-30 01:20:00,14.846912,74.139028,Burglary reported in Uttara Kannada; registered at Uttara Kannada Police Station 06. Synthetic demonstration record.
1181,100101096202500002,202500002,2025-01-30,5409,1096,1,2,4,11,3,7010,2025-01-28 15:16:00,2025-01-28 16:32:00,2025-01-28 17:18:00,14.196675,76.431923,Online Fraud reported in Chitradurga; registered at Chitradurga Police Station 06. Synthetic demonstration record.
1182,800011010202500001,202500001,2025-07-27,5588,1010,4,2,1,3,4,7001,2025-07-26 09:31:00,2025-07-26 10:24:00,2025-07-26 11:42:00,16.191903,75.68812,Assault reported in Bagalkot; registered at Bagalkot Police Station 10. Synthetic demonstration record.
1183,400241231202600001,202600001,2026-07-11,5212,1231,3,2,2,7,2,7024,2026-07-10 23:31:00,2026-07-11 02:05:00,2026-07-11 03:32:00,12.731887,77.270562,House Theft reported in Ramanagara; registered at Ramanagara Police Station 01. Synthetic demonstration record.
1184,100041038202300001,202300001,2023-02-02,5097,1038,1,2,2,6,1,7004,2023-01-31 21:28:00,2023-01-31 22:28:00,2023-02-01 00:28:00,13.283544,77.692081,Vehicle Theft reported in Bengaluru Rural; registered at Bengaluru Rural Police Station 08. Synthetic demonstration record.
1185,100061054202500001,202500001,2025-11-02,5460,1054,1,1,2,4,3,7006,2025-10-31 17:38:00,2025-10-31 18:46:00,2025-10-31 19:23:00,17.905649,77.541802,Robbery reported in Bidar; registered at Bidar Police Station 04. Synthetic demonstration record.
1186,100011005202500001,202500001,2025-01-03,5431,1005,1,2,2,7,4,7001,2025-01-01 03:48:00,2025-01-01 04:25:00,2025-01-01 05:43:00,16.202015,75.694164,House Theft reported in Bagalkot; registered at Bagalkot Police Station 05. Synthetic demonstration record.
1187,100271268202300003,202300003,2023-04-15,5039,1268,1,1,1,2,1,7027,2023-04-13 17:00:00,2023-04-13 18:20:00,2023-04-13 19:11:00,13.322962,74.709753,Attempt to Murder reported in Udupi; registered at Udupi Police Station 08. Synthetic demonstration record.
1188,100031030202500001,202500001,2025-09-15,5459,1030,1,2,5,14,5,7003,2025-09-14 13:05:00,2025-09-14 16:05:00,2025-09-14 17:13:00,15.849045,74.467229,NDPS Possession reported in Belagavi; registered at Belagavi Police Station 10. Synthetic demonstration record.
1189,100151147202200001,202200001,2022-11-09,5160,1147,1,2,8,20,5,7015,2022-11-07 12:55:00,2022-11-07 14:59:00,2022-11-07 15:29:00,13.00346,76.091734,Hit and Run reported in Hassan; registered at Hassan Police Station 07. Synthetic demonstration record.
1190,100261251202200002,202200002,2022-04-01,5169,1251,1,2,7,18,1,7026,2022-03-31 11:40:00,2022-03-31 12:38:00,2022-03-31 12:48:00,13.294015,77.098022,Cheating reported in Tumakuru; registered at Tumakuru Police Station 01. Synthetic demonstration record.
1191,100121114202500001,202500001,2025-03-07,5524,1114,1,2,4,11,2,7012,2025-03-05 21:58:00,2025-03-05 23:38:00,2025-03-06 00:00:00,14.489706,75.934001,Online Fraud reported in Davanagere; registered at Davanagere Police Station 04. Synthetic demonstration record.
1192,400301291202200001,202200001,2022-02-11,5181,1291,3,2,4,11,3,7030,2022-02-09 16:23:00,2022-02-09 17:41:00,2022-02-09 18:58:00,16.786701,77.128532,Online Fraud reported in Yadgir; registered at Yadgir Police Station 01. Synthetic demonstration record.
1193,100201192202600002,202600002,2026-07-16,5184,1192,1,2,2,5,2,7020,2026-07-14 02:53:00,2026-07-14 05:39:00,2026-07-14 06:04:00,15.385607,76.139931,Burglary reported in Koppal; registered at Koppal Police Station 02. Synthetic demonstration record.
1194,100101096202400002,202400002,2024-11-01,5123,1096,1,2,5,14,2,7010,2024-10-30 16:22:00,2024-10-30 18:33:00,2024-10-30 20:11:00,14.263703,76.422014,NDPS Possession reported in Chitradurga; registered at Chitradurga Police Station 06. Synthetic demonstration record.
1195,100171170202200003,202200003,2022-07-21,5285,1170,1,2,5,14,1,7017,2022-07-20 03:24:00,2022-07-20 04:45:00,2022-07-20 05:40:00,17.350768,76.890644,NDPS Possession reported in Kalaburagi; registered at Kalaburagi Police Station 10. Synthetic demonstration record.
1196,100231229202300001,202300001,2023-09-15,5312,1229,1,2,2,7,4,7023,2023-09-15 03:40:00,2023-09-15 06:27:00,2023-09-15 08:08:00,16.218321,77.373286,House Theft reported in Raichur; registered at Raichur Police Station 09. Synthetic demonstration record.
1197,100071069202400002,202400002,2024-12-03,5214,1069,1,2,6,16,5,7007,2024-12-03 11:33:00,2024-12-03 11:50:00,2024-12-03 12:33:00,11.905592,76.978592,Rioting reported in Chamarajanagar; registered at Chamarajanagar Police Station 09. Synthetic demonstration record.
1198,100071068202400002,202400002,2024-06-01,5174,1068,1,2,1,3,1,7007,2024-05-31 04:12:00,2024-05-31 05:33:00,2024-05-31 07:22:00,11.917685,76.916616,Assault reported in Chamarajanagar; registered at Chamarajanagar Police Station 08. Synthetic demonstration record.
1199,300201199202400001,202400001,2024-06-04,5084,1199,2,2,2,6,3,7020,2024-06-03 18:02:00,2024-06-03 20:01:00,2024-06-03 21:35:00,15.34676,76.154293,Vehicle Theft reported in Koppal; registered at Koppal Police Station 09. Synthetic demonstration record.
1200,100251250202400001,202400001,2024-08-03,5502,1250,1,2,4,12,4,7025,2024-08-03 16:47:00,2024-08-03 17:30:00,2024-08-03 19:26:00,13.989772,75.513138,Identity Theft reported in Shivamogga; registered at Shivamogga Police Station 10. Synthetic demonstration record.
1201,100141133202400004,202400004,2024-06-06,5392,1133,1,2,4,13,3,7014,2024-06-06 21:46:00,2024-06-06 23:23:00,2024-06-07 00:55:00,15.407527,75.607675,Cyber Stalking reported in Gadag; registered at Gadag Police Station 03. Synthetic demonstration record.
1202,100211208202300001,202300001,2023-03-27,5186,1208,1,2,3,8,2,7021,2023-03-26 23:27:00,2023-03-27 00:37:00,2023-03-27 01:41:00,12.552203,76.868741,Domestic Violence reported in Mandya; registered at Mandya Police Station 08. Synthetic demonstration record.
1203,100051042202600001,202600001,2026-03-04,5300,1042,1,2,7,18,5,7005,2026-03-02 10:40:00,2026-03-02 11:01:00,2026-03-02 11:12:00,12.947723,77.656842,Cheating reported in Bengaluru Urban; registered at Bengaluru Urban Police Station 02. Synthetic demonstration record.
1204,100261255202200002,202200002,2022-09-12,5008,1255,1,2,5,14,1,7026,2022-09-10 08:08:00,2022-09-10 10:05:00,2022-09-10 11:43:00,13.369616,77.12032,NDPS Possession reported in Tumakuru; registered at Tumakuru Police Station 05. Synthetic demonstration record.
1205,100111105202500002,202500002,2025-05-27,5113,1105,1,2,4,11,2,7011,2025-05-25 20:52:00,2025-05-25 21:04:00,2025-05-25 21:34:00,12.928493,74.886792,Online Fraud reported in Dakshina Kannada; registered at Dakshina Kannada Police Station 05. Synthetic demonstration record.
1206,100061051202500002,202500002,2025-08-22,5116,1051,1,2,2,7,2,7006,2025-08-21 00:53:00,2025-08-21 02:02:00,2025-08-21 03:16:00,17.898889,77.525999,House Theft reported in Bidar; registered at Bidar Police Station 01. Synthetic demonstration record.
1207,100111108202400002,202400002,2024-06-07,5397,1108,1,2,7,19,3,7011,2024-06-07 17:41:00,2024-06-07 18:04:00,2024-06-07 18:16:00,12.884773,74.828389,Forgery reported in Dakshina Kannada; registered at Dakshina Kannada Police Station 08. Synthetic demonstration record.
1208,100081077202300003,202300003,2023-06-05,5345,1077,1,2,1,3,5,7008,2023-06-05 16:40:00,2023-06-05 18:44:00,2023-06-05 20:26:00,13.416946,77.763705,Assault reported in Chikkaballapur; registered at Chikkaballapur Police Station 07. Synthetic demonstration record.
1209,100181174202200003,202200003,2022-09-03,5209,1174,1,2,8,20,1,7018,2022-09-03 20:30:00,2022-09-03 22:31:00,2022-09-04 00:03:00,12.35236,75.788736,Hit and Run reported in Kodagu; registered at Kodagu Police Station 04. Synthetic demonstration record.
1210,100051044202300003,202300003,2023-03-27,5518,1044,1,2,4,12,2,7005,2023-03-27 16:37:00,2023-03-27 19:30:00,2023-03-27 19:40:00,12.966529,77.610469,Identity Theft reported in Bengaluru Urban; registered at Bengaluru Urban Police Station 04. Synthetic demonstration record.
1211,100061059202400003,202400003,2024-03-06,5162,1059,1,2,2,5,3,7006,2024-03-06 22:40:00,2024-03-06 23:59:00,2024-03-07 00:32:00,17.914316,77.538028,Burglary reported in Bidar; registered at Bidar Police Station 09. Synthetic demonstration record.
1212,800201199202200001,202200001,2022-05-31,5084,1199,4,2,2,6,1,7020,2022-05-31 21:43:00,2022-06-01 00:40:00,2022-06-01 02:15:00,15.359329,76.175819,Vehicle Theft reported in Koppal; registered at Koppal Police Station 09. Synthetic demonstration record.
1213,800311304202200001,202200001,2022-05-23,5047,1304,4,1,2,4,3,7031,2022-05-23 18:40:00,2022-05-23 18:54:00,2022-05-23 19:43:00,15.344409,76.53038,Robbery reported in Vijayanagara; registered at Vijayanagara Police Station 04. Synthetic demonstration record.
1214,100061052202300002,202300002,2023-04-19,5152,1052,1,2,4,12,2,7006,2023-04-19 09:49:00,2023-04-19 10:12:00,2023-04-19 12:07:00,17.958001,77.52266,Identity Theft reported in Bidar; registered at Bidar Police Station 02. Synthetic demonstration record.
1215,400251242202300001,202300001,2023-11-08,5406,1242,3,2,3,9,3,7025,2023-11-07 18:17:00,2023-11-07 19:08:00,2023-11-07 19:16:00,13.94862,75.523182,Sexual Harassment reported in Shivamogga; registered at Shivamogga Police Station 02. Synthetic demonstration record.
1216,300111108202400001,202400001,2024-09-01,5397,1108,2,1,2,4,2,7011,2024-08-30 20:17:00,2024-08-30 20:41:00,2024-08-30 21:04:00,12.935158,74.846169,Robbery reported in Dakshina Kannada; registered at Dakshina Kannada Police Station 08. Synthetic demonstration record.
1217,100241235202500001,202500001,2025-10-23,5329,1235,1,2,3,8,3,7024,2025-10-23 14:02:00,2025-10-23 14:36:00,2025-10-23 15:42:00,12.771686,77.244176,Domestic Violence reported in Ramanagara; registered at Ramanagara Police Station 05. Synthetic demonstration record.
1218,100091087202300002,202300002,2023-07-29,5281,1087,1,2,8,20,2,7009,2023-07-27 11:37:00,2023-07-27 13:00:00,2023-07-27 14:20:00,13.308189,75.810674,Hit and Run reported in Chikkamagaluru; registered at Chikkamagaluru Police Station 07. Synthetic demonstration record.
1219,100121111202200001,202200001,2022-09-29,5082,1111,1,2,2,5,1,7012,2022-09-29 03:15:00,2022-09-29 04:43:00,2022-09-29 06:15:00,14.479154,75.906662,Burglary reported in Davanagere; registered at Davanagere Police Station 01. Synthetic demonstration record.
1220,100071063202300002,202300002,2023-09-05,5407,1063,1,2,4,11,2,7007,2023-09-04 14:26:00,2023-09-04 17:18:00,2023-09-04 18:15:00,11.907746,76.976137,Online Fraud reported in Chamarajanagar; registered at Chamarajanagar Police Station 03. Synthetic demonstration record.
1221,100131129202400002,202400002,2024-10-28,5018,1129,1,2,2,5,3,7013,2024-10-26 00:40:00,2024-10-26 03:08:00,2024-10-26 04:11:00,15.471919,75.02487,Burglary reported in Dharwad; registered at Dharwad Police Station 09. Synthetic demonstration record.
1222,100271266202600001,202600001,2026-05-30,5436,1266,1,2,2,6,2,7027,2026-05-28 19:12:00,2026-05-28 21:53:00,2026-05-28 22:53:00,13.287664,74.789315,Vehicle Theft reported in Udupi; registered at Udupi Police Station 06. Synthetic demonstration record.
1223,100011006202500002,202500002,2025-01-06,5235,1006,1,2,1,3,2,7001,2025-01-06 16:49:00,2025-01-06 17:47:00,2025-01-06 19:37:00,16.216762,75.705182,Assault reported in Bagalkot; registered at Bagalkot Police Station 06. Synthetic demonstration record.
1224,100261252202200003,202200003,2022-04-04,5330,1252,1,2,3,9,1,7026,2022-04-04 21:17:00,2022-04-04 23:02:00,2022-04-04 23:57:00,13.375854,77.163963,Sexual Harassment reported in Tumakuru; registered at Tumakuru Police Station 02. Synthetic demonstration record.
1225,100051045202600002,202600002,2026-07-01,5419,1045,1,2,4,11,3,7005,2026-06-30 15:08:00,2026-06-30 16:16:00,2026-06-30 17:22:00,12.918814,77.599998,Online Fraud reported in Bengaluru Urban; registered at Bengaluru Urban Police Station 05. Synthetic demonstration record.
1226,100111102202300001,202300001,2023-09-23,5552,1102,1,2,7,19,3,7011,2023-09-23 14:46:00,2023-09-23 17:13:00,2023-09-23 18:09:00,12.902668,74.883952,Forgery reported in Dakshina Kannada; registered at Dakshina Kannada Police Station 02. Synthetic demonstration record.
1227,100051046202400003,202400003,2024-02-24,5067,1046,1,1,2,4,5,7005,2024-02-22 18:59:00,2024-02-22 21:29:00,2024-02-22 23:29:00,12.992119,77.597983,Robbery reported in Bengaluru Urban; registered at Bengaluru Urban Police Station 06. Synthetic demonstration record.
1228,800151145202500001,202500001,2025-12-22,5213,1145,4,2,4,11,1,7015,2025-12-22 11:39:00,2025-12-22 12:46:00,2025-12-22 13:08:00,13.041242,76.165039,Online Fraud reported in Hassan; registered at Hassan Police Station 05. Synthetic demonstration record.
1229,100051046202600001,202600001,2026-02-04,5027,1046,1,2,3,9,1,7005,2026-02-02 19:43:00,2026-02-02 21:46:00,2026-02-02 22:04:00,12.939576,77.64834,Sexual Harassment reported in Bengaluru Urban; registered at Bengaluru Urban Police Station 06. Synthetic demonstration record.
1230,100301299202600001,202600001,2026-06-18,5089,1299,1,2,8,20,2,7030,2026-06-18 10:54:00,2026-06-18 11:21:00,2026-06-18 13:02:00,16.747595,77.166368,Hit and Run reported in Yadgir; registered at Yadgir Police Station 09. Synthetic demonstration record.
1231,100251243202200003,202200003,2022-07-15,5456,1243,1,2,4,11,2,7025,2022-07-15 19:58:00,2022-07-15 21:10:00,2022-07-15 22:05:00,13.967466,75.556307,Online Fraud reported in Shivamogga; registered at Shivamogga Police Station 03. Synthetic demonstration record.
1232,100131124202200002,202200002,2022-09-07,5042,1124,1,2,8,20,3,7013,2022-09-05 19:25:00,2022-09-05 20:36:00,2022-09-05 21:45:00,15.471204,75.022176,Hit and Run reported in Dharwad; registered at Dharwad Police Station 04. Synthetic demonstration record.
1233,100131123202200003,202200003,2022-01-18,5087,1123,1,2,2,5,3,7013,2022-01-17 01:36:00,2022-01-17 03:34:00,2022-01-17 04:29:00,15.463156,75.007953,Burglary reported in Dharwad; registered at Dharwad Police Station 03. Synthetic demonstration record.
1234,100311303202400002,202400002,2024-02-06,5085,1303,1,1,2,4,1,7031,2024-02-05 19:57:00,2024-02-05 21:56:00,2024-02-05 23:40:00,15.365893,76.463195,Robbery reported in Vijayanagara; registered at Vijayanagara Police Station 03. Synthetic demonstration record.
1235,100051045202500003,202500003,2025-04-20,5419,1045,1,2,4,11,1,7005,2025-04-20 11:28:00,2025-04-20 11:45:00,2025-04-20 12:10:00,12.966914,77.58453,Online Fraud reported in Bengaluru Urban; registered at Bengaluru Urban Police Station 05. Synthetic demonstration record.
1236,100211205202300002,202300002,2023-09-13,5128,1205,1,2,2,5,5,7021,2023-09-13 22:41:00,2023-09-14 00:13:00,2023-09-14 01:13:00,12.548685,76.874883,Burglary reported in Mandya; registered at Mandya Police Station 05. Synthetic demonstration record.
1237,100301298202500001,202500001,2025-07-22,5025,1298,1,2,2,5,5,7030,2025-07-21 22:35:00,2025-07-21 23:40:00,2025-07-22 00:05:00,16.724734,77.184174,Burglary reported in Yadgir; registered at Yadgir Police Station 08. Synthetic demonstration record.
1238,100131123202300002,202300002,2023-10-08,5142,1123,1,2,4,13,2,7013,2023-10-06 19:26:00,2023-10-06 20:41:00,2023-10-06 22:18:00,15.450553,75.024086,Cyber Stalking reported in Dharwad; registered at Dharwad Police Station 03. Synthetic demonstration record.
1239,100251241202300003,202300003,2023-08-22,5513,1241,1,2,4,11,4,7025,2023-08-22 15:32:00,2023-08-22 17:46:00,2023-08-22 19:18:00,13.955255,75.606166,Online Fraud reported in Shivamogga; registered at Shivamogga Police Station 01. Synthetic demonstration record.
1240,100071066202500001,202500001,2025-11-06,5505,1066,1,2,4,12,1,7007,2025-11-04 19:27:00,2025-11-04 22:18:00,2025-11-05 00:09:00,11.861293,76.988858,Identity Theft reported in Chamarajanagar; registered at Chamarajanagar Police Station 06. Synthetic demonstration record.
1241,100151146202300001,202300001,2023-06-28,5380,1146,1,2,4,11,1,7015,2023-06-27 14:56:00,2023-06-27 17:41:00,2023-06-27 17:58:00,12.98425,76.128372,Online Fraud reported in Hassan; registered at Hassan Police Station 06. Synthetic demonstration record.
1242,100171167202600003,202600003,2026-02-27,5578,1167,1,2,2,7,1,7017,2026-02-25 03:29:00,2026-02-25 04:45:00,2026-02-25 04:57:00,17.369031,76.889876,House Theft reported in Kalaburagi; registered at Kalaburagi Police Station 07. Synthetic demonstration record.
1243,100281279202300001,202300001,2023-05-25,5338,1279,1,2,2,6,1,7028,2023-05-25 20:33:00,2023-05-25 22:51:00,2023-05-25 23:43:00,14.823801,74.166254,Vehicle Theft reported in Uttara Kannada; registered at Uttara Kannada Police Station 09. Synthetic demonstration record.
1244,100081079202500001,202500001,2025-05-08,5111,1079,1,2,1,3,1,7008,2025-05-06 03:52:00,2025-05-06 05:23:00,2025-05-06 05:29:00,13.476286,77.757551,Assault reported in Chikkaballapur; registered at Chikkaballapur Police Station 09. Synthetic demonstration record.
1245,100131121202300002,202300002,2023-01-02,5198,1121,1,2,2,7,3,7013,2023-01-01 01:58:00,2023-01-01 03:38:00,2023-01-01 04:25:00,15.45035,75.072743,House Theft reported in Dharwad; registered at Dharwad Police Station 01. Synthetic demonstration record.
1246,100111103202500001,202500001,2025-11-17,5538,1103,1,1,1,2,2,7011,2025-11-16 22:19:00,2025-11-17 00:22:00,2025-11-17 01:55:00,12.909236,74.907785,Attempt to Murder reported in Dakshina Kannada; registered at Dakshina Kannada Police Station 03. Synthetic demonstration record.
1247,100151146202600001,202600001,2026-02-23,5258,1146,1,2,4,11,2,7015,2026-02-22 09:12:00,2026-02-22 11:38:00,2026-02-22 12:17:00,12.963416,76.09598,Online Fraud reported in Hassan; registered at Hassan Police Station 06. Synthetic demonstration record.
1248,100081074202400001,202400001,2024-01-28,5049,1074,1,2,4,11,5,7008,2024-01-27 14:55:00,2024-01-27 17:55:00,2024-01-27 18:54:00,13.448608,77.68696,Online Fraud reported in Chikkaballapur; registered at Chikkaballapur Police Station 04. Synthetic demonstration record.
1249,100171162202400001,202400001,2024-02-11,5388,1162,1,2,2,5,1,7017,2024-02-10 03:31:00,2024-02-10 05:21:00,2024-02-10 06:11:00,17.332588,76.837459,Burglary reported in Kalaburagi; registered at Kalaburagi Police Station 02. Synthetic demonstration record.
1250,100051046202500002,202500002,2025-07-21,5351,1046,1,1,5,15,5,7005,2025-07-19 12:57:00,2025-07-19 15:39:00,2025-07-19 16:33:00,13.002047,77.622334,Drug Trafficking reported in Bengaluru Urban; registered at Bengaluru Urban Police Station 06. Synthetic demonstration record.
1251,100051050202500001,202500001,2025-07-09,5125,1050,1,2,8,20,5,7005,2025-07-08 10:33:00,2025-07-08 11:59:00,2025-07-08 13:32:00,12.992906,77.584835,Hit and Run reported in Bengaluru Urban; registered at Bengaluru Urban Police Station 10. Synthetic demonstration record.
1252,100041035202500002,202500002,2025-09-10,5525,1035,1,2,2,7,1,7004,2025-09-09 22:32:00,2025-09-10 00:25:00,2025-09-10 01:35:00,13.23275,77.732312,House Theft reported in Bengaluru Rural; registered at Bengaluru Rural Police Station 05. Synthetic demonstration record.
1253,100011002202600001,202600001,2026-02-16,5434,1002,1,2,2,7,1,7001,2026-02-15 02:12:00,2026-02-15 04:11:00,2026-02-15 04:27:00,16.157032,75.750662,House Theft reported in Bagalkot; registered at Bagalkot Police Station 02. Synthetic demonstration record.
1254,100181172202500001,202500001,2025-02-19,5092,1172,1,2,7,18,2,7018,2025-02-18 21:40:00,2025-02-18 23:14:00,2025-02-19 00:35:00,12.349023,75.848186,Cheating reported in Kodagu; registered at Kodagu Police Station 02. Synthetic demonstration record.
1255,100171169202400002,202400002,2024-10-28,5553,1169,1,2,4,12,2,7017,2024-10-27 14:27:00,2024-10-27 15:50:00,2024-10-27 15:57:00,17.335265,76.825655,Identity Theft reported in Kalaburagi; registered at Kalaburagi Police Station 09. Synthetic demonstration record.
1256,100271267202400002,202400002,2024-06-22,5257,1267,1,1,1,1,2,7027,2024-06-22 15:54:00,2024-06-22 16:12:00,2024-06-22 17:13:00,13.316336,74.781228,Murder reported in Udupi; registered at Udupi Police Station 07. Synthetic demonstration record.
1257,800051045202400001,202400001,2024-08-20,5419,1045,4,2,2,7,3,7005,2024-08-18 01:34:00,2024-08-18 02:08:00,2024-08-18 02:35:00,12.933173,77.630199,House Theft reported in Bengaluru Urban; registered at Bengaluru Urban Police Station 05. Synthetic demonstration record.
1258,100201191202300002,202300002,2023-11-03,5420,1191,1,2,3,9,1,7020,2023-11-03 19:14:00,2023-11-03 19:39:00,2023-11-03 21:00:00,15.375419,76.209518,Sexual Harassment reported in Koppal; registered at Koppal Police Station 01. Synthetic demonstration record.
1259,100161160202300001,202300001,2023-12-25,5501,1160,1,1,5,15,2,7016,2023-12-23 23:24:00,2023-12-24 00:23:00,2023-12-24 01:00:00,14.828462,75.413498,Drug Trafficking reported in Haveri; registered at Haveri Police Station 10. Synthetic demonstration record.
1260,100171164202200002,202200002,2022-11-14,5131,1164,1,2,1,3,3,7017,2022-11-12 05:43:00,2022-11-12 07:45:00,2022-11-12 08:40:00,17.323046,76.900181,Assault reported in Kalaburagi; registered at Kalaburagi Police Station 04. Synthetic demonstration record.
1261,100101094202400001,202400001,2024-04-18,5038,1094,1,2,6,17,2,7010,2024-04-16 20:11:00,2024-04-16 21:24:00,2024-04-16 22:24:00,14.209988,76.432926,Unlawful Assembly reported in Chitradurga; registered at Chitradurga Police Station 04. Synthetic demonstration record.
1262,100091082202300002,202300002,2023-04-25,5515,1082,1,2,4,13,1,7009,2023-04-25 14:15:00,2023-04-25 16:43:00,2023-04-25 17:22:00,13.322042,75.782645,Cyber Stalking reported in Chikkamagaluru; registered at Chikkamagaluru Police Station 02. Synthetic demonstration record.
1263,100181174202200004,202200004,2022-05-06,5209,1174,1,2,7,19,3,7018,2022-05-06 10:13:00,2022-05-06 10:44:00,2022-05-06 11:38:00,12.295798,75.841642,Forgery reported in Kodagu; registered at Kodagu Police Station 04. Synthetic demonstration record.
1264,100291282202500003,202500003,2025-02-06,5321,1282,1,2,5,14,2,7029,2025-02-05 09:34:00,2025-02-05 11:15:00,2025-02-05 13:14:00,16.860716,75.717984,NDPS Possession reported in Vijayapura; registered at Vijayapura Police Station 02. Synthetic demonstration record.
1265,100031026202200002,202200002,2022-08-18,5026,1026,1,2,2,6,2,7003,2022-08-17 21:23:00,2022-08-18 00:00:00,2022-08-18 01:13:00,15.846815,74.499393,Vehicle Theft reported in Belagavi; registered at Belagavi Police Station 06. Synthetic demonstration record.
1266,100171169202400003,202400003,2024-01-26,5553,1169,1,2,3,8,1,7017,2024-01-26 03:49:00,2024-01-26 06:42:00,2024-01-26 08:23:00,17.347466,76.896885,Domestic Violence reported in Kalaburagi; registered at Kalaburagi Police Station 09. Synthetic demonstration record.
1267,100271266202400002,202400002,2024-08-25,5436,1266,1,2,7,18,5,7027,2024-08-24 12:27:00,2024-08-24 13:01:00,2024-08-24 14:00:00,13.329112,74.785844,Cheating reported in Udupi; registered at Udupi Police Station 06. Synthetic demonstration record.
1268,100131127202600001,202600001,2026-01-01,5346,1127,1,2,3,8,3,7013,2025-12-30 08:00:00,2025-12-30 10:00:00,2025-12-30 10:39:00,15.453708,74.976077,Domestic Violence reported in Dharwad; registered at Dharwad Police Station 07. Synthetic demonstration record.
1269,100281275202600003,202600003,2026-01-10,5109,1275,1,2,2,6,1,7028,2026-01-08 19:46:00,2026-01-08 21:00:00,2026-01-08 22:45:00,14.803305,74.165992,Vehicle Theft reported in Uttara Kannada; registered at Uttara Kannada Police Station 05. Synthetic demonstration record.
1270,100191189202300002,202300002,2023-08-02,5535,1189,1,2,2,7,1,7019,2023-08-01 03:55:00,2023-08-01 04:37:00,2023-08-01 04:51:00,13.193275,78.133981,House Theft reported in Kolar; registered at Kolar Police Station 09. Synthetic demonstration record.
1271,100071063202400003,202400003,2024-03-24,5322,1063,1,2,5,14,3,7007,2024-03-22 08:53:00,2024-03-22 09:40:00,2024-03-22 11:02:00,11.90123,76.96541,NDPS Possession reported in Chamarajanagar; registered at Chamarajanagar Police Station 03. Synthetic demonstration record.
1272,800261257202500001,202500001,2025-12-26,5355,1257,4,2,3,8,1,7026,2025-12-25 20:07:00,2025-12-25 23:07:00,2025-12-26 01:05:00,13.336787,77.080544,Domestic Violence reported in Tumakuru; registered at Tumakuru Police Station 07. Synthetic demonstration record.
1273,100291286202300002,202300002,2023-12-15,5410,1286,1,2,8,20,2,7029,2023-12-13 14:04:00,2023-12-13 14:20:00,2023-12-13 15:20:00,16.808194,75.773368,Hit and Run reported in Vijayapura; registered at Vijayapura Police Station 06. Synthetic demonstration record.
1274,100031021202500004,202500004,2025-02-21,5374,1021,1,1,2,4,2,7003,2025-02-19 17:37:00,2025-02-19 18:48:00,2025-02-19 20:03:00,15.790561,74.55522,Robbery reported in Belagavi; registered at Belagavi Police Station 01. Synthetic demonstration record.
1275,100171167202200002,202200002,2022-02-23,5578,1167,1,2,2,6,3,7017,2022-02-23 21:25:00,2022-02-24 00:00:00,2022-02-24 01:39:00,17.315464,76.886321,Vehicle Theft reported in Kalaburagi; registered at Kalaburagi Police Station 07. Synthetic demonstration record.
1276,100131130202600001,202600001,2026-02-03,5221,1130,1,2,7,18,2,7013,2026-02-02 17:26:00,2026-02-02 19:03:00,2026-02-02 19:26:00,15.481065,74.983764,Cheating reported in Dharwad; registered at Dharwad Police Station 10. Synthetic demonstration record.
1277,100051048202200002,202200002,2022-04-25,5571,1048,1,2,2,7,2,7005,2022-04-24 00:11:00,2022-04-24 01:47:00,2022-04-24 02:17:00,12.95946,77.658435,House Theft reported in Bengaluru Urban; registered at Bengaluru Urban Police Station 08. Synthetic demonstration record.
1278,100031024202500002,202500002,2025-05-28,5032,1024,1,2,2,5,5,7003,2025-05-28 23:39:00,2025-05-29 00:21:00,2025-05-29 01:28:00,15.840615,74.52426,Burglary reported in Belagavi; registered at Belagavi Police Station 04. Synthetic demonstration record.
1279,100101094202400002,202400002,2024-07-11,5038,1094,1,2,3,9,1,7010,2024-07-09 18:26:00,2024-07-09 19:12:00,2024-07-09 20:53:00,14.162927,76.407133,Sexual Harassment reported in Chitradurga; registered at Chitradurga Police Station 04. Synthetic demonstration record.
1280,100221213202300002,202300002,2023-03-09,5452,1213,1,2,1,3,4,7022,2023-03-07 15:19:00,2023-03-07 15:59:00,2023-03-07 16:34:00,12.322309,76.607028,Assault reported in Mysuru; registered at Mysuru Police Station 03. Synthetic demonstration record.
1281,100131128202200003,202200003,2022-08-19,5331,1128,1,2,3,9,1,7013,2022-08-17 18:20:00,2022-08-17 19:11:00,2022-08-17 21:07:00,15.455146,74.97369,Sexual Harassment reported in Dharwad; registered at Dharwad Police Station 08. Synthetic demonstration record.
1282,100111103202200001,202200001,2022-02-02,5538,1103,1,2,2,5,2,7011,2022-02-02 02:16:00,2022-02-02 04:10:00,2022-02-02 05:28:00,12.916077,74.889664,Burglary reported in Dakshina Kannada; registered at Dakshina Kannada Police Station 03. Synthetic demonstration record.
1283,100151143202600001,202600001,2026-04-14,5235,1143,1,2,2,6,2,7015,2026-04-14 19:18:00,2026-04-14 19:49:00,2026-04-14 20:47:00,12.996998,76.121917,Vehicle Theft reported in Hassan; registered at Hassan Police Station 03. Synthetic demonstration record.
1284,100041032202200001,202200001,2022-03-31,5167,1032,1,2,2,5,2,7004,2022-03-29 22:17:00,2022-03-30 00:04:00,2022-03-30 02:04:00,13.328754,77.710131,Burglary reported in Bengaluru Rural; registered at Bengaluru Rural Police Station 02. Synthetic demonstration record.
1285,100051047202400005,202400005,2024-06-11,5600,1047,1,2,7,18,1,7005,2024-06-10 13:28:00,2024-06-10 16:23:00,2024-06-10 17:30:00,12.963303,77.579343,Cheating reported in Bengaluru Urban; registered at Bengaluru Urban Police Station 07. Synthetic demonstration record.
1286,100051042202500003,202500003,2025-07-28,5300,1042,1,2,4,11,1,7005,2025-07-27 20:27:00,2025-07-27 21:22:00,2025-07-27 22:35:00,12.949792,77.667545,Online Fraud reported in Bengaluru Urban; registered at Bengaluru Urban Police Station 02. Synthetic demonstration record.
1287,100051048202300004,202300004,2023-02-03,5138,1048,1,2,2,7,2,7005,2023-02-03 00:00:00,2023-02-03 01:47:00,2023-02-03 02:16:00,12.930207,77.623266,House Theft reported in Bengaluru Urban; registered at Bengaluru Urban Police Station 08. Synthetic demonstration record.
1288,100051048202500002,202500002,2025-07-06,5436,1048,1,2,2,5,3,7005,2025-07-04 22:14:00,2025-07-05 00:07:00,2025-07-05 00:49:00,13.019404,77.588697,Burglary reported in Bengaluru Urban; registered at Bengaluru Urban Police Station 08. Synthetic demonstration record.
1289,100081077202600001,202600001,2026-06-13,5003,1077,1,2,8,20,1,7008,2026-06-13 12:19:00,2026-06-13 13:19:00,2026-06-13 13:59:00,13.410235,77.78819,Hit and Run reported in Chikkaballapur; registered at Chikkaballapur Police Station 07. Synthetic demonstration record.
1290,100061053202300001,202300001,2023-12-22,5117,1053,1,2,3,8,2,7006,2023-12-22 01:56:00,2023-12-22 04:39:00,2023-12-22 04:45:00,17.952298,77.525612,Domestic Violence reported in Bidar; registered at Bidar Police Station 03. Synthetic demonstration record.
1291,100051049202600004,202600004,2026-01-02,5561,1049,1,2,7,18,3,7005,2026-01-02 20:33:00,2026-01-02 22:46:00,2026-01-03 00:30:00,13.001134,77.599533,Cheating reported in Bengaluru Urban; registered at Bengaluru Urban Police Station 09. Synthetic demonstration record.
1292,100081072202200001,202200001,2022-01-03,5073,1072,1,2,2,7,5,7008,2022-01-01 01:53:00,2022-01-01 04:11:00,2022-01-01 06:05:00,13.435946,77.746133,House Theft reported in Chikkaballapur; registered at Chikkaballapur Police Station 02. Synthetic demonstration record.
1293,400051042202200001,202200001,2022-08-31,5300,1042,3,2,2,5,1,7005,2022-08-29 00:32:00,2022-08-29 01:57:00,2022-08-29 02:51:00,12.995744,77.562214,Burglary reported in Bengaluru Urban; registered at Bengaluru Urban Police Station 02. Synthetic demonstration record.
1294,100051048202600002,202600002,2026-02-16,5137,1048,1,2,4,12,2,7005,2026-02-14 21:55:00,2026-02-14 23:10:00,2026-02-14 23:31:00,12.913046,77.617387,Identity Theft reported in Bengaluru Urban; registered at Bengaluru Urban Police Station 08. Synthetic demonstration record.
1295,100201193202200003,202200003,2022-11-18,5012,1193,1,2,3,8,1,7020,2022-11-16 12:15:00,2022-11-16 14:10:00,2022-11-16 14:47:00,15.353702,76.182758,Domestic Violence reported in Koppal; registered at Koppal Police Station 03. Synthetic demonstration record.
1296,100131122202400002,202400002,2024-11-19,5153,1122,1,1,2,4,3,7013,2024-11-19 20:24:00,2024-11-19 23:23:00,2024-11-20 00:08:00,15.426675,74.996783,Robbery reported in Dharwad; registered at Dharwad Police Station 02. Synthetic demonstration record.
1297,100161157202400001,202400001,2024-05-03,5462,1157,1,2,3,8,1,7016,2024-05-02 14:56:00,2024-05-02 15:11:00,2024-05-02 15:43:00,14.812153,75.367649,Domestic Violence reported in Haveri; registered at Haveri Police Station 07. Synthetic demonstration record.
1298,100281276202400003,202400003,2024-12-13,5227,1276,1,2,7,18,1,7028,2024-12-13 16:10:00,2024-12-13 17:24:00,2024-12-13 18:53:00,14.829364,74.160172,Cheating reported in Uttara Kannada; registered at Uttara Kannada Police Station 06. Synthetic demonstration record.
1299,100021013202300001,202300001,2023-04-25,5308,1013,1,1,1,1,3,7002,2023-04-23 08:19:00,2023-04-23 10:12:00,2023-04-23 12:04:00,15.095929,76.978771,Murder reported in Ballari; registered at Ballari Police Station 03. Synthetic demonstration record.
1300,100061052202600001,202600001,2026-04-15,5001,1052,1,2,2,7,1,7006,2026-04-13 23:52:00,2026-04-14 00:59:00,2026-04-14 02:37:00,17.900446,77.515082,House Theft reported in Bidar; registered at Bidar Police Station 02. Synthetic demonstration record.
1301,100051046202500003,202500003,2025-01-13,5057,1046,1,2,4,12,2,7005,2025-01-11 19:37:00,2025-01-11 21:18:00,2025-01-11 21:47:00,12.961813,77.646551,Identity Theft reported in Bengaluru Urban; registered at Bengaluru Urban Police Station 06. Synthetic demonstration record.
1302,100221214202200002,202200002,2022-10-14,5373,1214,1,2,1,3,2,7022,2022-10-14 00:06:00,2022-10-14 00:44:00,2022-10-14 02:24:00,12.294814,76.671076,Assault reported in Mysuru; registered at Mysuru Police Station 04. Synthetic demonstration record.
1303,100061060202200001,202200001,2022-08-03,5164,1060,1,2,4,11,3,7006,2022-08-03 21:27:00,2022-08-03 23:07:00,2022-08-03 23:24:00,17.908081,77.54116,Online Fraud reported in Bidar; registered at Bidar Police Station 10. Synthetic demonstration record.
1304,100211208202400001,202400001,2024-12-07,5490,1208,1,2,7,18,2,7021,2024-12-05 19:41:00,2024-12-05 20:45:00,2024-12-05 21:46:00,12.542844,76.927533,Cheating reported in Mandya; registered at Mandya Police Station 08. Synthetic demonstration record.
1305,100141137202400003,202400003,2024-01-14,5445,1137,1,2,4,13,1,7014,2024-01-12 16:16:00,2024-01-12 17:22:00,2024-01-12 18:55:00,15.395185,75.670898,Cyber Stalking reported in Gadag; registered at Gadag Police Station 07. Synthetic demonstration record.
1306,100231230202300003,202300003,2023-11-21,5499,1230,1,2,4,12,5,7023,2023-11-19 13:17:00,2023-11-19 15:00:00,2023-11-19 16:35:00,16.26001,77.30739,Identity Theft reported in Raichur; registered at Raichur Police Station 10. Synthetic demonstration record.
1307,100091087202600001,202600001,2026-06-02,5281,1087,1,1,3,10,3,7009,2026-06-02 06:07:00,2026-06-02 06:46:00,2026-06-02 07:43:00,13.318085,75.744347,Kidnapping reported in Chikkamagaluru; registered at Chikkamagaluru Police Station 07. Synthetic demonstration record.
1308,100291287202200003,202200003,2022-08-23,5112,1287,1,2,2,6,2,7029,2022-08-22 19:56:00,2022-08-22 21:59:00,2022-08-22 22:31:00,16.828846,75.776369,Vehicle Theft reported in Vijayapura; registered at Vijayapura Police Station 07. Synthetic demonstration record.
1309,100241235202400001,202400001,2024-05-17,5595,1235,1,2,4,11,3,7024,2024-05-17 16:39:00,2024-05-17 18:07:00,2024-05-17 19:12:00,12.70487,77.289431,Online Fraud reported in Ramanagara; registered at Ramanagara Police Station 05. Synthetic demonstration record.
1310,800091082202400001,202400001,2024-02-17,5515,1082,4,2,4,13,1,7009,2024-02-15 18:09:00,2024-02-15 19:30:00,2024-02-15 19:46:00,13.373896,75.734113,Cyber Stalking reported in Chikkamagaluru; registered at Chikkamagaluru Police Station 02. Synthetic demonstration record.
1311,100261252202200004,202200004,2022-01-30,5330,1252,1,2,8,20,1,7026,2022-01-29 13:39:00,2022-01-29 14:49:00,2022-01-29 16:13:00,13.370535,77.123673,Hit and Run reported in Tumakuru; registered at Tumakuru Police Station 02. Synthetic demonstration record.
1312,100281271202300002,202300002,2023-10-11,5140,1271,1,2,4,12,3,7028,2023-10-09 10:03:00,2023-10-09 11:53:00,2023-10-09 12:17:00,14.797252,74.148005,Identity Theft reported in Uttara Kannada; registered at Uttara Kannada Police Station 01. Synthetic demonstration record.
1313,100101097202500001,202500001,2025-07-17,5171,1097,1,2,4,11,2,7010,2025-07-15 14:05:00,2025-07-15 15:31:00,2025-07-15 17:25:00,14.200313,76.412812,Online Fraud reported in Chitradurga; registered at Chitradurga Police Station 07. Synthetic demonstration record.
1314,100111103202500002,202500002,2025-08-03,5538,1103,1,2,4,11,2,7011,2025-08-03 17:07:00,2025-08-03 18:13:00,2025-08-03 19:53:00,12.847516,74.906183,Online Fraud reported in Dakshina Kannada; registered at Dakshina Kannada Police Station 03. Synthetic demonstration record.
1315,100181171202300002,202300002,2023-07-07,5579,1171,1,1,5,15,1,7018,2023-07-06 17:55:00,2023-07-06 20:00:00,2023-07-06 21:44:00,12.316929,75.82438,Drug Trafficking reported in Kodagu; registered at Kodagu Police Station 01. Synthetic demonstration record.
1316,100071061202400002,202400002,2024-02-01,5238,1061,1,2,1,3,2,7007,2024-02-01 23:49:00,2024-02-02 01:37:00,2024-02-02 01:47:00,11.941351,76.95601,Assault reported in Chamarajanagar; registered at Chamarajanagar Police Station 01. Synthetic demonstration record.
1317,100051048202200003,202200003,2022-06-01,5534,1048,1,1,2,4,2,7005,2022-06-01 20:50:00,2022-06-01 22:10:00,2022-06-01 22:44:00,12.981347,77.665646,Robbery reported in Bengaluru Urban; registered at Bengaluru Urban Police Station 08. Synthetic demonstration record.
1318,100241237202500001,202500001,2025-09-15,5599,1237,1,2,4,11,3,7024,2025-09-14 17:49:00,2025-09-14 19:55:00,2025-09-14 20:17:00,12.732488,77.274644,Online Fraud reported in Ramanagara; registered at Ramanagara Police Station 07. Synthetic demonstration record.
1319,300111108202500001,202500001,2025-02-05,5555,1108,2,1,2,4,1,7011,2025-02-04 21:49:00,2025-02-04 22:02:00,2025-02-05 00:01:00,12.87557,74.850578,Robbery reported in Dakshina Kannada; registered at Dakshina Kannada Police Station 08. Synthetic demonstration record.
1320,100091086202400001,202400001,2024-08-20,5198,1086,1,1,5,15,2,7009,2024-08-18 23:31:00,2024-08-19 00:46:00,2024-08-19 02:27:00,13.320816,75.755902,Drug Trafficking reported in Chikkamagaluru; registered at Chikkamagaluru Police Station 06. Synthetic demonstration record.
1321,100231222202200001,202200001,2022-03-06,5181,1222,1,2,6,16,3,7023,2022-03-06 10:32:00,2022-03-06 12:27:00,2022-03-06 14:10:00,16.214855,77.39451,Rioting reported in Raichur; registered at Raichur Police Station 02. Synthetic demonstration record.
1322,100071068202200001,202200001,2022-10-28,5393,1068,1,2,5,14,3,7007,2022-10-26 00:03:00,2022-10-26 00:59:00,2022-10-26 02:49:00,11.962691,76.985129,NDPS Possession reported in Chamarajanagar; registered at Chamarajanagar Police Station 08. Synthetic demonstration record.
1323,100291281202500001,202500001,2025-06-17,5055,1281,1,2,2,7,2,7029,2025-06-17 00:26:00,2025-06-17 02:02:00,2025-06-17 02:34:00,16.857955,75.707182,House Theft reported in Vijayapura; registered at Vijayapura Police Station 01. Synthetic demonstration record.
1324,100161151202500001,202500001,2025-02-16,5454,1151,1,2,6,16,2,7016,2025-02-15 05:28:00,2025-02-15 08:27:00,2025-02-15 09:33:00,14.778352,75.391102,Rioting reported in Haveri; registered at Haveri Police Station 01. Synthetic demonstration record.
1325,100051050202300005,202300005,2023-08-13,5125,1050,1,2,6,16,4,7005,2023-08-13 17:08:00,2023-08-13 17:36:00,2023-08-13 18:06:00,12.95569,77.614839,Rioting reported in Bengaluru Urban; registered at Bengaluru Urban Police Station 10. Synthetic demonstration record.
1326,800051048202300001,202300001,2023-12-15,5183,1048,4,2,7,18,5,7005,2023-12-15 15:48:00,2023-12-15 16:29:00,2023-12-15 17:01:00,12.965499,77.605269,Cheating reported in Bengaluru Urban; registered at Bengaluru Urban Police Station 08. Synthetic demonstration record.
1327,100141140202400002,202400002,2024-08-02,5079,1140,1,2,2,6,2,7014,2024-07-31 19:03:00,2024-07-31 21:43:00,2024-07-31 22:38:00,15.41955,75.653927,Vehicle Theft reported in Gadag; registered at Gadag Police Station 10. Synthetic demonstration record.
1328,100261254202200001,202200001,2022-10-08,5288,1254,1,2,3,8,5,7026,2022-10-08 08:50:00,2022-10-08 10:33:00,2022-10-08 12:24:00,13.362938,77.075956,Domestic Violence reported in Tumakuru; registered at Tumakuru Police Station 04. Synthetic demonstration record.
1329,100311304202500001,202500001,2025-08-07,5232,1304,1,1,5,15,2,7031,2025-08-05 23:48:00,2025-08-06 00:19:00,2025-08-06 01:30:00,15.314985,76.502532,Drug Trafficking reported in Vijayanagara; registered at Vijayanagara Police Station 04. Synthetic demonstration record.
1330,100141136202200001,202200001,2022-10-05,5337,1136,1,2,1,3,3,7014,2022-10-05 23:21:00,2022-10-06 00:19:00,2022-10-06 00:35:00,15.393864,75.63178,Assault reported in Gadag; registered at Gadag Police Station 06. Synthetic demonstration record.
1331,100011004202300003,202300003,2023-02-17,5546,1004,1,2,4,11,1,7001,2023-02-15 11:53:00,2023-02-15 14:17:00,2023-02-15 15:13:00,16.194431,75.732144,Online Fraud reported in Bagalkot; registered at Bagalkot Police Station 04. Synthetic demonstration record.
1332,100051050202400005,202400005,2024-12-23,5450,1050,1,2,4,13,2,7005,2024-12-22 10:16:00,2024-12-22 11:00:00,2024-12-22 12:16:00,12.943152,77.60702,Cyber Stalking reported in Bengaluru Urban; registered at Bengaluru Urban Police Station 10. Synthetic demonstration record.
1333,100011008202200003,202200003,2022-01-07,5274,1008,1,2,2,6,1,7001,2022-01-07 18:18:00,2022-01-07 20:00:00,2022-01-07 20:16:00,16.222889,75.656236,Vehicle Theft reported in Bagalkot; registered at Bagalkot Police Station 08. Synthetic demonstration record.
1334,100051047202300005,202300005,2023-03-28,5527,1047,1,2,4,11,1,7005,2023-03-28 21:50:00,2023-03-29 00:00:00,2023-03-29 00:53:00,12.968666,77.597614,Online Fraud reported in Bengaluru Urban; registered at Bengaluru Urban Police Station 07. Synthetic demonstration record.
1335,100261252202400003,202400003,2024-02-04,5330,1252,1,2,8,20,3,7026,2024-02-02 09:36:00,2024-02-02 10:54:00,2024-02-02 12:14:00,13.356461,77.070239,Hit and Run reported in Tumakuru; registered at Tumakuru Police Station 02. Synthetic demonstration record.
1336,100041035202500003,202500003,2025-02-24,5525,1035,1,2,2,7,2,7004,2025-02-23 00:54:00,2025-02-23 03:41:00,2025-02-23 05:14:00,13.324722,77.753611,House Theft reported in Bengaluru Rural; registered at Bengaluru Rural Police Station 05. Synthetic demonstration record.
1337,100241231202500001,202500001,2025-07-19,5212,1231,1,2,7,18,2,7024,2025-07-18 17:09:00,2025-07-18 18:26:00,2025-07-18 20:00:00,12.70065,77.298045,Cheating reported in Ramanagara; registered at Ramanagara Police Station 01. Synthetic demonstration record.
1338,100291287202200004,202200004,2022-04-29,5112,1287,1,2,4,11,3,7029,2022-04-28 10:17:00,2022-04-28 11:15:00,2022-04-28 12:58:00,16.856855,75.728368,Online Fraud reported in Vijayapura; registered at Vijayapura Police Station 07. Synthetic demonstration record.
1339,100291281202300001,202300001,2023-08-03,5497,1281,1,1,3,10,3,7029,2023-08-03 09:38:00,2023-08-03 12:30:00,2023-08-03 13:40:00,16.809297,75.719232,Kidnapping reported in Vijayapura; registered at Vijayapura Police Station 01. Synthetic demonstration record.
1340,100271262202600003,202600003,2026-01-23,5045,1262,1,2,4,13,1,7027,2026-01-21 18:44:00,2026-01-21 19:04:00,2026-01-21 20:27:00,13.297448,74.792446,Cyber Stalking reported in Udupi; registered at Udupi Police Station 02. Synthetic demonstration record.
1341,100211207202500003,202500003,2025-09-16,5298,1207,1,2,2,7,2,7021,2025-09-16 00:27:00,2025-09-16 01:50:00,2025-09-16 03:16:00,12.531242,76.907596,House Theft reported in Mandya; registered at Mandya Police Station 07. Synthetic demonstration record.
1342,100021018202200002,202200002,2022-07-25,5233,1018,1,2,1,3,4,7002,2022-07-25 18:29:00,2022-07-25 18:41:00,2022-07-25 19:17:00,15.11042,76.914744,Assault reported in Ballari; registered at Ballari Police Station 08. Synthetic demonstration record.
1343,400101100202200001,202200001,2022-03-23,5266,1100,3,2,4,11,1,7010,2022-03-21 21:32:00,2022-03-21 23:13:00,2022-03-22 00:13:00,14.226153,76.406514,Online Fraud reported in Chitradurga; registered at Chitradurga Police Station 10. Synthetic demonstration record.
1344,100051050202200002,202200002,2022-04-06,5125,1050,1,2,4,11,1,7005,2022-04-06 09:00:00,2022-04-06 09:31:00,2022-04-06 10:35:00,12.955299,77.615055,Online Fraud reported in Bengaluru Urban; registered at Bengaluru Urban Police Station 10. Synthetic demonstration record.
1345,100041033202500001,202500001,2025-05-18,5110,1033,1,1,3,10,2,7004,2025-05-17 07:26:00,2025-05-17 08:28:00,2025-05-17 08:44:00,13.277988,77.744093,Kidnapping reported in Bengaluru Rural; registered at Bengaluru Rural Police Station 03. Synthetic demonstration record.
1346,100181173202500003,202500003,2025-08-21,5219,1173,1,2,7,19,2,7018,2025-08-20 11:46:00,2025-08-20 13:41:00,2025-08-20 14:29:00,12.31616,75.860751,Forgery reported in Kodagu; registered at Kodagu Police Station 03. Synthetic demonstration record.
1347,100151147202200002,202200002,2022-01-11,5160,1147,1,2,5,14,1,7015,2022-01-09 19:27:00,2022-01-09 21:25:00,2022-01-09 23:07:00,13.000711,76.046395,NDPS Possession reported in Hassan; registered at Hassan Police Station 07. Synthetic demonstration record.
1348,400071064202200001,202200001,2022-05-17,5553,1064,3,2,6,16,2,7007,2022-05-17 23:07:00,2022-05-17 23:59:00,2022-05-18 00:10:00,11.959134,76.98456,Rioting reported in Chamarajanagar; registered at Chamarajanagar Police Station 04. Synthetic demonstration record.
1349,100131128202600002,202600002,2026-06-22,5130,1128,1,2,7,18,1,7013,2026-06-20 11:08:00,2026-06-20 12:36:00,2026-06-20 14:10:00,15.495005,75.031838,Cheating reported in Dharwad; registered at Dharwad Police Station 08. Synthetic demonstration record.
1350,100191186202500001,202500001,2025-03-05,5486,1186,1,2,4,11,2,7019,2025-03-03 09:48:00,2025-03-03 10:02:00,2025-03-03 10:51:00,13.167465,78.135201,Online Fraud reported in Kolar; registered at Kolar Police Station 06. Synthetic demonstration record.
1351,100251249202300002,202300002,2023-03-26,5280,1249,1,1,1,1,1,7025,2023-03-25 08:42:00,2023-03-25 10:18:00,2023-03-25 12:14:00,13.913475,75.638215,Murder reported in Shivamogga; registered at Shivamogga Police Station 09. Synthetic demonstration record.
1352,100231222202400001,202400001,2024-11-05,5181,1222,1,2,2,5,1,7023,2024-11-05 03:23:00,2024-11-05 05:17:00,2024-11-05 05:31:00,16.244714,77.315365,Burglary reported in Raichur; registered at Raichur Police Station 02. Synthetic demonstration record.
1353,100261258202500001,202500001,2025-11-27,5015,1258,1,2,7,18,2,7026,2025-11-26 10:03:00,2025-11-26 11:06:00,2025-11-26 11:33:00,13.395514,77.060546,Cheating reported in Tumakuru; registered at Tumakuru Police Station 08. Synthetic demonstration record.
1354,100031029202200002,202200002,2022-08-27,5543,1029,1,2,2,6,3,7003,2022-08-25 19:02:00,2022-08-25 21:54:00,2022-08-25 23:51:00,15.788588,74.550349,Vehicle Theft reported in Belagavi; registered at Belagavi Police Station 09. Synthetic demonstration record.
1355,100281274202200001,202200001,2022-02-05,5384,1274,1,2,6,16,3,7028,2022-02-03 00:54:00,2022-02-03 01:22:00,2022-02-03 02:36:00,14.779585,74.139454,Rioting reported in Uttara Kannada; registered at Uttara Kannada Police Station 04. Synthetic demonstration record.
1356,300311302202200001,202200001,2022-08-05,5188,1302,2,1,2,4,2,7031,2022-08-04 18:34:00,2022-08-04 20:55:00,2022-08-04 22:37:00,15.35161,76.479679,Robbery reported in Vijayanagara; registered at Vijayanagara Police Station 02. Synthetic demonstration record.
1357,100251248202200004,202200004,2022-04-21,5229,1248,1,2,4,13,3,7025,2022-04-20 09:41:00,2022-04-20 12:17:00,2022-04-20 13:04:00,13.956297,75.557719,Cyber Stalking reported in Shivamogga; registered at Shivamogga Police Station 08. Synthetic demonstration record.
1358,100151141202600001,202600001,2026-01-01,5137,1141,1,1,5,15,1,7015,2025-12-31 12:52:00,2025-12-31 14:16:00,2025-12-31 15:52:00,12.965383,76.148976,Drug Trafficking reported in Hassan; registered at Hassan Police Station 01. Synthetic demonstration record.
1359,100051043202400006,202400006,2024-10-18,5343,1043,1,2,2,7,5,7005,2024-10-16 03:49:00,2024-10-16 06:49:00,2024-10-16 07:06:00,12.960023,77.624765,House Theft reported in Bengaluru Urban; registered at Bengaluru Urban Police Station 03. Synthetic demonstration record.
1360,100261255202200003,202200003,2022-06-18,5008,1255,1,2,7,18,1,7026,2022-06-18 15:51:00,2022-06-18 18:47:00,2022-06-18 20:19:00,13.352066,77.070092,Cheating reported in Tumakuru; registered at Tumakuru Police Station 05. Synthetic demonstration record.
1361,100231225202500001,202500001,2025-05-16,5511,1225,1,2,3,8,2,7023,2025-05-15 19:08:00,2025-05-15 20:29:00,2025-05-15 21:05:00,16.201316,77.376189,Domestic Violence reported in Raichur; registered at Raichur Police Station 05. Synthetic demonstration record.
1362,100061059202200001,202200001,2022-11-18,5014,1059,1,2,1,3,2,7006,2022-11-17 12:41:00,2022-11-17 14:07:00,2022-11-17 15:57:00,17.90175,77.520187,Assault reported in Bidar; registered at Bidar Police Station 09. Synthetic demonstration record.
1363,100051050202200003,202200003,2022-03-14,5450,1050,1,2,8,20,1,7005,2022-03-12 10:19:00,2022-03-12 11:18:00,2022-03-12 11:39:00,12.969721,77.595974,Hit and Run reported in Bengaluru Urban; registered at Bengaluru Urban Police Station 10. Synthetic demonstration record.
1364,100281276202600001,202600001,2026-03-29,5227,1276,1,2,2,6,1,7028,2026-03-29 21:09:00,2026-03-29 21:42:00,2026-03-29 23:26:00,14.824732,74.16804,Vehicle Theft reported in Uttara Kannada; registered at Uttara Kannada Police Station 06. Synthetic demonstration record.
1365,100051050202200004,202200004,2022-07-09,5303,1050,1,2,7,19,4,7005,2022-07-07 10:51:00,2022-07-07 12:02:00,2022-07-07 13:32:00,12.958017,77.620779,Forgery reported in Bengaluru Urban; registered at Bengaluru Urban Police Station 10. Synthetic demonstration record.
1366,100161158202600001,202600001,2026-07-23,5171,1158,1,2,7,18,3,7016,2026-07-21 11:40:00,2026-07-21 14:22:00,2026-07-21 14:54:00,14.755897,75.418368,Cheating reported in Haveri; registered at Haveri Police Station 08. Synthetic demonstration record.
1367,400301295202200001,202200001,2022-10-19,5180,1295,3,2,8,20,5,7030,2022-10-18 08:07:00,2022-10-18 08:55:00,2022-10-18 10:34:00,16.740091,77.146916,Hit and Run reported in Yadgir; registered at Yadgir Police Station 05. Synthetic demonstration record.
1368,100091081202200002,202200002,2022-11-24,5509,1081,1,2,1,3,4,7009,2022-11-23 12:37:00,2022-11-23 13:06:00,2022-11-23 15:04:00,13.35289,75.834362,Assault reported in Chikkamagaluru; registered at Chikkamagaluru Police Station 01. Synthetic demonstration record.
1369,100221218202300003,202300003,2023-01-15,5011,1218,1,2,2,5,3,7022,2023-01-13 23:40:00,2023-01-14 02:31:00,2023-01-14 03:29:00,12.297538,76.653798,Burglary reported in Mysuru; registered at Mysuru Police Station 08. Synthetic demonstration record.
1370,100221217202500002,202500002,2025-07-21,5051,1217,1,2,3,9,1,7022,2025-07-21 17:22:00,2025-07-21 19:07:00,2025-07-21 19:33:00,12.318828,76.669922,Sexual Harassment reported in Mysuru; registered at Mysuru Police Station 07. Synthetic demonstration record.
1371,400051050202400001,202400001,2024-12-08,5303,1050,3,2,4,13,1,7005,2024-12-06 20:15:00,2024-12-06 22:27:00,2024-12-07 00:25:00,12.978308,77.623374,Cyber Stalking reported in Bengaluru Urban; registered at Bengaluru Urban Police Station 10. Synthetic demonstration record.
1372,100011004202200001,202200001,2022-03-26,5478,1004,1,2,2,7,2,7001,2022-03-24 22:55:00,2022-03-24 23:31:00,2022-03-25 00:45:00,16.167247,75.72577,House Theft reported in Bagalkot; registered at Bagalkot Police Station 04. Synthetic demonstration record.
1373,100061052202400002,202400002,2024-11-03,5152,1052,1,2,3,9,2,7006,2024-11-03 19:16:00,2024-11-03 21:45:00,2024-11-03 22:04:00,17.949466,77.494989,Sexual Harassment reported in Bidar; registered at Bidar Police Station 02. Synthetic demonstration record.
1374,100311307202300002,202300002,2023-12-11,5256,1307,1,2,3,8,4,7031,2023-12-09 13:44:00,2023-12-09 14:04:00,2023-12-09 15:21:00,15.365579,76.423818,Domestic Violence reported in Vijayanagara; registered at Vijayanagara Police Station 07. Synthetic demonstration record.
1375,100221217202500003,202500003,2025-07-26,5461,1217,1,2,4,11,2,7022,2025-07-24 21:56:00,2025-07-24 22:14:00,2025-07-24 23:09:00,12.305321,76.660125,Online Fraud reported in Mysuru; registered at Mysuru Police Station 07. Synthetic demonstration record.
1376,100111101202200004,202200004,2022-08-26,5470,1101,1,2,3,9,3,7011,2022-08-26 21:34:00,2022-08-26 21:54:00,2022-08-26 23:08:00,12.929319,74.927955,Sexual Harassment reported in Dakshina Kannada; registered at Dakshina Kannada Police Station 01. Synthetic demonstration record.
1377,100161158202200002,202200002,2022-03-13,5072,1158,1,2,7,18,2,7016,2022-03-12 21:42:00,2022-03-12 23:45:00,2022-03-13 01:35:00,14.853411,75.365467,Cheating reported in Haveri; registered at Haveri Police Station 08. Synthetic demonstration record.
1378,100221214202200003,202200003,2022-04-30,5373,1214,1,2,3,8,1,7022,2022-04-29 05:02:00,2022-04-29 07:35:00,2022-04-29 09:24:00,12.285525,76.642766,Domestic Violence reported in Mysuru; registered at Mysuru Police Station 04. Synthetic demonstration record.
1379,800081080202500001,202500001,2025-08-02,5407,1080,4,2,8,20,1,7008,2025-08-01 14:01:00,2025-08-01 15:10:00,2025-08-01 16:54:00,13.377349,77.755183,Hit and Run reported in Chikkaballapur; registered at Chikkaballapur Police Station 10. Synthetic demonstration record.
1380,100061055202400001,202400001,2024-12-16,5536,1055,1,2,2,5,2,7006,2024-12-16 01:21:00,2024-12-16 01:52:00,2024-12-16 03:03:00,17.92414,77.536876,Burglary reported in Bidar; registered at Bidar Police Station 05. Synthetic demonstration record.
1381,100281272202300001,202300001,2023-01-01,5277,1272,1,2,1,3,5,7028,2022-12-30 19:18:00,2022-12-30 20:48:00,2022-12-30 21:24:00,14.813632,74.169052,Assault reported in Uttara Kannada; registered at Uttara Kannada Police Station 02. Synthetic demonstration record.
1382,100051042202300009,202300009,2023-09-16,5300,1042,1,2,4,12,2,7005,2023-09-15 11:48:00,2023-09-15 13:18:00,2023-09-15 14:24:00,12.918986,77.652786,Identity Theft reported in Bengaluru Urban; registered at Bengaluru Urban Police Station 02. Synthetic demonstration record.
1383,100281273202400001,202400001,2024-06-29,5249,1273,1,1,3,10,3,7028,2024-06-29 09:50:00,2024-06-29 10:48:00,2024-06-29 11:41:00,14.845194,74.147181,Kidnapping reported in Uttara Kannada; registered at Uttara Kannada Police Station 03. Synthetic demonstration record.
1384,100071063202200002,202200002,2022-11-01,5407,1063,1,2,6,17,1,7007,2022-10-31 01:18:00,2022-10-31 03:26:00,2022-10-31 03:44:00,11.907259,76.972822,Unlawful Assembly reported in Chamarajanagar; registered at Chamarajanagar Police Station 03. Synthetic demonstration record.
1385,100041039202600001,202600001,2026-06-18,5442,1039,1,2,4,12,2,7004,2026-06-16 15:30:00,2026-06-16 16:39:00,2026-06-16 17:10:00,13.229996,77.743045,Identity Theft reported in Bengaluru Rural; registered at Bengaluru Rural Police Station 09. Synthetic demonstration record.
1386,100181180202300001,202300001,2023-07-09,5155,1180,1,2,2,6,1,7018,2023-07-09 21:10:00,2023-07-09 22:10:00,2023-07-09 23:19:00,12.374905,75.786369,Vehicle Theft reported in Kodagu; registered at Kodagu Police Station 10. Synthetic demonstration record.
1387,100031029202500002,202500002,2025-03-27,5543,1029,1,2,4,12,4,7003,2025-03-27 12:19:00,2025-03-27 14:17:00,2025-03-27 14:38:00,15.893945,74.534022,Identity Theft reported in Belagavi; registered at Belagavi Police Station 09. Synthetic demonstration record.
1388,100151141202200003,202200003,2022-09-16,5228,1141,1,1,2,4,3,7015,2022-09-15 18:24:00,2022-09-15 20:21:00,2022-09-15 20:46:00,13.032447,76.108461,Robbery reported in Hassan; registered at Hassan Police Station 01. Synthetic demonstration record.
1389,100161153202200001,202200001,2022-01-24,5426,1153,1,2,8,20,4,7016,2022-01-24 09:30:00,2022-01-24 10:21:00,2022-01-24 10:31:00,14.822218,75.36174,Hit and Run reported in Haveri; registered at Haveri Police Station 03. Synthetic demonstration record.
1390,100121114202500002,202500002,2025-12-28,5524,1114,1,2,3,8,1,7012,2025-12-28 21:25:00,2025-12-28 21:58:00,2025-12-28 22:51:00,14.437462,75.955783,Domestic Violence reported in Davanagere; registered at Davanagere Police Station 04. Synthetic demonstration record.
1391,100261252202200005,202200005,2022-05-15,5330,1252,1,2,4,11,2,7026,2022-05-13 15:06:00,2022-05-13 16:08:00,2022-05-13 16:40:00,13.30008,77.151881,Online Fraud reported in Tumakuru; registered at Tumakuru Police Station 02. Synthetic demonstration record.
1392,100031030202300002,202300002,2023-10-09,5071,1030,1,2,2,5,3,7003,2023-10-07 01:45:00,2023-10-07 02:17:00,2023-10-07 04:11:00,15.864597,74.446141,Burglary reported in Belagavi; registered at Belagavi Police Station 10. Synthetic demonstration record.
1393,100131125202200001,202200001,2022-09-13,5379,1125,1,2,2,7,1,7013,2022-09-11 23:43:00,2022-09-12 01:14:00,2022-09-12 02:17:00,15.458413,75.001041,House Theft reported in Dharwad; registered at Dharwad Police Station 05. Synthetic demonstration record.
1394,100131122202600001,202600001,2026-03-13,5153,1122,1,2,7,19,1,7013,2026-03-11 15:34:00,2026-03-11 16:32:00,2026-03-11 17:22:00,15.437034,75.029233,Forgery reported in Dharwad; registered at Dharwad Police Station 02. Synthetic demonstration record.
1395,100071069202500002,202500002,2025-03-11,5214,1069,1,2,4,11,1,7007,2025-03-10 18:57:00,2025-03-10 20:34:00,2025-03-10 21:31:00,11.899223,76.955308,Online Fraud reported in Chamarajanagar; registered at Chamarajanagar Police Station 09. Synthetic demonstration record.
1396,100161158202600002,202600002,2026-07-05,5150,1158,1,2,4,11,3,7016,2026-07-05 11:39:00,2026-07-05 13:49:00,2026-07-05 15:00:00,14.819337,75.441981,Online Fraud reported in Haveri; registered at Haveri Police Station 08. Synthetic demonstration record.
1397,100241233202600001,202600001,2026-01-18,5457,1233,1,2,1,3,1,7024,2026-01-17 17:08:00,2026-01-17 17:39:00,2026-01-17 17:48:00,12.750847,77.313551,Assault reported in Ramanagara; registered at Ramanagara Police Station 03. Synthetic demonstration record.
1398,100161159202500002,202500002,2025-12-22,5166,1159,1,2,7,19,1,7016,2025-12-21 16:35:00,2025-12-21 19:19:00,2025-12-21 21:18:00,14.810061,75.407974,Forgery reported in Haveri; registered at Haveri Police Station 09. Synthetic demonstration record.
1399,100031024202300002,202300002,2023-07-04,5032,1024,1,2,7,19,1,7003,2023-07-03 16:11:00,2023-07-03 17:25:00,2023-07-03 18:13:00,15.827187,74.542196,Forgery reported in Belagavi; registered at Belagavi Police Station 04. Synthetic demonstration record.
1400,100131128202400002,202400002,2024-08-18,5517,1128,1,2,2,5,1,7013,2024-08-17 23:41:00,2024-08-18 00:18:00,2024-08-18 01:57:00,15.421815,75.056827,Burglary reported in Dharwad; registered at Dharwad Police Station 08. Synthetic demonstration record.
1401,100231227202600001,202600001,2026-06-22,5287,1227,1,2,4,11,2,7023,2026-06-21 09:12:00,2026-06-21 10:13:00,2026-06-21 11:30:00,16.147349,77.366739,Online Fraud reported in Raichur; registered at Raichur Police Station 07. Synthetic demonstration record.
1402,100141135202200001,202200001,2022-08-21,5055,1135,1,1,2,4,3,7014,2022-08-20 19:32:00,2022-08-20 20:07:00,2022-08-20 21:59:00,15.478414,75.591485,Robbery reported in Gadag; registered at Gadag Police Station 05. Synthetic demonstration record.
1403,100301293202400005,202400005,2024-10-16,5389,1293,1,2,2,5,3,7030,2024-10-15 03:11:00,2024-10-15 05:47:00,2024-10-15 06:21:00,16.785663,77.178577,Burglary reported in Yadgir; registered at Yadgir Police Station 03. Synthetic demonstration record.
1404,100071064202300002,202300002,2023-12-23,5499,1064,1,2,2,7,1,7007,2023-12-22 03:05:00,2023-12-22 04:46:00,2023-12-22 06:03:00,11.969915,76.948894,House Theft reported in Chamarajanagar; registered at Chamarajanagar Police Station 04. Synthetic demonstration record.
1405,100051048202300005,202300005,2023-12-24,5204,1048,1,2,4,11,2,7005,2023-12-23 13:16:00,2023-12-23 13:49:00,2023-12-23 15:45:00,12.927615,77.602167,Online Fraud reported in Bengaluru Urban; registered at Bengaluru Urban Police Station 08. Synthetic demonstration record.
1406,300261254202400001,202400001,2024-09-11,5288,1254,2,2,4,13,3,7026,2024-09-09 17:18:00,2024-09-09 17:45:00,2024-09-09 18:11:00,13.33212,77.069601,Cyber Stalking reported in Tumakuru; registered at Tumakuru Police Station 04. Synthetic demonstration record.
1407,100111107202600002,202600002,2026-06-27,5053,1107,1,2,7,18,1,7011,2026-06-25 12:20:00,2026-06-25 13:07:00,2026-06-25 14:09:00,12.85705,74.869826,Cheating reported in Dakshina Kannada; registered at Dakshina Kannada Police Station 07. Synthetic demonstration record.
1408,100311306202300001,202300001,2023-02-24,5594,1306,1,2,4,11,2,7031,2023-02-22 16:20:00,2023-02-22 19:11:00,2023-02-22 20:18:00,15.362351,76.438095,Online Fraud reported in Vijayanagara; registered at Vijayanagara Police Station 06. Synthetic demonstration record.
1409,100131127202200001,202200001,2022-02-05,5346,1127,1,2,1,3,2,7013,2022-02-03 12:52:00,2022-02-03 13:16:00,2022-02-03 14:50:00,15.427285,74.980448,Assault reported in Dharwad; registered at Dharwad Police Station 07. Synthetic demonstration record.
1410,100221211202400003,202400003,2024-03-08,5489,1211,1,1,2,4,1,7022,2024-03-06 18:48:00,2024-03-06 20:44:00,2024-03-06 22:32:00,12.271596,76.621479,Robbery reported in Mysuru; registered at Mysuru Police Station 01. Synthetic demonstration record.
1411,100051042202600002,202600002,2026-05-26,5300,1042,1,2,4,11,3,7005,2026-05-25 17:24:00,2026-05-25 18:49:00,2026-05-25 20:49:00,12.96305,77.646593,Online Fraud reported in Bengaluru Urban; registered at Bengaluru Urban Police Station 02. Synthetic demonstration record.
1412,100261254202300002,202300002,2023-03-29,5288,1254,1,2,1,3,2,7026,2023-03-28 17:52:00,2023-03-28 20:49:00,2023-03-28 22:32:00,13.336119,77.12691,Assault reported in Tumakuru; registered at Tumakuru Police Station 04. Synthetic demonstration record.
1413,100241233202500002,202500002,2025-07-07,5457,1233,1,2,5,14,1,7024,2025-07-05 20:18:00,2025-07-05 22:28:00,2025-07-05 23:59:00,12.733612,77.303904,NDPS Possession reported in Ramanagara; registered at Ramanagara Police Station 03. Synthetic demonstration record.
1414,100211202202200001,202200001,2022-03-15,5421,1202,1,2,3,8,1,7021,2022-03-15 02:02:00,2022-03-15 04:47:00,2022-03-15 06:16:00,12.455419,76.928953,Domestic Violence reported in Mandya; registered at Mandya Police Station 02. Synthetic demonstration record.
1415,300051048202300001,202300001,2023-09-22,5568,1048,2,2,4,11,5,7005,2023-09-21 15:08:00,2023-09-21 16:18:00,2023-09-21 16:58:00,12.971382,77.635704,Online Fraud reported in Bengaluru Urban; registered at Bengaluru Urban Police Station 08. Synthetic demonstration record.
1416,100301297202500001,202500001,2025-10-04,5296,1297,1,2,3,9,3,7030,2025-10-02 19:03:00,2025-10-02 20:37:00,2025-10-02 21:31:00,16.814358,77.124183,Sexual Harassment reported in Yadgir; registered at Yadgir Police Station 07. Synthetic demonstration record.
1417,100071063202400004,202400004,2024-07-10,5009,1063,1,1,5,15,1,7007,2024-07-10 06:58:00,2024-07-10 08:27:00,2024-07-10 09:47:00,11.946748,76.972836,Drug Trafficking reported in Chamarajanagar; registered at Chamarajanagar Police Station 03. Synthetic demonstration record.
1418,100201199202300002,202300002,2023-01-10,5095,1199,1,2,2,5,1,7020,2023-01-09 23:31:00,2023-01-10 01:38:00,2023-01-10 03:10:00,15.340507,76.135801,Burglary reported in Koppal; registered at Koppal Police Station 09. Synthetic demonstration record.
1419,100051041202600002,202600002,2026-03-13,5311,1041,1,2,7,19,1,7005,2026-03-12 15:41:00,2026-03-12 17:53:00,2026-03-12 18:24:00,12.936857,77.579844,Forgery reported in Bengaluru Urban; registered at Bengaluru Urban Police Station 01. Synthetic demonstration record.
1420,100261255202500002,202500002,2025-06-20,5008,1255,1,1,5,15,2,7026,2025-06-19 16:22:00,2025-06-19 18:45:00,2025-06-19 19:26:00,13.359571,77.100804,Drug Trafficking reported in Tumakuru; registered at Tumakuru Police Station 05. Synthetic demonstration record.
1421,100101094202300002,202300002,2023-01-06,5069,1094,1,2,2,7,2,7010,2023-01-05 01:10:00,2023-01-05 03:33:00,2023-01-05 04:59:00,14.285808,76.387799,House Theft reported in Chitradurga; registered at Chitradurga Police Station 04. Synthetic demonstration record.
1422,100051043202500002,202500002,2025-05-18,5343,1043,1,2,1,3,3,7005,2025-05-16 03:24:00,2025-05-16 06:00:00,2025-05-16 06:13:00,12.912266,77.609935,Assault reported in Bengaluru Urban; registered at Bengaluru Urban Police Station 03. Synthetic demonstration record.
1423,100221220202200001,202200001,2022-06-09,5225,1220,1,2,2,6,1,7022,2022-06-07 18:43:00,2022-06-07 20:13:00,2022-06-07 20:43:00,12.248053,76.678549,Vehicle Theft reported in Mysuru; registered at Mysuru Police Station 10. Synthetic demonstration record.
1424,100221215202500006,202500006,2025-09-13,5563,1215,1,2,2,7,1,7022,2025-09-11 23:47:00,2025-09-12 01:11:00,2025-09-12 03:08:00,12.322334,76.639961,House Theft reported in Mysuru; registered at Mysuru Police Station 05. Synthetic demonstration record.
1425,100081075202200002,202200002,2022-07-29,5154,1075,1,2,3,9,2,7008,2022-07-28 19:05:00,2022-07-28 19:45:00,2022-07-28 20:51:00,13.479679,77.7563,Sexual Harassment reported in Chikkaballapur; registered at Chikkaballapur Police Station 05. Synthetic demonstration record.
1426,100141140202300002,202300002,2023-10-23,5079,1140,1,2,4,12,4,7014,2023-10-23 12:43:00,2023-10-23 14:25:00,2023-10-23 16:01:00,15.460575,75.640207,Identity Theft reported in Gadag; registered at Gadag Police Station 10. Synthetic demonstration record.
1427,100231230202500001,202500001,2025-12-06,5197,1230,1,2,4,12,1,7023,2025-12-05 17:38:00,2025-12-05 20:34:00,2025-12-05 21:01:00,16.232396,77.354575,Identity Theft reported in Raichur; registered at Raichur Police Station 10. Synthetic demonstration record.
1428,100051046202200002,202200002,2022-10-26,5029,1046,1,2,4,11,1,7005,2022-10-25 18:33:00,2022-10-25 19:43:00,2022-10-25 21:35:00,12.915811,77.616292,Online Fraud reported in Bengaluru Urban; registered at Bengaluru Urban Police Station 06. Synthetic demonstration record.
1429,100291282202500004,202500004,2025-12-09,5321,1282,1,2,4,11,1,7029,2025-12-09 13:54:00,2025-12-09 15:58:00,2025-12-09 16:39:00,16.821697,75.773372,Online Fraud reported in Vijayapura; registered at Vijayapura Police Station 02. Synthetic demonstration record.
1430,100161157202200002,202200002,2022-12-04,5462,1157,1,1,3,10,4,7016,2022-12-03 21:25:00,2022-12-03 22:47:00,2022-12-04 00:39:00,14.771349,75.395699,Kidnapping reported in Haveri; registered at Haveri Police Station 07. Synthetic demonstration record.
1431,100051041202400002,202400002,2024-02-11,5311,1041,1,2,5,14,4,7005,2024-02-11 20:26:00,2024-02-11 22:48:00,2024-02-12 00:17:00,13.002631,77.585968,NDPS Possession reported in Bengaluru Urban; registered at Bengaluru Urban Police Station 01. Synthetic demonstration record.
1432,100261253202200001,202200001,2022-06-04,5411,1253,1,2,6,17,3,7026,2022-06-03 17:31:00,2022-06-03 17:59:00,2022-06-03 19:44:00,13.382791,77.128307,Unlawful Assembly reported in Tumakuru; registered at Tumakuru Police Station 03. Synthetic demonstration record.
1433,100071068202500001,202500001,2025-03-18,5174,1068,1,2,1,3,2,7007,2025-03-17 13:04:00,2025-03-17 15:46:00,2025-03-17 16:11:00,11.952148,76.921429,Assault reported in Chamarajanagar; registered at Chamarajanagar Police Station 08. Synthetic demonstration record.
1434,100281272202200001,202200001,2022-07-08,5522,1272,1,2,2,7,5,7028,2022-07-08 03:36:00,2022-07-08 04:30:00,2022-07-08 05:46:00,14.763154,74.196396,House Theft reported in Uttara Kannada; registered at Uttara Kannada Police Station 02. Synthetic demonstration record.
1435,100141132202400001,202400001,2024-02-16,5265,1132,1,2,3,9,1,7014,2024-02-14 17:36:00,2024-02-14 20:11:00,2024-02-14 21:31:00,15.441897,75.640658,Sexual Harassment reported in Gadag; registered at Gadag Police Station 02. Synthetic demonstration record.
1436,800221219202300001,202300001,2023-09-01,5054,1219,4,2,3,8,5,7022,2023-08-30 19:45:00,2023-08-30 20:24:00,2023-08-30 22:21:00,12.234961,76.697006,Domestic Violence reported in Mysuru; registered at Mysuru Police Station 09. Synthetic demonstration record.
1437,100241239202500001,202500001,2025-09-28,5446,1239,1,2,3,8,2,7024,2025-09-28 10:20:00,2025-09-28 12:02:00,2025-09-28 13:57:00,12.736428,77.271876,Domestic Violence reported in Ramanagara; registered at Ramanagara Police Station 09. Synthetic demonstration record.
1438,100111107202500002,202500002,2025-04-12,5503,1107,1,2,4,12,5,7011,2025-04-11 11:19:00,2025-04-11 11:32:00,2025-04-11 11:51:00,12.944528,74.838767,Identity Theft reported in Dakshina Kannada; registered at Dakshina Kannada Police Station 07. Synthetic demonstration record.
1439,800081072202300001,202300001,2023-12-18,5073,1072,4,2,7,18,2,7008,2023-12-16 11:58:00,2023-12-16 12:08:00,2023-12-16 13:26:00,13.465464,77.729449,Cheating reported in Chikkaballapur; registered at Chikkaballapur Police Station 02. Synthetic demonstration record.
1440,100131128202500001,202500001,2025-08-26,5281,1128,1,2,8,20,1,7013,2025-08-26 18:22:00,2025-08-26 19:58:00,2025-08-26 20:50:00,15.494001,74.975711,Hit and Run reported in Dharwad; registered at Dharwad Police Station 08. Synthetic demonstration record.
1441,100141136202300002,202300002,2023-04-04,5316,1136,1,2,2,7,5,7014,2023-04-03 03:48:00,2023-04-03 04:26:00,2023-04-03 06:06:00,15.48691,75.585283,House Theft reported in Gadag; registered at Gadag Police Station 06. Synthetic demonstration record.
1442,100221218202200002,202200002,2022-10-13,5011,1218,1,2,2,5,1,7022,2022-10-11 23:20:00,2022-10-12 02:11:00,2022-10-12 03:24:00,12.227244,76.646952,Burglary reported in Mysuru; registered at Mysuru Police Station 08. Synthetic demonstration record.
1443,100301298202300003,202300003,2023-05-19,5340,1298,1,1,1,2,1,7030,2023-05-18 10:01:00,2023-05-18 11:13:00,2023-05-18 12:44:00,16.713978,77.166786,Attempt to Murder reported in Yadgir; registered at Yadgir Police Station 08. Synthetic demonstration record.
1444,400191187202200001,202200001,2022-06-11,5313,1187,3,2,1,3,2,7019,2022-06-09 01:14:00,2022-06-09 02:06:00,2022-06-09 02:46:00,13.196918,78.118544,Assault reported in Kolar; registered at Kolar Police Station 07. Synthetic demonstration record.
1445,100221213202400002,202400002,2024-09-12,5052,1213,1,2,1,3,2,7022,2024-09-12 14:39:00,2024-09-12 15:40:00,2024-09-12 16:19:00,12.327283,76.612033,Assault reported in Mysuru; registered at Mysuru Police Station 03. Synthetic demonstration record.
1446,100051047202400006,202400006,2024-05-03,5527,1047,1,2,4,11,2,7005,2024-05-01 20:45:00,2024-05-01 23:08:00,2024-05-02 00:05:00,12.98964,77.603086,Online Fraud reported in Bengaluru Urban; registered at Bengaluru Urban Police Station 07. Synthetic demonstration record.
1447,100051050202400006,202400006,2024-09-26,5303,1050,1,2,3,9,1,7005,2024-09-26 20:29:00,2024-09-26 21:02:00,2024-09-26 22:43:00,13.000057,77.567595,Sexual Harassment reported in Bengaluru Urban; registered at Bengaluru Urban Police Station 10. Synthetic demonstration record.
1448,800101094202500001,202500001,2025-02-24,5038,1094,4,2,4,13,5,7010,2025-02-22 11:44:00,2025-02-22 14:16:00,2025-02-22 14:28:00,14.235291,76.369584,Cyber Stalking reported in Chitradurga; registered at Chitradurga Police Station 04. Synthetic demonstration record.
1449,100251244202600001,202600001,2026-06-29,5211,1244,1,2,4,12,3,7025,2026-06-29 13:18:00,2026-06-29 15:34:00,2026-06-29 16:50:00,13.964961,75.595098,Identity Theft reported in Shivamogga; registered at Shivamogga Police Station 04. Synthetic demonstration record.
1450,100011002202200003,202200003,2022-08-15,5027,1002,1,1,5,15,4,7001,2022-08-14 11:28:00,2022-08-14 11:47:00,2022-08-14 12:52:00,16.160635,75.762089,Drug Trafficking reported in Bagalkot; registered at Bagalkot Police Station 02. Synthetic demonstration record.
1451,100041039202300002,202300002,2023-02-11,5513,1039,1,2,8,20,2,7004,2023-02-11 16:24:00,2023-02-11 16:55:00,2023-02-11 18:50:00,13.303961,77.700683,Hit and Run reported in Bengaluru Rural; registered at Bengaluru Rural Police Station 09. Synthetic demonstration record.
1452,800221218202500001,202500001,2025-05-30,5103,1218,4,2,4,13,2,7022,2025-05-29 11:18:00,2025-05-29 12:27:00,2025-05-29 14:09:00,12.31818,76.606203,Cyber Stalking reported in Mysuru; registered at Mysuru Police Station 08. Synthetic demonstration record.
1453,100091083202300002,202300002,2023-05-24,5149,1083,1,2,7,18,3,7009,2023-05-22 11:21:00,2023-05-22 12:13:00,2023-05-22 12:58:00,13.343379,75.760627,Cheating reported in Chikkamagaluru; registered at Chikkamagaluru Police Station 03. Synthetic demonstration record.
1454,100021012202400001,202400001,2024-05-24,5058,1012,1,2,7,19,1,7002,2024-05-22 17:58:00,2024-05-22 18:49:00,2024-05-22 19:13:00,15.109252,76.978489,Forgery reported in Ballari; registered at Ballari Police Station 02. Synthetic demonstration record.
1455,100041040202300001,202300001,2023-01-24,5542,1040,1,2,2,7,1,7004,2023-01-24 23:52:00,2023-01-25 01:32:00,2023-01-25 03:31:00,13.231076,77.754853,House Theft reported in Bengaluru Rural; registered at Bengaluru Rural Police Station 10. Synthetic demonstration record.
1456,100051046202300005,202300005,2023-11-28,5439,1046,1,2,1,3,3,7005,2023-11-28 10:11:00,2023-11-28 12:26:00,2023-11-28 13:41:00,12.95091,77.629249,Assault reported in Bengaluru Urban; registered at Bengaluru Urban Police Station 06. Synthetic demonstration record.
1457,100211204202300001,202300001,2023-12-27,5318,1204,1,1,2,4,2,7021,2023-12-26 19:53:00,2023-12-26 22:39:00,2023-12-26 23:34:00,12.558649,76.915419,Robbery reported in Mandya; registered at Mandya Police Station 04. Synthetic demonstration record.
1458,100091085202600001,202600001,2026-02-21,5283,1085,1,2,4,12,2,7009,2026-02-21 16:31:00,2026-02-21 19:03:00,2026-02-21 19:47:00,13.35601,75.730833,Identity Theft reported in Chikkamagaluru; registered at Chikkamagaluru Police Station 05. Synthetic demonstration record.
1459,100151149202200001,202200001,2022-12-07,5043,1149,1,2,8,20,1,7015,2022-12-05 07:31:00,2022-12-05 08:16:00,2022-12-05 08:28:00,13.032693,76.074494,Hit and Run reported in Hassan; registered at Hassan Police Station 09. Synthetic demonstration record.
1460,100031026202400002,202400002,2024-11-10,5093,1026,1,1,1,1,1,7003,2024-11-10 15:15:00,2024-11-10 17:10:00,2024-11-10 18:36:00,15.820962,74.490387,Murder reported in Belagavi; registered at Belagavi Police Station 06. Synthetic demonstration record.
1461,100251244202600002,202600002,2026-05-22,5168,1244,1,2,7,18,1,7025,2026-05-20 11:59:00,2026-05-20 14:56:00,2026-05-20 16:30:00,13.928341,75.542166,Cheating reported in Shivamogga; registered at Shivamogga Police Station 04. Synthetic demonstration record.
1462,300051043202200001,202200001,2022-02-25,5259,1043,2,2,3,8,1,7005,2022-02-23 17:39:00,2022-02-23 19:12:00,2022-02-23 20:14:00,12.910276,77.616638,Domestic Violence reported in Bengaluru Urban; registered at Bengaluru Urban Police Station 03. Synthetic demonstration record.
1463,100131123202400002,202400002,2024-11-25,5142,1123,1,2,4,11,4,7013,2024-11-23 10:51:00,2024-11-23 11:10:00,2024-11-23 13:08:00,15.486369,75.014783,Online Fraud reported in Dharwad; registered at Dharwad Police Station 03. Synthetic demonstration record.
1464,100051049202400007,202400007,2024-10-20,5561,1049,1,2,4,11,3,7005,2024-10-19 18:59:00,2024-10-19 19:26:00,2024-10-19 21:00:00,12.952694,77.629692,Online Fraud reported in Bengaluru Urban; registered at Bengaluru Urban Police Station 09. Synthetic demonstration record.
1465,100271269202400001,202400001,2024-08-11,5387,1269,1,2,4,11,2,7027,2024-08-10 15:33:00,2024-08-10 16:19:00,2024-08-10 17:32:00,13.384577,74.754035,Online Fraud reported in Udupi; registered at Udupi Police Station 09. Synthetic demonstration record.
1466,100171165202300002,202300002,2023-09-18,5332,1165,1,2,1,3,3,7017,2023-09-17 07:26:00,2023-09-17 10:09:00,2023-09-17 11:10:00,17.325307,76.800414,Assault reported in Kalaburagi; registered at Kalaburagi Police Station 05. Synthetic demonstration record.
1467,100271264202300001,202300001,2023-07-04,5146,1264,1,2,2,5,3,7027,2023-07-04 00:58:00,2023-07-04 02:25:00,2023-07-04 03:58:00,13.372119,74.720266,Burglary reported in Udupi; registered at Udupi Police Station 04. Synthetic demonstration record.
1468,100221212202200003,202200003,2022-01-20,5204,1212,1,2,4,11,5,7022,2022-01-19 17:51:00,2022-01-19 18:40:00,2022-01-19 19:50:00,12.315465,76.628258,Online Fraud reported in Mysuru; registered at Mysuru Police Station 02. Synthetic demonstration record.
1469,100051041202200006,202200006,2022-11-20,5496,1041,1,2,4,11,3,7005,2022-11-20 10:57:00,2022-11-20 12:58:00,2022-11-20 13:38:00,13.026656,77.570652,Online Fraud reported in Bengaluru Urban; registered at Bengaluru Urban Police Station 01. Synthetic demonstration record.
1470,100181175202600002,202600002,2026-03-17,5251,1175,1,2,6,16,2,7018,2026-03-15 15:41:00,2026-03-15 18:26:00,2026-03-15 19:08:00,12.370615,75.783409,Rioting reported in Kodagu; registered at Kodagu Police Station 05. Synthetic demonstration record.
1471,100131127202500001,202500001,2025-03-04,5346,1127,1,1,5,15,2,7013,2025-03-02 08:29:00,2025-03-02 09:56:00,2025-03-02 10:35:00,15.454073,75.037107,Drug Trafficking reported in Dharwad; registered at Dharwad Police Station 07. Synthetic demonstration record.
1472,100271270202200002,202200002,2022-04-14,5468,1270,1,2,4,11,3,7027,2022-04-14 21:33:00,2022-04-14 22:02:00,2022-04-14 23:12:00,13.328017,74.771836,Online Fraud reported in Udupi; registered at Udupi Police Station 10. Synthetic demonstration record.
1473,100061058202400002,202400002,2024-01-30,5262,1058,1,2,5,14,4,7006,2024-01-30 18:43:00,2024-01-30 19:18:00,2024-01-30 21:14:00,17.857609,77.555352,NDPS Possession reported in Bidar; registered at Bidar Police Station 08. Synthetic demonstration record.
1474,400261256202600001,202600001,2026-03-06,5351,1256,3,2,6,16,2,7026,2026-03-05 08:13:00,2026-03-05 09:21:00,2026-03-05 09:54:00,13.305024,77.148266,Rioting reported in Tumakuru; registered at Tumakuru Police Station 06. Synthetic demonstration record.
1475,100011004202200002,202200002,2022-04-05,5263,1004,1,2,2,7,2,7001,2022-04-03 22:36:00,2022-04-04 01:27:00,2022-04-04 02:56:00,16.178945,75.6926,House Theft reported in Bagalkot; registered at Bagalkot Police Station 04. Synthetic demonstration record.
1476,100111101202500001,202500001,2025-03-14,5589,1101,1,2,5,14,2,7011,2025-03-14 09:03:00,2025-03-14 11:29:00,2025-03-14 11:50:00,12.941476,74.88867,NDPS Possession reported in Dakshina Kannada; registered at Dakshina Kannada Police Station 01. Synthetic demonstration record.
1477,100161151202400001,202400001,2024-02-28,5224,1151,1,2,2,5,3,7016,2024-02-26 22:06:00,2024-02-27 00:30:00,2024-02-27 02:05:00,14.81154,75.372415,Burglary reported in Haveri; registered at Haveri Police Station 01. Synthetic demonstration record.
1478,100031026202400003,202400003,2024-12-29,5026,1026,1,2,7,18,3,7003,2024-12-28 21:47:00,2024-12-28 22:20:00,2024-12-28 23:53:00,15.870012,74.502936,Cheating reported in Belagavi; registered at Belagavi Police Station 06. Synthetic demonstration record.
1479,100051047202200004,202200004,2022-09-03,5600,1047,1,2,4,11,1,7005,2022-09-01 14:00:00,2022-09-01 15:39:00,2022-09-01 16:49:00,12.995748,77.66236,Online Fraud reported in Bengaluru Urban; registered at Bengaluru Urban Police Station 07. Synthetic demonstration record.
1480,100131127202200002,202200002,2022-09-21,5346,1127,1,2,1,3,2,7013,2022-09-19 06:07:00,2022-09-19 07:55:00,2022-09-19 09:43:00,15.458918,74.982536,Assault reported in Dharwad; registered at Dharwad Police Station 07. Synthetic demonstration record.
1481,100041032202500001,202500001,2025-03-30,5167,1032,1,2,2,7,2,7004,2025-03-29 01:27:00,2025-03-29 02:38:00,2025-03-29 03:56:00,13.313273,77.667108,House Theft reported in Bengaluru Rural; registered at Bengaluru Rural Police Station 02. Synthetic demonstration record.
1482,100051042202600003,202600003,2026-04-15,5300,1042,1,2,4,11,2,7005,2026-04-15 11:23:00,2026-04-15 14:11:00,2026-04-15 15:39:00,12.9435,77.633228,Online Fraud reported in Bengaluru Urban; registered at Bengaluru Urban Police Station 02. Synthetic demonstration record.
1483,100051048202200004,202200004,2022-11-22,5372,1048,1,2,4,12,3,7005,2022-11-20 18:00:00,2022-11-20 18:27:00,2022-11-20 20:18:00,13.000372,77.553014,Identity Theft reported in Bengaluru Urban; registered at Bengaluru Urban Police Station 08. Synthetic demonstration record.
1484,300031030202500001,202500001,2025-02-19,5459,1030,2,2,2,6,3,7003,2025-02-17 20:56:00,2025-02-17 22:22:00,2025-02-17 23:40:00,15.889348,74.553476,Vehicle Theft reported in Belagavi; registered at Belagavi Police Station 10. Synthetic demonstration record.
1485,300051041202300001,202300001,2023-03-01,5311,1041,2,2,2,7,4,7005,2023-03-01 00:16:00,2023-03-01 02:36:00,2023-03-01 03:54:00,12.961317,77.624053,House Theft reported in Bengaluru Urban; registered at Bengaluru Urban Police Station 01. Synthetic demonstration record.
1486,100211202202200002,202200002,2022-01-17,5421,1202,1,1,2,4,2,7021,2022-01-15 20:57:00,2022-01-15 21:31:00,2022-01-15 22:36:00,12.528131,76.862693,Robbery reported in Mandya; registered at Mandya Police Station 02. Synthetic demonstration record.
1487,100131122202400003,202400003,2024-06-22,5153,1122,1,2,4,11,1,7013,2024-06-22 14:23:00,2024-06-22 15:25:00,2024-06-22 16:01:00,15.4521,74.981181,Online Fraud reported in Dharwad; registered at Dharwad Police Station 02. Synthetic demonstration record.
1488,100021017202400001,202400001,2024-10-02,5199,1017,1,2,1,3,1,7002,2024-09-30 20:21:00,2024-09-30 20:31:00,2024-09-30 21:58:00,15.148967,76.979711,Assault reported in Ballari; registered at Ballari Police Station 07. Synthetic demonstration record.
1489,400141135202500001,202500001,2025-06-30,5131,1135,3,2,1,3,3,7014,2025-06-28 11:30:00,2025-06-28 14:08:00,2025-06-28 14:59:00,15.433171,75.591848,Assault reported in Gadag; registered at Gadag Police Station 05. Synthetic demonstration record.
1490,100131125202500003,202500003,2025-01-18,5379,1125,1,2,2,5,1,7013,2025-01-16 00:30:00,2025-01-16 00:55:00,2025-01-16 01:49:00,15.458332,75.001373,Burglary reported in Dharwad; registered at Dharwad Police Station 05. Synthetic demonstration record.
1491,100251249202300003,202300003,2023-09-06,5280,1249,1,1,5,15,4,7025,2023-09-04 14:36:00,2023-09-04 14:59:00,2023-09-04 15:55:00,13.945303,75.556066,Drug Trafficking reported in Shivamogga; registered at Shivamogga Police Station 09. Synthetic demonstration record.
1492,100051041202400003,202400003,2024-07-18,5496,1041,1,2,1,3,1,7005,2024-07-18 23:02:00,2024-07-19 00:02:00,2024-07-19 00:32:00,12.923364,77.634637,Assault reported in Bengaluru Urban; registered at Bengaluru Urban Police Station 01. Synthetic demonstration record.
1493,100301298202600001,202600001,2026-02-23,5340,1298,1,2,4,11,2,7030,2026-02-22 15:30:00,2026-02-22 17:31:00,2026-02-22 17:56:00,16.767311,77.15472,Online Fraud reported in Yadgir; registered at Yadgir Police Station 08. Synthetic demonstration record.
1494,100301294202400002,202400002,2024-11-30,5252,1294,1,1,2,4,5,7030,2024-11-30 18:41:00,2024-11-30 20:34:00,2024-11-30 21:53:00,16.766021,77.142823,Robbery reported in Yadgir; registered at Yadgir Police Station 04. Synthetic demonstration record.
1495,100021017202300002,202300002,2023-08-13,5296,1017,1,2,4,11,3,7002,2023-08-13 11:15:00,2023-08-13 13:53:00,2023-08-13 15:28:00,15.114054,76.953205,Online Fraud reported in Ballari; registered at Ballari Police Station 07. Synthetic demonstration record.
1496,100051049202200003,202200003,2022-08-20,5561,1049,1,2,2,6,2,7005,2022-08-18 20:46:00,2022-08-18 22:31:00,2022-08-18 23:00:00,12.967654,77.560485,Vehicle Theft reported in Bengaluru Urban; registered at Bengaluru Urban Police Station 09. Synthetic demonstration record.
1497,100221216202300002,202300002,2023-10-30,5554,1216,1,2,3,8,2,7022,2023-10-28 06:33:00,2023-10-28 09:30:00,2023-10-28 10:02:00,12.324618,76.662526,Domestic Violence reported in Mysuru; registered at Mysuru Police Station 06. Synthetic demonstration record.
1498,100011001202200001,202200001,2022-10-27,5091,1001,1,2,4,11,1,7001,2022-10-27 20:42:00,2022-10-27 23:06:00,2022-10-27 23:30:00,16.206518,75.706714,Online Fraud reported in Bagalkot; registered at Bagalkot Police Station 01. Synthetic demonstration record.
1499,100101096202500003,202500003,2025-07-07,5123,1096,1,2,4,11,3,7010,2025-07-05 16:23:00,2025-07-05 17:18:00,2025-07-05 18:34:00,14.25233,76.375328,Online Fraud reported in Chitradurga; registered at Chitradurga Police Station 06. Synthetic demonstration record.
1500,100231230202600001,202600001,2026-05-10,5499,1230,1,2,8,20,1,7023,2026-05-08 22:38:00,2026-05-09 00:39:00,2026-05-09 02:36:00,16.20401,77.368287,Hit and Run reported in Raichur; registered at Raichur Police Station 10. Synthetic demonstration record.
1501,100311301202600001,202600001,2026-02-16,5217,1301,1,2,7,18,1,7031,2026-02-14 18:51:00,2026-02-14 19:39:00,2026-02-14 21:12:00,15.306481,76.431967,Cheating reported in Vijayanagara; registered at Vijayanagara Police Station 01. Synthetic demonstration record.
1502,100031024202600001,202600001,2026-03-26,5032,1024,1,2,4,12,5,7003,2026-03-25 17:22:00,2026-03-25 20:00:00,2026-03-25 20:10:00,15.90194,74.480916,Identity Theft reported in Belagavi; registered at Belagavi Police Station 04. Synthetic demonstration record.
1503,100261255202500003,202500003,2025-12-30,5008,1255,1,1,5,15,2,7026,2025-12-30 09:13:00,2025-12-30 10:31:00,2025-12-30 12:15:00,13.358216,77.104249,Drug Trafficking reported in Tumakuru; registered at Tumakuru Police Station 05. Synthetic demonstration record.
1504,100111104202500003,202500003,2025-02-03,5141,1104,1,2,8,20,5,7011,2025-02-03 00:56:00,2025-02-03 01:19:00,2025-02-03 02:47:00,12.886401,74.882131,Hit and Run reported in Dakshina Kannada; registered at Dakshina Kannada Police Station 04. Synthetic demonstration record.
1505,100241231202500002,202500002,2025-06-23,5135,1231,1,2,4,11,2,7024,2025-06-22 16:04:00,2025-06-22 18:44:00,2025-06-22 19:44:00,12.692298,77.321186,Online Fraud reported in Ramanagara; registered at Ramanagara Police Station 01. Synthetic demonstration record.
1506,800091082202200001,202200001,2022-05-28,5515,1082,4,2,4,12,2,7009,2022-05-27 17:36:00,2022-05-27 19:47:00,2022-05-27 21:01:00,13.303985,75.760603,Identity Theft reported in Chikkamagaluru; registered at Chikkamagaluru Police Station 02. Synthetic demonstration record.
1507,100011010202400002,202400002,2024-01-30,5588,1010,1,2,8,20,3,7001,2024-01-28 05:56:00,2024-01-28 06:14:00,2024-01-28 06:23:00,16.181586,75.645069,Hit and Run reported in Bagalkot; registered at Bagalkot Police Station 10. Synthetic demonstration record.
1508,100201193202500001,202500001,2025-03-05,5012,1193,1,2,2,7,2,7020,2025-03-04 00:59:00,2025-03-04 02:07:00,2025-03-04 03:24:00,15.380487,76.193461,House Theft reported in Koppal; registered at Koppal Police Station 03. Synthetic demonstration record.
1509,100051050202600003,202600003,2026-04-18,5303,1050,1,2,3,9,3,7005,2026-04-18 19:02:00,2026-04-18 20:38:00,2026-04-18 22:00:00,12.941224,77.577114,Sexual Harassment reported in Bengaluru Urban; registered at Bengaluru Urban Police Station 10. Synthetic demonstration record.
1510,100151145202600001,202600001,2026-06-09,5234,1145,1,1,5,15,4,7015,2026-06-08 23:29:00,2026-06-09 00:02:00,2026-06-09 01:20:00,13.034464,76.075147,Drug Trafficking reported in Hassan; registered at Hassan Police Station 05. Synthetic demonstration record.
1511,800111101202300001,202300001,2023-05-13,5589,1101,4,2,4,11,3,7011,2023-05-11 17:29:00,2023-05-11 18:20:00,2023-05-11 18:58:00,12.911196,74.830972,Online Fraud reported in Dakshina Kannada; registered at Dakshina Kannada Police Station 01. Synthetic demonstration record.
1512,100041037202500001,202500001,2025-05-17,5324,1037,1,2,4,11,2,7004,2025-05-16 09:11:00,2025-05-16 09:24:00,2025-05-16 10:41:00,13.220128,77.708705,Online Fraud reported in Bengaluru Rural; registered at Bengaluru Rural Police Station 07. Synthetic demonstration record.
1513,100051045202300004,202300004,2023-01-26,5419,1045,1,2,4,12,1,7005,2023-01-26 20:24:00,2023-01-26 21:45:00,2023-01-26 21:54:00,12.960167,77.596093,Identity Theft reported in Bengaluru Urban; registered at Bengaluru Urban Police Station 05. Synthetic demonstration record.
1514,100281274202300002,202300002,2023-02-16,5361,1274,1,2,1,3,1,7028,2023-02-16 14:29:00,2023-02-16 15:55:00,2023-02-16 16:38:00,14.812929,74.131623,Assault reported in Uttara Kannada; registered at Uttara Kannada Police Station 04. Synthetic demonstration record.
1515,100101100202600002,202600002,2026-01-10,5549,1100,1,2,4,11,2,7010,2026-01-09 14:41:00,2026-01-09 16:32:00,2026-01-09 18:08:00,14.200164,76.44443,Online Fraud reported in Chitradurga; registered at Chitradurga Police Station 10. Synthetic demonstration record.
1516,100121116202500001,202500001,2025-02-09,5284,1116,1,1,1,2,4,7012,2025-02-07 05:16:00,2025-02-07 05:30:00,2025-02-07 06:32:00,14.478603,75.922296,Attempt to Murder reported in Davanagere; registered at Davanagere Police Station 06. Synthetic demonstration record.
1517,100261256202300002,202300002,2023-12-29,5351,1256,1,1,1,1,3,7026,2023-12-28 12:40:00,2023-12-28 15:16:00,2023-12-28 16:54:00,13.278266,77.140293,Murder reported in Tumakuru; registered at Tumakuru Police Station 06. Synthetic demonstration record.
1518,100031029202300002,202300002,2023-09-09,5543,1029,1,2,2,5,3,7003,2023-09-09 00:23:00,2023-09-09 01:35:00,2023-09-09 01:40:00,15.898145,74.443136,Burglary reported in Belagavi; registered at Belagavi Police Station 09. Synthetic demonstration record.
1519,100261256202300003,202300003,2023-03-12,5422,1256,1,2,4,11,1,7026,2023-03-11 18:39:00,2023-03-11 19:48:00,2023-03-11 20:25:00,13.329279,77.119206,Online Fraud reported in Tumakuru; registered at Tumakuru Police Station 06. Synthetic demonstration record.
1520,400031023202600001,202600001,2026-03-04,5127,1023,3,2,4,11,3,7003,2026-03-02 18:35:00,2026-03-02 20:40:00,2026-03-02 22:06:00,15.872586,74.505482,Online Fraud reported in Belagavi; registered at Belagavi Police Station 03. Synthetic demonstration record.
1521,100301294202200003,202200003,2022-01-20,5120,1294,1,2,4,11,5,7030,2022-01-19 14:10:00,2022-01-19 16:10:00,2022-01-19 18:08:00,16.76942,77.160245,Online Fraud reported in Yadgir; registered at Yadgir Police Station 04. Synthetic demonstration record.
1522,100221217202600001,202600001,2026-04-19,5359,1217,1,2,4,12,3,7022,2026-04-19 17:21:00,2026-04-19 20:10:00,2026-04-19 20:33:00,12.311689,76.626635,Identity Theft reported in Mysuru; registered at Mysuru Police Station 07. Synthetic demonstration record.
1523,100051045202300005,202300005,2023-01-21,5419,1045,1,2,5,14,3,7005,2023-01-21 06:42:00,2023-01-21 07:36:00,2023-01-21 07:52:00,13.025948,77.561311,NDPS Possession reported in Bengaluru Urban; registered at Bengaluru Urban Police Station 05. Synthetic demonstration record.
1524,100031024202400003,202400003,2024-02-20,5032,1024,1,2,2,7,4,7003,2024-02-19 01:01:00,2024-02-19 02:20:00,2024-02-19 03:21:00,15.868322,74.469153,House Theft reported in Belagavi; registered at Belagavi Police Station 04. Synthetic demonstration record.
1525,100071062202600001,202600001,2026-05-18,5046,1062,1,1,5,15,2,7007,2026-05-17 22:13:00,2026-05-17 22:35:00,2026-05-17 23:59:00,11.867029,76.96398,Drug Trafficking reported in Chamarajanagar; registered at Chamarajanagar Police Station 02. Synthetic demonstration record.
1526,100191189202600001,202600001,2026-05-12,5451,1189,1,2,4,12,3,7019,2026-05-11 17:55:00,2026-05-11 19:03:00,2026-05-11 20:34:00,13.138539,78.152266,Identity Theft reported in Kolar; registered at Kolar Police Station 09. Synthetic demonstration record.
1527,100211207202300001,202300001,2023-06-18,5298,1207,1,2,6,17,2,7021,2023-06-16 10:42:00,2023-06-16 11:22:00,2023-06-16 13:12:00,12.499573,76.935153,Unlawful Assembly reported in Mandya; registered at Mandya Police Station 07. Synthetic demonstration record.
1528,100161151202600002,202600002,2026-07-19,5569,1151,1,2,3,8,2,7016,2026-07-18 22:43:00,2026-07-19 01:32:00,2026-07-19 02:22:00,14.830946,75.451003,Domestic Violence reported in Haveri; registered at Haveri Police Station 01. Synthetic demonstration record.
1529,100241233202300001,202300001,2023-05-02,5457,1233,1,2,7,18,5,7024,2023-05-01 17:05:00,2023-05-01 17:44:00,2023-05-01 18:11:00,12.72092,77.274517,Cheating reported in Ramanagara; registered at Ramanagara Police Station 03. Synthetic demonstration record.
1530,100051050202600004,202600004,2026-04-16,5450,1050,1,2,4,13,3,7005,2026-04-15 10:04:00,2026-04-15 11:06:00,2026-04-15 12:19:00,12.970492,77.59908,Cyber Stalking reported in Bengaluru Urban; registered at Bengaluru Urban Police Station 10. Synthetic demonstration record.
1531,100111109202400001,202400001,2024-01-05,5341,1109,1,2,4,11,2,7011,2024-01-05 14:08:00,2024-01-05 16:28:00,2024-01-05 17:52:00,12.91835,74.930504,Online Fraud reported in Dakshina Kannada; registered at Dakshina Kannada Police Station 09. Synthetic demonstration record.
1532,100261255202500004,202500004,2025-05-30,5008,1255,1,2,4,12,4,7026,2025-05-29 09:37:00,2025-05-29 11:02:00,2025-05-29 11:56:00,13.360425,77.062055,Identity Theft reported in Tumakuru; registered at Tumakuru Police Station 05. Synthetic demonstration record.
1533,100261251202500001,202500001,2025-07-04,5169,1251,1,1,2,4,1,7026,2025-07-02 21:22:00,2025-07-02 21:34:00,2025-07-02 23:17:00,13.310026,77.112303,Robbery reported in Tumakuru; registered at Tumakuru Police Station 01. Synthetic demonstration record.
1534,100031021202400001,202400001,2024-05-02,5374,1021,1,2,7,18,3,7003,2024-04-30 16:19:00,2024-04-30 18:43:00,2024-04-30 19:52:00,15.835961,74.468343,Cheating reported in Belagavi; registered at Belagavi Police Station 01. Synthetic demonstration record.
1535,100241232202400002,202400002,2024-02-10,5352,1232,1,2,8,20,2,7024,2024-02-08 02:55:00,2024-02-08 03:07:00,2024-02-08 03:48:00,12.703523,77.275937,Hit and Run reported in Ramanagara; registered at Ramanagara Police Station 02. Synthetic demonstration record.
1536,100241236202400001,202400001,2024-11-17,5192,1236,1,2,2,5,1,7024,2024-11-17 03:31:00,2024-11-17 04:29:00,2024-11-17 04:59:00,12.65885,77.280671,Burglary reported in Ramanagara; registered at Ramanagara Police Station 06. Synthetic demonstration record.
1537,100111108202400003,202400003,2024-04-24,5397,1108,1,2,7,18,2,7011,2024-04-23 19:39:00,2024-04-23 21:30:00,2024-04-23 22:18:00,12.942428,74.858403,Cheating reported in Dakshina Kannada; registered at Dakshina Kannada Police Station 08. Synthetic demonstration record.
1538,100221216202400004,202400004,2024-11-12,5518,1216,1,2,3,9,4,7022,2024-11-11 17:53:00,2024-11-11 18:30:00,2024-11-11 20:06:00,12.315953,76.636291,Sexual Harassment reported in Mysuru; registered at Mysuru Police Station 06. Synthetic demonstration record.
1539,100071066202400001,202400001,2024-11-05,5505,1066,1,2,4,11,1,7007,2024-11-03 18:15:00,2024-11-03 20:43:00,2024-11-03 22:23:00,11.912368,76.986136,Online Fraud reported in Chamarajanagar; registered at Chamarajanagar Police Station 06. Synthetic demonstration record.
1540,100031028202500005,202500005,2025-01-26,5006,1028,1,2,7,18,3,7003,2025-01-25 16:08:00,2025-01-25 18:54:00,2025-01-25 19:10:00,15.848916,74.571867,Cheating reported in Belagavi; registered at Belagavi Police Station 08. Synthetic demonstration record.
1541,100171168202200002,202200002,2022-08-27,5133,1168,1,2,7,18,2,7017,2022-08-27 18:11:00,2022-08-27 19:17:00,2022-08-27 19:52:00,17.301184,76.882922,Cheating reported in Kalaburagi; registered at Kalaburagi Police Station 08. Synthetic demonstration record.
1542,100261254202300003,202300003,2023-03-01,5288,1254,1,2,2,6,1,7026,2023-02-28 18:59:00,2023-02-28 21:58:00,2023-02-28 23:50:00,13.315527,77.10405,Vehicle Theft reported in Tumakuru; registered at Tumakuru Police Station 04. Synthetic demonstration record.
1543,100091087202300003,202300003,2023-04-27,5281,1087,1,2,2,7,3,7009,2023-04-27 23:29:00,2023-04-28 01:22:00,2023-04-28 03:20:00,13.329565,75.780436,House Theft reported in Chikkamagaluru; registered at Chikkamagaluru Police Station 07. Synthetic demonstration record.
1544,100051049202300004,202300004,2023-09-15,5561,1049,1,2,2,7,2,7005,2023-09-14 02:18:00,2023-09-14 04:07:00,2023-09-14 06:05:00,12.999499,77.627921,House Theft reported in Bengaluru Urban; registered at Bengaluru Urban Police Station 09. Synthetic demonstration record.
1545,100121120202600001,202600001,2026-05-21,5530,1120,1,2,4,12,1,7012,2026-05-20 15:52:00,2026-05-20 18:21:00,2026-05-20 19:11:00,14.490968,75.926348,Identity Theft reported in Davanagere; registered at Davanagere Police Station 10. Synthetic demonstration record.
1546,100161155202200001,202200001,2022-10-18,5271,1155,1,2,2,5,3,7016,2022-10-18 00:26:00,2022-10-18 02:04:00,2022-10-18 03:42:00,14.799854,75.400068,Burglary reported in Haveri; registered at Haveri Police Station 05. Synthetic demonstration record.
1547,100031030202600001,202600001,2026-05-23,5415,1030,1,2,3,8,2,7003,2026-05-23 23:04:00,2026-05-23 23:37:00,2026-05-24 00:59:00,15.819988,74.498671,Domestic Violence reported in Belagavi; registered at Belagavi Police Station 10. Synthetic demonstration record.
1548,100021019202500001,202500001,2025-07-09,5484,1019,1,2,1,3,2,7002,2025-07-07 06:37:00,2025-07-07 07:41:00,2025-07-07 09:31:00,15.11815,76.972574,Assault reported in Ballari; registered at Ballari Police Station 09. Synthetic demonstration record.
1549,100031027202200003,202200003,2022-03-21,5315,1027,1,2,4,12,2,7003,2022-03-19 21:46:00,2022-03-20 00:01:00,2022-03-20 01:36:00,15.857216,74.511925,Identity Theft reported in Belagavi; registered at Belagavi Police Station 07. Synthetic demonstration record.
1550,100201191202400001,202400001,2024-02-08,5420,1191,1,2,3,8,2,7020,2024-02-07 15:54:00,2024-02-07 17:51:00,2024-02-07 18:23:00,15.359486,76.139787,Domestic Violence reported in Koppal; registered at Koppal Police Station 01. Synthetic demonstration record.
1551,100221212202500002,202500002,2025-11-27,5291,1212,1,2,7,19,3,7022,2025-11-25 17:09:00,2025-11-25 19:03:00,2025-11-25 20:41:00,12.241843,76.644724,Forgery reported in Mysuru; registered at Mysuru Police Station 02. Synthetic demonstration record.
1552,100291286202400001,202400001,2024-04-21,5071,1286,1,2,2,5,4,7029,2024-04-19 23:09:00,2024-04-20 01:33:00,2024-04-20 01:40:00,16.797381,75.700593,Burglary reported in Vijayapura; registered at Vijayapura Police Station 06. Synthetic demonstration record.
1553,800171169202300001,202300001,2023-11-08,5553,1169,4,2,7,18,1,7017,2023-11-06 17:20:00,2023-11-06 19:29:00,2023-11-06 21:15:00,17.363037,76.820999,Cheating reported in Kalaburagi; registered at Kalaburagi Police Station 09. Synthetic demonstration record.
1554,100101093202500002,202500002,2025-04-14,5327,1093,1,2,2,6,3,7010,2025-04-14 19:52:00,2025-04-14 21:25:00,2025-04-14 22:29:00,14.229964,76.388201,Vehicle Theft reported in Chitradurga; registered at Chitradurga Police Station 03. Synthetic demonstration record.
1555,100311304202200002,202200002,2022-11-30,5047,1304,1,2,1,3,1,7031,2022-11-30 09:49:00,2022-11-30 12:26:00,2022-11-30 13:21:00,15.389365,76.445931,Assault reported in Vijayanagara; registered at Vijayanagara Police Station 04. Synthetic demonstration record.
1556,100041037202300001,202300001,2023-05-26,5559,1037,1,1,5,15,5,7004,2023-05-25 01:01:00,2023-05-25 02:51:00,2023-05-25 04:14:00,13.328109,77.687176,Drug Trafficking reported in Bengaluru Rural; registered at Bengaluru Rural Police Station 07. Synthetic demonstration record.
1557,100131129202600001,202600001,2026-06-28,5018,1129,1,2,3,8,1,7013,2026-06-26 11:21:00,2026-06-26 14:17:00,2026-06-26 14:39:00,15.498543,75.010082,Domestic Violence reported in Dharwad; registered at Dharwad Police Station 09. Synthetic demonstration record.
1558,100131123202300003,202300003,2023-09-15,5087,1123,1,2,2,7,1,7013,2023-09-14 23:15:00,2023-09-15 01:13:00,2023-09-15 02:06:00,15.494291,74.995239,House Theft reported in Dharwad; registered at Dharwad Police Station 03. Synthetic demonstration record.
1559,100201196202400001,202400001,2024-11-01,5156,1196,1,2,3,8,2,7020,2024-11-01 00:29:00,2024-11-01 02:24:00,2024-11-01 03:49:00,15.331161,76.200573,Domestic Violence reported in Koppal; registered at Koppal Police Station 06. Synthetic demonstration record.
1560,100051042202200003,202200003,2022-12-07,5300,1042,1,2,4,12,5,7005,2022-12-07 15:23:00,2022-12-07 16:51:00,2022-12-07 18:29:00,12.950504,77.572965,Identity Theft reported in Bengaluru Urban; registered at Bengaluru Urban Police Station 02. Synthetic demonstration record.
1561,100021020202200002,202200002,2022-01-25,5551,1020,1,2,2,5,1,7002,2022-01-23 23:58:00,2022-01-24 00:54:00,2022-01-24 01:01:00,15.127147,76.910982,Burglary reported in Ballari; registered at Ballari Police Station 10. Synthetic demonstration record.
1562,100271262202300002,202300002,2023-09-28,5444,1262,1,2,1,3,1,7027,2023-09-26 09:43:00,2023-09-26 11:57:00,2023-09-26 13:33:00,13.32091,74.773485,Assault reported in Udupi; registered at Udupi Police Station 02. Synthetic demonstration record.
1563,100081074202500002,202500002,2025-05-19,5233,1074,1,2,2,6,1,7008,2025-05-19 18:04:00,2025-05-19 19:22:00,2025-05-19 19:48:00,13.455432,77.781651,Vehicle Theft reported in Chikkaballapur; registered at Chikkaballapur Police Station 04. Synthetic demonstration record.
1564,100221212202300006,202300006,2023-01-07,5291,1212,1,2,3,8,1,7022,2023-01-06 04:08:00,2023-01-06 04:38:00,2023-01-06 05:17:00,12.31236,76.708736,Domestic Violence reported in Mysuru; registered at Mysuru Police Station 02. Synthetic demonstration record.
1565,100231227202600002,202600002,2026-03-17,5158,1227,1,2,2,6,3,7023,2026-03-16 19:31:00,2026-03-16 21:35:00,2026-03-16 22:47:00,16.207602,77.340599,Vehicle Theft reported in Raichur; registered at Raichur Police Station 07. Synthetic demonstration record.
1566,100151148202200002,202200002,2022-11-15,5566,1148,1,2,1,3,2,7015,2022-11-15 20:42:00,2022-11-15 21:08:00,2022-11-15 22:54:00,12.981291,76.127632,Assault reported in Hassan; registered at Hassan Police Station 08. Synthetic demonstration record.
1567,100191187202500001,202500001,2025-05-22,5587,1187,1,2,5,14,5,7019,2025-05-21 04:51:00,2025-05-21 06:12:00,2025-05-21 06:41:00,13.090774,78.138318,NDPS Possession reported in Kolar; registered at Kolar Police Station 07. Synthetic demonstration record.
1568,100191188202300001,202300001,2023-01-14,5555,1188,1,2,6,16,2,7019,2023-01-14 00:41:00,2023-01-14 01:47:00,2023-01-14 02:45:00,13.17141,78.18737,Rioting reported in Kolar; registered at Kolar Police Station 08. Synthetic demonstration record.
1569,100141139202500001,202500001,2025-09-06,5241,1139,1,2,4,12,1,7014,2025-09-04 15:38:00,2025-09-04 17:33:00,2025-09-04 18:13:00,15.462719,75.697854,Identity Theft reported in Gadag; registered at Gadag Police Station 09. Synthetic demonstration record.
1570,300161155202500001,202500001,2025-12-13,5178,1155,2,2,4,11,1,7016,2025-12-11 17:35:00,2025-12-11 17:56:00,2025-12-11 19:38:00,14.762769,75.394515,Online Fraud reported in Haveri; registered at Haveri Police Station 05. Synthetic demonstration record.
1571,100051042202200004,202200004,2022-03-09,5300,1042,1,2,3,8,4,7005,2022-03-07 03:20:00,2022-03-07 03:58:00,2022-03-07 04:15:00,12.998992,77.564448,Domestic Violence reported in Bengaluru Urban; registered at Bengaluru Urban Police Station 02. Synthetic demonstration record.
1572,100121114202300001,202300001,2023-02-27,5524,1114,1,2,3,8,1,7012,2023-02-25 18:37:00,2023-02-25 20:57:00,2023-02-25 22:23:00,14.499389,75.878983,Domestic Violence reported in Davanagere; registered at Davanagere Police Station 04. Synthetic demonstration record.
1573,100091086202400002,202400002,2024-10-18,5123,1086,1,2,4,11,3,7009,2024-10-18 09:29:00,2024-10-18 12:13:00,2024-10-18 13:19:00,13.287179,75.797163,Online Fraud reported in Chikkamagaluru; registered at Chikkamagaluru Police Station 06. Synthetic demonstration record.
1574,100211206202500002,202500002,2025-01-13,5017,1206,1,1,2,4,2,7021,2025-01-12 21:02:00,2025-01-12 21:32:00,2025-01-12 23:06:00,12.528987,76.969394,Robbery reported in Mandya; registered at Mandya Police Station 06. Synthetic demonstration record.
1575,100111105202500003,202500003,2025-11-11,5076,1105,1,2,3,8,1,7011,2025-11-11 11:03:00,2025-11-11 12:11:00,2025-11-11 13:21:00,12.901748,74.896791,Domestic Violence reported in Dakshina Kannada; registered at Dakshina Kannada Police Station 05. Synthetic demonstration record.
1576,100061052202300003,202300003,2023-10-10,5152,1052,1,2,4,11,5,7006,2023-10-08 12:33:00,2023-10-08 14:30:00,2023-10-08 15:15:00,17.880117,77.557439,Online Fraud reported in Bidar; registered at Bidar Police Station 02. Synthetic demonstration record.
1577,100041040202400001,202400001,2024-08-15,5273,1040,1,2,2,6,1,7004,2024-08-13 19:16:00,2024-08-13 20:11:00,2024-08-13 21:48:00,13.302745,77.727403,Vehicle Theft reported in Bengaluru Rural; registered at Bengaluru Rural Police Station 10. Synthetic demonstration record.
1578,100101099202500001,202500001,2025-02-22,5467,1099,1,2,2,7,5,7010,2025-02-20 00:09:00,2025-02-20 02:06:00,2025-02-20 04:06:00,14.287223,76.371992,House Theft reported in Chitradurga; registered at Chitradurga Police Station 09. Synthetic demonstration record.
1579,100071064202500003,202500003,2025-12-07,5524,1064,1,2,1,3,2,7007,2025-12-05 18:09:00,2025-12-05 19:11:00,2025-12-05 20:59:00,11.954362,76.931098,Assault reported in Chamarajanagar; registered at Chamarajanagar Police Station 04. Synthetic demonstration record.
1580,100051044202500005,202500005,2025-04-27,5600,1044,1,2,4,11,1,7005,2025-04-26 12:20:00,2025-04-26 15:12:00,2025-04-26 16:13:00,12.991777,77.599706,Online Fraud reported in Bengaluru Urban; registered at Bengaluru Urban Police Station 04. Synthetic demonstration record.
1581,100061055202400002,202400002,2024-07-17,5536,1055,1,2,3,8,4,7006,2024-07-15 07:43:00,2024-07-15 08:33:00,2024-07-15 10:06:00,17.885756,77.548638,Domestic Violence reported in Bidar; registered at Bidar Police Station 05. Synthetic demonstration record.
1582,100151143202400001,202400001,2024-12-12,5235,1143,1,2,7,18,3,7015,2024-12-10 17:23:00,2024-12-10 18:12:00,2024-12-10 18:49:00,12.987295,76.17033,Cheating reported in Hassan; registered at Hassan Police Station 03. Synthetic demonstration record.
1583,100031029202300003,202300003,2023-02-12,5336,1029,1,1,1,2,5,7003,2023-02-10 13:28:00,2023-02-10 14:38:00,2023-02-10 14:43:00,15.840006,74.511761,Attempt to Murder reported in Belagavi; registered at Belagavi Police Station 09. Synthetic demonstration record.
1584,100261253202400003,202400003,2024-01-06,5039,1253,1,2,2,6,2,7026,2024-01-05 18:45:00,2024-01-05 19:07:00,2024-01-05 20:50:00,13.356355,77.099014,Vehicle Theft reported in Tumakuru; registered at Tumakuru Police Station 03. Synthetic demonstration record.
1585,100131129202400003,202400003,2024-06-14,5018,1129,1,2,4,12,3,7013,2024-06-13 21:04:00,2024-06-13 22:32:00,2024-06-13 23:20:00,15.470393,75.016107,Identity Theft reported in Dharwad; registered at Dharwad Police Station 09. Synthetic demonstration record.
1586,100091085202200001,202200001,2022-05-30,5283,1085,1,1,2,4,2,7009,2022-05-30 20:10:00,2022-05-30 22:33:00,2022-05-30 23:05:00,13.347489,75.784126,Robbery reported in Chikkamagaluru; registered at Chikkamagaluru Police Station 05. Synthetic demonstration record.
1587,100221211202300004,202300004,2023-01-27,5124,1211,1,2,2,7,2,7022,2023-01-25 23:36:00,2023-01-25 23:55:00,2023-01-26 01:45:00,12.356193,76.592924,House Theft reported in Mysuru; registered at Mysuru Police Station 01. Synthetic demonstration record.
1588,100171164202500001,202500001,2025-07-03,5131,1164,1,2,4,11,1,7017,2025-07-01 13:14:00,2025-07-01 14:26:00,2025-07-01 14:52:00,17.294847,76.84035,Online Fraud reported in Kalaburagi; registered at Kalaburagi Police Station 04. Synthetic demonstration record.
1589,100051047202300006,202300006,2023-03-15,5600,1047,1,2,3,9,2,7005,2023-03-13 17:39:00,2023-03-13 17:50:00,2023-03-13 17:55:00,12.94892,77.622256,Sexual Harassment reported in Bengaluru Urban; registered at Bengaluru Urban Police Station 07. Synthetic demonstration record.
1590,100101099202300001,202300001,2023-02-09,5196,1099,1,2,4,11,1,7010,2023-02-07 16:29:00,2023-02-07 17:33:00,2023-02-07 19:08:00,14.265811,76.440869,Online Fraud reported in Chitradurga; registered at Chitradurga Police Station 09. Synthetic demonstration record.
1591,100051050202300006,202300006,2023-05-01,5303,1050,1,2,4,12,2,7005,2023-05-01 21:43:00,2023-05-02 00:29:00,2023-05-02 01:31:00,12.955144,77.608718,Identity Theft reported in Bengaluru Urban; registered at Bengaluru Urban Police Station 10. Synthetic demonstration record.
1592,100021011202300003,202300003,2023-04-07,5385,1011,1,2,6,17,4,7002,2023-04-05 20:08:00,2023-04-05 22:25:00,2023-04-06 00:18:00,15.16337,76.919745,Unlawful Assembly reported in Ballari; registered at Ballari Police Station 01. Synthetic demonstration record.
1593,100051044202600003,202600003,2026-05-19,5139,1044,1,2,1,3,2,7005,2026-05-18 05:37:00,2026-05-18 07:08:00,2026-05-18 09:01:00,12.908407,77.595761,Assault reported in Bengaluru Urban; registered at Bengaluru Urban Police Station 04. Synthetic demonstration record.
1594,100251243202600001,202600001,2026-05-01,5456,1243,1,2,2,7,1,7025,2026-04-30 02:40:00,2026-04-30 04:36:00,2026-04-30 04:46:00,13.940071,75.54443,House Theft reported in Shivamogga; registered at Shivamogga Police Station 03. Synthetic demonstration record.
1595,100141139202300001,202300001,2023-11-19,5241,1139,1,2,2,7,3,7014,2023-11-18 23:00:00,2023-11-19 00:12:00,2023-11-19 01:44:00,15.436455,75.653119,House Theft reported in Gadag; registered at Gadag Police Station 09. Synthetic demonstration record.
1596,100221213202400003,202400003,2024-07-01,5318,1213,1,2,3,8,1,7022,2024-06-30 14:25:00,2024-06-30 17:07:00,2024-06-30 18:06:00,12.313125,76.615228,Domestic Violence reported in Mysuru; registered at Mysuru Police Station 03. Synthetic demonstration record.
1597,100221213202600001,202600001,2026-02-01,5201,1213,1,1,2,4,2,7022,2026-01-31 21:12:00,2026-01-31 22:00:00,2026-01-31 23:56:00,12.269341,76.650057,Robbery reported in Mysuru; registered at Mysuru Police Station 03. Synthetic demonstration record.
1598,100051041202400004,202400004,2024-10-02,5496,1041,1,1,2,4,4,7005,2024-10-02 21:47:00,2024-10-03 00:32:00,2024-10-03 00:54:00,12.964808,77.553555,Robbery reported in Bengaluru Urban; registered at Bengaluru Urban Police Station 01. Synthetic demonstration record.
1599,100081073202600001,202600001,2026-02-28,5528,1073,1,2,2,7,3,7008,2026-02-28 00:11:00,2026-02-28 02:45:00,2026-02-28 04:08:00,13.497924,77.707567,House Theft reported in Chikkaballapur; registered at Chikkaballapur Police Station 03. Synthetic demonstration record.
1600,100191189202400002,202400002,2024-02-15,5535,1189,1,2,7,19,1,7019,2024-02-15 21:41:00,2024-02-15 23:16:00,2024-02-16 00:13:00,13.142042,78.155571,Forgery reported in Kolar; registered at Kolar Police Station 09. Synthetic demonstration record.
1601,100161151202400002,202400002,2024-07-11,5065,1151,1,1,5,15,1,7016,2024-07-11 09:44:00,2024-07-11 12:01:00,2024-07-11 12:21:00,14.773857,75.442186,Drug Trafficking reported in Haveri; registered at Haveri Police Station 01. Synthetic demonstration record.
1602,100181173202200001,202200001,2022-07-11,5219,1173,1,1,5,15,1,7018,2022-07-09 11:23:00,2022-07-09 14:04:00,2022-07-09 14:25:00,12.359869,75.78561,Drug Trafficking reported in Kodagu; registered at Kodagu Police Station 03. Synthetic demonstration record.
1603,100171162202600001,202600001,2026-04-07,5232,1162,1,2,2,6,3,7017,2026-04-05 21:02:00,2026-04-05 22:01:00,2026-04-05 22:57:00,17.374171,76.86766,Vehicle Theft reported in Kalaburagi; registered at Kalaburagi Police Station 02. Synthetic demonstration record.
1604,100251250202500001,202500001,2025-10-14,5502,1250,1,1,2,4,2,7025,2025-10-12 19:30:00,2025-10-12 20:40:00,2025-10-12 21:37:00,13.929879,75.573924,Robbery reported in Shivamogga; registered at Shivamogga Police Station 10. Synthetic demonstration record.
1605,100171161202500004,202500004,2025-07-06,5226,1161,1,2,4,13,1,7017,2025-07-06 10:34:00,2025-07-06 11:48:00,2025-07-06 13:05:00,17.279835,76.873178,Cyber Stalking reported in Kalaburagi; registered at Kalaburagi Police Station 01. Synthetic demonstration record.
1606,100221216202500003,202500003,2025-11-12,5554,1216,1,1,2,4,1,7022,2025-11-10 17:50:00,2025-11-10 18:34:00,2025-11-10 20:29:00,12.303529,76.594767,Robbery reported in Mysuru; registered at Mysuru Police Station 06. Synthetic demonstration record.
1607,100051043202300005,202300005,2023-12-23,5343,1043,1,2,3,8,4,7005,2023-12-22 09:51:00,2023-12-22 11:16:00,2023-12-22 11:44:00,13.004874,77.588283,Domestic Violence reported in Bengaluru Urban; registered at Bengaluru Urban Police Station 03. Synthetic demonstration record.
1608,100271262202400001,202400001,2024-12-29,5045,1262,1,2,4,11,1,7027,2024-12-28 16:26:00,2024-12-28 17:11:00,2024-12-28 18:04:00,13.319163,74.753899,Online Fraud reported in Udupi; registered at Udupi Police Station 02. Synthetic demonstration record.
1609,100131126202400002,202400002,2024-11-30,5030,1126,1,2,3,8,4,7013,2024-11-29 19:58:00,2024-11-29 22:05:00,2024-11-29 23:20:00,15.459107,75.072046,Domestic Violence reported in Dharwad; registered at Dharwad Police Station 06. Synthetic demonstration record.
1610,100051042202600004,202600004,2026-01-18,5300,1042,1,2,3,8,1,7005,2026-01-16 06:30:00,2026-01-16 08:00:00,2026-01-16 09:17:00,13.005531,77.550666,Domestic Violence reported in Bengaluru Urban; registered at Bengaluru Urban Police Station 02. Synthetic demonstration record.
1611,400031028202500001,202500001,2025-07-14,5006,1028,3,2,4,11,1,7003,2025-07-14 12:09:00,2025-07-14 14:02:00,2025-07-14 15:38:00,15.875661,74.452712,Online Fraud reported in Belagavi; registered at Belagavi Police Station 08. Synthetic demonstration record.
1612,100191182202300001,202300001,2023-09-14,5364,1182,1,2,2,6,3,7019,2023-09-13 21:28:00,2023-09-13 22:55:00,2023-09-13 23:56:00,13.141521,78.097483,Vehicle Theft reported in Kolar; registered at Kolar Police Station 02. Synthetic demonstration record.
1613,100201195202200001,202200001,2022-11-25,5004,1195,1,2,4,11,3,7020,2022-11-24 14:14:00,2022-11-24 15:28:00,2022-11-24 15:44:00,15.390742,76.131588,Online Fraud reported in Koppal; registered at Koppal Police Station 05. Synthetic demonstration record.
1614,400061059202400001,202400001,2024-04-19,5042,1059,3,2,7,18,5,7006,2024-04-19 10:33:00,2024-04-19 12:07:00,2024-04-19 13:50:00,17.900967,77.559826,Cheating reported in Bidar; registered at Bidar Police Station 09. Synthetic demonstration record.
1615,100161151202200001,202200001,2022-10-25,5243,1151,1,2,7,18,1,7016,2022-10-25 19:41:00,2022-10-25 20:51:00,2022-10-25 22:00:00,14.790555,75.407368,Cheating reported in Haveri; registered at Haveri Police Station 01. Synthetic demonstration record.
1616,800051042202600001,202600001,2026-05-23,5300,1042,4,2,7,19,1,7005,2026-05-21 10:27:00,2026-05-21 13:16:00,2026-05-21 14:34:00,12.951056,77.602433,Forgery reported in Bengaluru Urban; registered at Bengaluru Urban Police Station 02. Synthetic demonstration record.
1617,100151143202300004,202300004,2023-05-29,5235,1143,1,1,2,4,1,7015,2023-05-27 18:05:00,2023-05-27 19:14:00,2023-05-27 20:25:00,12.933502,76.103307,Robbery reported in Hassan; registered at Hassan Police Station 03. Synthetic demonstration record.
1618,100011006202500003,202500003,2025-03-09,5515,1006,1,2,3,9,3,7001,2025-03-07 18:26:00,2025-03-07 21:02:00,2025-03-07 22:37:00,16.148207,75.732793,Sexual Harassment reported in Bagalkot; registered at Bagalkot Police Station 06. Synthetic demonstration record.
1619,400031025202300001,202300001,2023-04-23,5591,1025,3,2,2,7,2,7003,2023-04-22 02:21:00,2023-04-22 04:59:00,2023-04-22 06:47:00,15.866262,74.564144,House Theft reported in Belagavi; registered at Belagavi Police Station 05. Synthetic demonstration record.
1620,100041033202400001,202400001,2024-10-24,5108,1033,1,2,2,5,5,7004,2024-10-22 23:49:00,2024-10-23 00:23:00,2024-10-23 01:51:00,13.2826,77.747828,Burglary reported in Bengaluru Rural; registered at Bengaluru Rural Police Station 03. Synthetic demonstration record.
1621,100291286202400002,202400002,2024-04-23,5516,1286,1,2,7,18,4,7029,2024-04-22 12:12:00,2024-04-22 13:33:00,2024-04-22 14:22:00,16.862887,75.729816,Cheating reported in Vijayapura; registered at Vijayapura Police Station 06. Synthetic demonstration record.
1622,100111102202600001,202600001,2026-03-20,5290,1102,1,2,4,12,2,7011,2026-03-18 19:38:00,2026-03-18 21:14:00,2026-03-18 22:36:00,12.945003,74.860995,Identity Theft reported in Dakshina Kannada; registered at Dakshina Kannada Police Station 02. Synthetic demonstration record.
1623,100051041202300004,202300004,2023-07-12,5496,1041,1,2,5,14,5,7005,2023-07-10 05:49:00,2023-07-10 07:54:00,2023-07-10 09:49:00,12.93077,77.586481,NDPS Possession reported in Bengaluru Urban; registered at Bengaluru Urban Police Station 01. Synthetic demonstration record.
1624,100011010202400003,202400003,2024-02-23,5588,1010,1,2,7,18,2,7001,2024-02-22 21:16:00,2024-02-22 22:16:00,2024-02-23 00:09:00,16.218549,75.72474,Cheating reported in Bagalkot; registered at Bagalkot Police Station 10. Synthetic demonstration record.
1625,100181171202300003,202300003,2023-10-29,5579,1171,1,2,8,20,3,7018,2023-10-27 23:42:00,2023-10-28 00:08:00,2023-10-28 01:05:00,12.341931,75.760246,Hit and Run reported in Kodagu; registered at Kodagu Police Station 01. Synthetic demonstration record.
1626,100191187202600001,202600001,2026-01-04,5208,1187,1,1,1,1,2,7019,2026-01-02 14:56:00,2026-01-02 15:07:00,2026-01-02 17:01:00,13.103796,78.101881,Murder reported in Kolar; registered at Kolar Police Station 07. Synthetic demonstration record.
1627,400271266202400001,202400001,2024-12-04,5410,1266,3,2,2,7,2,7027,2024-12-04 00:22:00,2024-12-04 00:33:00,2024-12-04 00:38:00,13.333688,74.767225,House Theft reported in Udupi; registered at Udupi Police Station 06. Synthetic demonstration record.
1628,100011004202500001,202500001,2025-03-24,5546,1004,1,2,2,7,3,7001,2025-03-23 00:53:00,2025-03-23 01:50:00,2025-03-23 02:31:00,16.213327,75.683161,House Theft reported in Bagalkot; registered at Bagalkot Police Station 04. Synthetic demonstration record.
1629,100111106202500001,202500001,2025-11-15,5362,1106,1,2,2,6,2,7011,2025-11-15 21:40:00,2025-11-15 22:45:00,2025-11-15 23:48:00,12.903137,74.930378,Vehicle Theft reported in Dakshina Kannada; registered at Dakshina Kannada Police Station 06. Synthetic demonstration record.
1630,100051050202400007,202400007,2024-12-03,5303,1050,1,2,2,7,1,7005,2024-12-03 01:01:00,2024-12-03 03:48:00,2024-12-03 05:30:00,12.967797,77.585023,House Theft reported in Bengaluru Urban; registered at Bengaluru Urban Police Station 10. Synthetic demonstration record.
1631,100201191202300003,202300003,2023-11-08,5420,1191,1,2,4,11,3,7020,2023-11-06 20:55:00,2023-11-06 23:02:00,2023-11-06 23:52:00,15.379128,76.18036,Online Fraud reported in Koppal; registered at Koppal Police Station 01. Synthetic demonstration record.
1632,100041038202600002,202600002,2026-07-24,5097,1038,1,2,1,3,2,7004,2026-07-23 05:33:00,2026-07-23 08:01:00,2026-07-23 08:19:00,13.281697,77.775752,Assault reported in Bengaluru Rural; registered at Bengaluru Rural Police Station 08. Synthetic demonstration record.
1633,100291284202500001,202500001,2025-12-11,5498,1284,1,1,1,2,1,7029,2025-12-11 07:28:00,2025-12-11 10:04:00,2025-12-11 10:29:00,16.828731,75.677523,Attempt to Murder reported in Vijayapura; registered at Vijayapura Police Station 04. Synthetic demonstration record.
1634,100071069202300002,202300002,2023-05-20,5036,1069,1,2,1,3,5,7007,2023-05-19 00:05:00,2023-05-19 01:53:00,2023-05-19 03:38:00,11.918154,76.947035,Assault reported in Chamarajanagar; registered at Chamarajanagar Police Station 09. Synthetic demonstration record.
1635,100191187202500002,202500002,2025-02-10,5587,1187,1,2,4,11,1,7019,2025-02-10 10:55:00,2025-02-10 11:09:00,2025-02-10 11:45:00,13.180105,78.15689,Online Fraud reported in Kolar; registered at Kolar Police Station 07. Synthetic demonstration record.
1636,100141140202200002,202200002,2022-05-17,5079,1140,1,2,2,5,2,7014,2022-05-16 23:35:00,2022-05-17 00:37:00,2022-05-17 02:28:00,15.483221,75.62307,Burglary reported in Gadag; registered at Gadag Police Station 10. Synthetic demonstration record.
1637,100111102202400003,202400003,2024-07-09,5290,1102,1,2,2,5,3,7011,2024-07-07 03:17:00,2024-07-07 04:46:00,2024-07-07 05:39:00,12.8881,74.821871,Burglary reported in Dakshina Kannada; registered at Dakshina Kannada Police Station 02. Synthetic demonstration record.
1638,100091084202400001,202400001,2024-09-18,5250,1084,1,2,1,3,1,7009,2024-09-18 18:38:00,2024-09-18 19:08:00,2024-09-18 20:01:00,13.354257,75.789355,Assault reported in Chikkamagaluru; registered at Chikkamagaluru Police Station 04. Synthetic demonstration record.
1639,100061055202300002,202300002,2023-11-05,5536,1055,1,2,2,6,3,7006,2023-11-03 20:31:00,2023-11-03 20:49:00,2023-11-03 21:38:00,17.942744,77.519773,Vehicle Theft reported in Bidar; registered at Bidar Police Station 05. Synthetic demonstration record.
1640,100011006202200004,202200004,2022-06-23,5094,1006,1,2,4,12,3,7001,2022-06-21 19:56:00,2022-06-21 22:44:00,2022-06-21 23:10:00,16.126877,75.727633,Identity Theft reported in Bagalkot; registered at Bagalkot Police Station 06. Synthetic demonstration record.
1641,100131123202200004,202200004,2022-11-16,5142,1123,1,2,2,7,2,7013,2022-11-16 02:15:00,2022-11-16 04:15:00,2022-11-16 05:51:00,15.447033,75.021613,House Theft reported in Dharwad; registered at Dharwad Police Station 03. Synthetic demonstration record.
1642,100261259202500003,202500003,2025-09-09,5541,1259,1,2,1,3,3,7026,2025-09-09 14:42:00,2025-09-09 17:03:00,2025-09-09 17:48:00,13.377865,77.081778,Assault reported in Tumakuru; registered at Tumakuru Police Station 09. Synthetic demonstration record.
1643,100061054202300003,202300003,2023-12-26,5460,1054,1,2,2,6,5,7006,2023-12-25 19:48:00,2023-12-25 22:33:00,2023-12-25 23:12:00,17.924994,77.514632,Vehicle Theft reported in Bidar; registered at Bidar Police Station 04. Synthetic demonstration record.
1644,100041035202600003,202600003,2026-07-04,5525,1035,1,2,2,5,4,7004,2026-07-02 22:41:00,2026-07-03 01:40:00,2026-07-03 02:54:00,13.282965,77.680228,Burglary reported in Bengaluru Rural; registered at Bengaluru Rural Police Station 05. Synthetic demonstration record.
1645,100131125202400001,202400001,2024-07-12,5379,1125,1,2,2,7,2,7013,2024-07-12 02:49:00,2024-07-12 05:08:00,2024-07-12 05:39:00,15.439424,75.027134,House Theft reported in Dharwad; registered at Dharwad Police Station 05. Synthetic demonstration record.
1646,100201197202200001,202200001,2022-04-19,5331,1197,1,1,1,1,2,7020,2022-04-19 23:58:00,2022-04-20 01:10:00,2022-04-20 02:42:00,15.328251,76.147724,Murder reported in Koppal; registered at Koppal Police Station 07. Synthetic demonstration record.
1647,100071068202600002,202600002,2026-07-23,5174,1068,1,2,2,6,2,7007,2026-07-21 19:52:00,2026-07-21 21:41:00,2026-07-21 22:51:00,11.895609,76.959996,Vehicle Theft reported in Chamarajanagar; registered at Chamarajanagar Police Station 08. Synthetic demonstration record.
1648,100191183202200001,202200001,2022-09-05,5154,1183,1,2,5,14,2,7019,2022-09-04 09:10:00,2022-09-04 12:07:00,2022-09-04 13:25:00,13.121779,78.15291,NDPS Possession reported in Kolar; registered at Kolar Police Station 03. Synthetic demonstration record.
1649,100041036202200001,202200001,2022-02-20,5485,1036,1,1,2,4,3,7004,2022-02-20 18:44:00,2022-02-20 20:06:00,2022-02-20 20:33:00,13.281707,77.731096,Robbery reported in Bengaluru Rural; registered at Bengaluru Rural Police Station 06. Synthetic demonstration record.
1650,100011003202200001,202200001,2022-10-14,5516,1003,1,2,5,14,3,7001,2022-10-12 14:10:00,2022-10-12 14:30:00,2022-10-12 15:51:00,16.208113,75.712303,NDPS Possession reported in Bagalkot; registered at Bagalkot Police Station 03. Synthetic demonstration record.
1651,100091087202300004,202300004,2023-06-05,5281,1087,1,2,4,13,1,7009,2023-06-04 17:37:00,2023-06-04 19:37:00,2023-06-04 20:30:00,13.326956,75.784547,Cyber Stalking reported in Chikkamagaluru; registered at Chikkamagaluru Police Station 07. Synthetic demonstration record.
1652,100011008202300001,202300001,2023-04-04,5255,1008,1,2,4,11,1,7001,2023-04-04 17:10:00,2023-04-04 17:34:00,2023-04-04 17:41:00,16.181636,75.697255,Online Fraud reported in Bagalkot; registered at Bagalkot Police Station 08. Synthetic demonstration record.
1653,100151146202300002,202300002,2023-12-19,5220,1146,1,2,7,18,2,7015,2023-12-17 10:27:00,2023-12-17 12:32:00,2023-12-17 14:24:00,13.028259,76.148382,Cheating reported in Hassan; registered at Hassan Police Station 06. Synthetic demonstration record.
1654,100051042202300010,202300010,2023-11-19,5300,1042,1,2,2,5,2,7005,2023-11-19 00:31:00,2023-11-19 01:01:00,2023-11-19 02:46:00,12.968669,77.63123,Burglary reported in Bengaluru Urban; registered at Bengaluru Urban Police Station 02. Synthetic demonstration record.
1655,100141131202400002,202400002,2024-02-23,5556,1131,1,2,1,3,1,7014,2024-02-22 20:10:00,2024-02-22 22:55:00,2024-02-23 00:54:00,15.432275,75.649108,Assault reported in Gadag; registered at Gadag Police Station 01. Synthetic demonstration record.
1656,100121112202600001,202600001,2026-02-18,5560,1112,1,1,2,4,3,7012,2026-02-18 19:08:00,2026-02-18 21:45:00,2026-02-18 23:03:00,14.490272,75.984219,Robbery reported in Davanagere; registered at Davanagere Police Station 02. Synthetic demonstration record.
1657,100111106202400003,202400003,2024-03-18,5014,1106,1,2,4,11,4,7011,2024-03-18 21:55:00,2024-03-19 00:03:00,2024-03-19 00:57:00,12.891228,74.859484,Online Fraud reported in Dakshina Kannada; registered at Dakshina Kannada Police Station 06. Synthetic demonstration record.
1658,100291281202600001,202600001,2026-03-22,5055,1281,1,2,4,12,1,7029,2026-03-21 11:10:00,2026-03-21 12:40:00,2026-03-21 13:45:00,16.788107,75.752139,Identity Theft reported in Vijayapura; registered at Vijayapura Police Station 01. Synthetic demonstration record.
1659,100041040202200001,202200001,2022-04-21,5056,1040,1,2,4,11,2,7004,2022-04-20 12:34:00,2022-04-20 15:23:00,2022-04-20 16:23:00,13.233885,77.74742,Online Fraud reported in Bengaluru Rural; registered at Bengaluru Rural Police Station 10. Synthetic demonstration record.
1660,100051045202400004,202400004,2024-06-04,5419,1045,1,2,4,11,2,7005,2024-06-04 17:56:00,2024-06-04 20:44:00,2024-06-04 21:23:00,12.989869,77.642587,Online Fraud reported in Bengaluru Urban; registered at Bengaluru Urban Police Station 05. Synthetic demonstration record.
1661,100101093202400002,202400002,2024-01-04,5327,1093,1,2,2,5,1,7010,2024-01-04 23:47:00,2024-01-05 00:41:00,2024-01-05 02:33:00,14.204026,76.384293,Burglary reported in Chitradurga; registered at Chitradurga Police Station 03. Synthetic demonstration record.
1662,100281279202300002,202300002,2023-07-11,5338,1279,1,2,8,20,1,7028,2023-07-09 07:41:00,2023-07-09 08:20:00,2023-07-09 08:45:00,14.766997,74.168567,Hit and Run reported in Uttara Kannada; registered at Uttara Kannada Police Station 09. Synthetic demonstration record.
1663,100221216202600001,202600001,2026-06-20,5518,1216,1,2,3,9,1,7022,2026-06-20 17:33:00,2026-06-20 20:03:00,2026-06-20 20:11:00,12.279022,76.667776,Sexual Harassment reported in Mysuru; registered at Mysuru Police Station 06. Synthetic demonstration record.
1664,100311307202200001,202200001,2022-05-19,5256,1307,1,1,3,10,1,7031,2022-05-17 06:38:00,2022-05-17 07:08:00,2022-05-17 08:04:00,15.309771,76.471315,Kidnapping reported in Vijayanagara; registered at Vijayanagara Police Station 07. Synthetic demonstration record.
1665,100281280202500001,202500001,2025-08-02,5427,1280,1,1,3,10,2,7028,2025-08-02 17:52:00,2025-08-02 18:19:00,2025-08-02 18:52:00,14.836382,74.13701,Kidnapping reported in Uttara Kannada; registered at Uttara Kannada Police Station 10. Synthetic demonstration record.
1666,100071068202300001,202300001,2023-04-05,5174,1068,1,2,3,9,5,7007,2023-04-05 21:10:00,2023-04-05 22:46:00,2023-04-05 23:56:00,11.953836,76.952324,Sexual Harassment reported in Chamarajanagar; registered at Chamarajanagar Police Station 08. Synthetic demonstration record.
1667,100201197202400002,202400002,2024-08-22,5525,1197,1,2,3,8,3,7020,2024-08-21 09:24:00,2024-08-21 11:12:00,2024-08-21 11:44:00,15.356087,76.124007,Domestic Violence reported in Koppal; registered at Koppal Police Station 07. Synthetic demonstration record.
1668,100051045202200004,202200004,2022-06-14,5419,1045,1,2,5,14,3,7005,2022-06-12 07:43:00,2022-06-12 10:12:00,2022-06-12 11:01:00,12.939452,77.575627,NDPS Possession reported in Bengaluru Urban; registered at Bengaluru Urban Police Station 05. Synthetic demonstration record.
1669,100031030202400003,202400003,2024-07-10,5071,1030,1,1,1,1,3,7003,2024-07-08 06:48:00,2024-07-08 07:55:00,2024-07-08 09:30:00,15.873569,74.534761,Murder reported in Belagavi; registered at Belagavi Police Station 10. Synthetic demonstration record.
1670,100041040202400002,202400002,2024-02-19,5293,1040,1,2,5,14,4,7004,2024-02-19 19:36:00,2024-02-19 22:16:00,2024-02-19 23:26:00,13.330006,77.7232,NDPS Possession reported in Bengaluru Rural; registered at Bengaluru Rural Police Station 10. Synthetic demonstration record.
1671,100131124202500001,202500001,2025-10-29,5245,1124,1,1,2,4,5,7013,2025-10-27 17:43:00,2025-10-27 19:28:00,2025-10-27 20:34:00,15.452681,75.058772,Robbery reported in Dharwad; registered at Dharwad Police Station 04. Synthetic demonstration record.
1672,100221214202400003,202400003,2024-11-24,5373,1214,1,2,2,7,2,7022,2024-11-23 03:47:00,2024-11-23 04:39:00,2024-11-23 05:20:00,12.335924,76.615516,House Theft reported in Mysuru; registered at Mysuru Police Station 04. Synthetic demonstration record.
1673,100111101202500002,202500002,2025-05-04,5470,1101,1,2,4,11,4,7011,2025-05-02 20:53:00,2025-05-02 22:35:00,2025-05-03 00:00:00,12.909846,74.841617,Online Fraud reported in Dakshina Kannada; registered at Dakshina Kannada Police Station 01. Synthetic demonstration record.
1674,100301297202400003,202400003,2024-01-05,5056,1297,1,2,8,20,2,7030,2024-01-03 03:27:00,2024-01-03 05:39:00,2024-01-03 07:01:00,16.793485,77.108993,Hit and Run reported in Yadgir; registered at Yadgir Police Station 07. Synthetic demonstration record.
1675,100031021202600003,202600003,2026-05-08,5562,1021,1,2,7,18,3,7003,2026-05-06 10:23:00,2026-05-06 11:42:00,2026-05-06 12:10:00,15.83509,74.491282,Cheating reported in Belagavi; registered at Belagavi Police Station 01. Synthetic demonstration record.
1676,100241235202300001,202300001,2023-03-09,5595,1235,1,2,4,11,4,7024,2023-03-08 14:21:00,2023-03-08 15:07:00,2023-03-08 15:58:00,12.725276,77.286364,Online Fraud reported in Ramanagara; registered at Ramanagara Police Station 05. Synthetic demonstration record.
1677,100311306202400002,202400002,2024-10-18,5594,1306,1,2,3,9,2,7031,2024-10-17 21:22:00,2024-10-17 23:37:00,2024-10-18 00:06:00,15.322725,76.477161,Sexual Harassment reported in Vijayanagara; registered at Vijayanagara Police Station 06. Synthetic demonstration record.
1678,100191189202300003,202300003,2023-08-15,5451,1189,1,2,3,8,5,7019,2023-08-13 07:23:00,2023-08-13 10:13:00,2023-08-13 11:09:00,13.118273,78.160375,Domestic Violence reported in Kolar; registered at Kolar Police Station 09. Synthetic demonstration record.
1679,100091084202500001,202500001,2025-03-17,5469,1084,1,2,2,6,5,7009,2025-03-16 21:26:00,2025-03-16 22:13:00,2025-03-16 22:39:00,13.301374,75.827942,Vehicle Theft reported in Chikkamagaluru; registered at Chikkamagaluru Police Station 04. Synthetic demonstration record.
1680,100141132202600001,202600001,2026-01-26,5370,1132,1,2,2,7,2,7014,2026-01-24 01:12:00,2026-01-24 02:26:00,2026-01-24 03:00:00,15.461297,75.694932,House Theft reported in Gadag; registered at Gadag Police Station 02. Synthetic demonstration record.
1681,100211209202300002,202300002,2023-10-22,5016,1209,1,1,2,4,2,7021,2023-10-21 18:18:00,2023-10-21 21:09:00,2023-10-21 21:36:00,12.549283,76.868783,Robbery reported in Mandya; registered at Mandya Police Station 09. Synthetic demonstration record.
1682,100051043202400007,202400007,2024-11-03,5259,1043,1,2,4,12,3,7005,2024-11-02 20:55:00,2024-11-02 21:34:00,2024-11-02 23:03:00,12.967249,77.589652,Identity Theft reported in Bengaluru Urban; registered at Bengaluru Urban Police Station 03. Synthetic demonstration record.
1683,100061058202600001,202600001,2026-03-30,5021,1058,1,2,4,11,2,7006,2026-03-30 16:40:00,2026-03-30 19:32:00,2026-03-30 20:03:00,17.93749,77.486291,Online Fraud reported in Bidar; registered at Bidar Police Station 08. Synthetic demonstration record.
1684,100011001202200002,202200002,2022-09-17,5091,1001,1,2,2,5,3,7001,2022-09-17 02:58:00,2022-09-17 05:26:00,2022-09-17 06:46:00,16.21757,75.683461,Burglary reported in Bagalkot; registered at Bagalkot Police Station 01. Synthetic demonstration record.
1685,100311307202500002,202500002,2025-07-25,5256,1307,1,2,4,11,5,7031,2025-07-24 12:26:00,2025-07-24 14:26:00,2025-07-24 15:28:00,15.292362,76.477744,Online Fraud reported in Vijayanagara; registered at Vijayanagara Police Station 07. Synthetic demonstration record.
1686,100191181202300001,202300001,2023-03-30,5012,1181,1,2,3,9,2,7019,2023-03-29 20:09:00,2023-03-29 23:07:00,2023-03-30 00:31:00,13.124986,78.153079,Sexual Harassment reported in Kolar; registered at Kolar Police Station 01. Synthetic demonstration record.
1687,300171163202600001,202600001,2026-02-19,5394,1163,2,2,4,12,1,7017,2026-02-18 19:11:00,2026-02-18 20:13:00,2026-02-18 21:52:00,17.346199,76.829345,Identity Theft reported in Kalaburagi; registered at Kalaburagi Police Station 03. Synthetic demonstration record.
1688,100141135202400001,202400001,2024-04-26,5084,1135,1,2,2,7,3,7014,2024-04-24 00:43:00,2024-04-24 02:30:00,2024-04-24 03:10:00,15.44863,75.639531,House Theft reported in Gadag; registered at Gadag Police Station 05. Synthetic demonstration record.
1689,100021017202500002,202500002,2025-12-18,5199,1017,1,2,8,20,1,7002,2025-12-18 00:25:00,2025-12-18 01:08:00,2025-12-18 02:50:00,15.133976,76.916906,Hit and Run reported in Ballari; registered at Ballari Police Station 07. Synthetic demonstration record.
1690,100051042202300011,202300011,2023-10-14,5300,1042,1,2,7,18,1,7005,2023-10-13 11:41:00,2023-10-13 12:11:00,2023-10-13 12:21:00,13.002959,77.646071,Cheating reported in Bengaluru Urban; registered at Bengaluru Urban Police Station 02. Synthetic demonstration record.
1691,100161159202200001,202200001,2022-07-03,5333,1159,1,2,4,11,1,7016,2022-07-01 13:40:00,2022-07-01 14:47:00,2022-07-01 15:02:00,14.747747,75.398788,Online Fraud reported in Haveri; registered at Haveri Police Station 09. Synthetic demonstration record.
1692,100051045202300006,202300006,2023-06-06,5419,1045,1,2,4,11,2,7005,2023-06-05 09:09:00,2023-06-05 10:12:00,2023-06-05 12:01:00,12.934881,77.597689,Online Fraud reported in Bengaluru Urban; registered at Bengaluru Urban Police Station 05. Synthetic demonstration record.
1693,100171166202600001,202600001,2026-04-06,5342,1166,1,2,2,7,2,7017,2026-04-05 23:27:00,2026-04-06 01:04:00,2026-04-06 02:31:00,17.327895,76.883678,House Theft reported in Kalaburagi; registered at Kalaburagi Police Station 06. Synthetic demonstration record.
1694,100061055202300003,202300003,2023-05-25,5536,1055,1,2,3,8,1,7006,2023-05-23 07:16:00,2023-05-23 09:22:00,2023-05-23 10:25:00,17.852897,77.520337,Domestic Violence reported in Bidar; registered at Bidar Police Station 05. Synthetic demonstration record.
1695,100011010202200001,202200001,2022-11-05,5242,1010,1,2,3,8,3,7001,2022-11-03 10:09:00,2022-11-03 10:45:00,2022-11-03 11:36:00,16.212592,75.749282,Domestic Violence reported in Bagalkot; registered at Bagalkot Police Station 10. Synthetic demonstration record.
1696,100021017202300003,202300003,2023-02-15,5296,1017,1,2,5,14,1,7002,2023-02-15 08:51:00,2023-02-15 11:33:00,2023-02-15 12:13:00,15.1406,76.919851,NDPS Possession reported in Ballari; registered at Ballari Police Station 07. Synthetic demonstration record.
1697,100211203202500001,202500001,2025-12-24,5223,1203,1,2,2,6,2,7021,2025-12-22 20:08:00,2025-12-22 20:27:00,2025-12-22 21:41:00,12.528778,76.86734,Vehicle Theft reported in Mandya; registered at Mandya Police Station 03. Synthetic demonstration record.
1698,100221217202200002,202200002,2022-02-26,5461,1217,1,2,4,11,5,7022,2022-02-25 17:43:00,2022-02-25 18:55:00,2022-02-25 19:03:00,12.292886,76.652736,Online Fraud reported in Mysuru; registered at Mysuru Police Station 07. Synthetic demonstration record.
1699,100301293202300003,202300003,2023-07-30,5389,1293,1,2,2,7,1,7030,2023-07-30 23:52:00,2023-07-31 02:15:00,2023-07-31 03:39:00,16.750769,77.178983,House Theft reported in Yadgir; registered at Yadgir Police Station 03. Synthetic demonstration record.
1700,100271263202500003,202500003,2025-10-04,5210,1263,1,2,4,12,4,7027,2025-10-04 11:16:00,2025-10-04 13:40:00,2025-10-04 14:14:00,13.323028,74.776221,Identity Theft reported in Udupi; registered at Udupi Police Station 03. Synthetic demonstration record.
1701,100081074202600001,202600001,2026-03-11,5049,1074,1,2,4,12,2,7008,2026-03-10 14:03:00,2026-03-10 15:36:00,2026-03-10 17:15:00,13.423456,77.697518,Identity Theft reported in Chikkaballapur; registered at Chikkaballapur Police Station 04. Synthetic demonstration record.
1702,100021013202300002,202300002,2023-05-05,5308,1013,1,2,2,5,2,7002,2023-05-03 01:32:00,2023-05-03 02:00:00,2023-05-03 03:10:00,15.174485,76.964752,Burglary reported in Ballari; registered at Ballari Police Station 03. Synthetic demonstration record.
1703,100051050202400008,202400008,2024-02-18,5303,1050,1,2,4,11,5,7005,2024-02-16 16:13:00,2024-02-16 16:24:00,2024-02-16 17:10:00,12.932588,77.642617,Online Fraud reported in Bengaluru Urban; registered at Bengaluru Urban Police Station 10. Synthetic demonstration record.
1704,100091089202400003,202400003,2024-01-30,5430,1089,1,2,8,20,3,7009,2024-01-28 17:43:00,2024-01-28 19:02:00,2024-01-28 20:45:00,13.347506,75.838739,Hit and Run reported in Chikkamagaluru; registered at Chikkamagaluru Police Station 09. Synthetic demonstration record.
1705,800241231202600001,202600001,2026-03-02,5135,1231,4,2,3,8,3,7024,2026-03-02 04:30:00,2026-03-02 05:08:00,2026-03-02 06:02:00,12.693076,77.323649,Domestic Violence reported in Ramanagara; registered at Ramanagara Police Station 01. Synthetic demonstration record.
1706,100121120202300002,202300002,2023-01-22,5530,1120,1,2,2,5,5,7012,2023-01-20 23:10:00,2023-01-21 00:00:00,2023-01-21 01:16:00,14.457952,75.911306,Burglary reported in Davanagere; registered at Davanagere Police Station 10. Synthetic demonstration record.
1707,100161157202400002,202400002,2024-04-15,5462,1157,1,2,4,11,5,7016,2024-04-15 19:13:00,2024-04-15 20:54:00,2024-04-15 21:11:00,14.773305,75.416227,Online Fraud reported in Haveri; registered at Haveri Police Station 07. Synthetic demonstration record.
1708,100231223202300001,202300001,2023-08-04,5365,1223,1,2,2,7,1,7023,2023-08-02 01:27:00,2023-08-02 03:17:00,2023-08-02 04:06:00,16.157362,77.360747,House Theft reported in Raichur; registered at Raichur Police Station 03. Synthetic demonstration record.
1709,100161154202400001,202400001,2024-09-27,5096,1154,1,1,1,1,3,7016,2024-09-26 18:46:00,2024-09-26 20:55:00,2024-09-26 21:07:00,14.836658,75.389484,Murder reported in Haveri; registered at Haveri Police Station 04. Synthetic demonstration record.
1710,100241233202300002,202300002,2023-05-18,5457,1233,1,2,1,3,2,7024,2023-05-16 22:28:00,2023-05-16 23:55:00,2023-05-17 01:42:00,12.728698,77.287426,Assault reported in Ramanagara; registered at Ramanagara Police Station 03. Synthetic demonstration record.
1711,100091089202200001,202200001,2022-07-13,5430,1089,1,2,4,11,5,7009,2022-07-13 20:07:00,2022-07-13 20:30:00,2022-07-13 20:37:00,13.278591,75.834147,Online Fraud reported in Chikkamagaluru; registered at Chikkamagaluru Police Station 09. Synthetic demonstration record.
1712,100261257202600001,202600001,2026-05-20,5331,1257,1,2,4,12,4,7026,2026-05-19 15:01:00,2026-05-19 16:11:00,2026-05-19 17:40:00,13.305405,77.130415,Identity Theft reported in Tumakuru; registered at Tumakuru Police Station 07. Synthetic demonstration record.
1713,100211201202400003,202400003,2024-06-09,5023,1201,1,2,7,19,5,7021,2024-06-07 20:38:00,2024-06-07 21:20:00,2024-06-07 23:14:00,12.507386,76.955027,Forgery reported in Mandya; registered at Mandya Police Station 01. Synthetic demonstration record.
1714,100131127202300006,202300006,2023-09-05,5346,1127,1,1,3,10,2,7013,2023-09-04 07:11:00,2023-09-04 09:36:00,2023-09-04 09:51:00,15.46105,75.046554,Kidnapping reported in Dharwad; registered at Dharwad Police Station 07. Synthetic demonstration record.
1715,100051045202600003,202600003,2026-04-21,5419,1045,1,2,2,6,3,7005,2026-04-21 17:04:00,2026-04-21 19:46:00,2026-04-21 21:17:00,12.940002,77.651636,Vehicle Theft reported in Bengaluru Urban; registered at Bengaluru Urban Police Station 05. Synthetic demonstration record.
1716,100061052202500001,202500001,2025-05-03,5152,1052,1,2,5,14,5,7006,2025-05-02 16:27:00,2025-05-02 19:13:00,2025-05-02 20:12:00,17.935589,77.575079,NDPS Possession reported in Bidar; registered at Bidar Police Station 02. Synthetic demonstration record.
1717,100051044202200003,202200003,2022-04-17,5498,1044,1,1,5,15,2,7005,2022-04-17 00:17:00,2022-04-17 03:00:00,2022-04-17 03:38:00,12.97704,77.565792,Drug Trafficking reported in Bengaluru Urban; registered at Bengaluru Urban Police Station 04. Synthetic demonstration record.
1718,100221217202200003,202200003,2022-07-09,5090,1217,1,2,4,12,2,7022,2022-07-09 16:16:00,2022-07-09 18:29:00,2022-07-09 18:43:00,12.278896,76.611432,Identity Theft reported in Mysuru; registered at Mysuru Police Station 07. Synthetic demonstration record.
1719,800261258202500001,202500001,2025-05-11,5015,1258,4,2,2,6,3,7026,2025-05-10 19:02:00,2025-05-10 22:02:00,2025-05-10 22:42:00,13.292389,77.120415,Vehicle Theft reported in Tumakuru; registered at Tumakuru Police Station 08. Synthetic demonstration record.
1720,100221218202400004,202400004,2024-11-10,5011,1218,1,2,4,11,1,7022,2024-11-08 19:45:00,2024-11-08 22:44:00,2024-11-08 23:19:00,12.310444,76.631486,Online Fraud reported in Mysuru; registered at Mysuru Police Station 08. Synthetic demonstration record.
1721,800191185202400001,202400001,2024-09-18,5378,1185,4,2,6,17,3,7019,2024-09-16 06:18:00,2024-09-16 09:18:00,2024-09-16 09:30:00,13.166378,78.100981,Unlawful Assembly reported in Kolar; registered at Kolar Police Station 05. Synthetic demonstration record.
1722,100111105202400001,202400001,2024-01-27,5334,1105,1,1,2,4,2,7011,2024-01-27 20:58:00,2024-01-27 22:04:00,2024-01-27 23:51:00,12.854159,74.912582,Robbery reported in Dakshina Kannada; registered at Dakshina Kannada Police Station 05. Synthetic demonstration record.
1723,100101098202400001,202400001,2024-01-30,5526,1098,1,2,6,17,3,7010,2024-01-29 09:04:00,2024-01-29 09:37:00,2024-01-29 09:55:00,14.170137,76.4198,Unlawful Assembly reported in Chitradurga; registered at Chitradurga Police Station 08. Synthetic demonstration record.
1724,100111105202500004,202500004,2025-05-16,5113,1105,1,2,3,9,3,7011,2025-05-15 20:32:00,2025-05-15 23:18:00,2025-05-15 23:55:00,12.946183,74.847787,Sexual Harassment reported in Dakshina Kannada; registered at Dakshina Kannada Police Station 05. Synthetic demonstration record.
1725,100101093202300001,202300001,2023-12-05,5327,1093,1,2,1,3,2,7010,2023-12-05 08:06:00,2023-12-05 09:47:00,2023-12-05 10:04:00,14.247577,76.416249,Assault reported in Chitradurga; registered at Chitradurga Police Station 03. Synthetic demonstration record.
1726,100141131202600001,202600001,2026-01-15,5556,1131,1,1,2,4,3,7014,2026-01-13 21:45:00,2026-01-13 22:11:00,2026-01-13 22:17:00,15.462413,75.585493,Robbery reported in Gadag; registered at Gadag Police Station 01. Synthetic demonstration record.
1727,100041038202300002,202300002,2023-09-05,5401,1038,1,1,2,4,4,7004,2023-09-05 19:35:00,2023-09-05 21:58:00,2023-09-05 23:06:00,13.303729,77.713212,Robbery reported in Bengaluru Rural; registered at Bengaluru Rural Police Station 08. Synthetic demonstration record.
1728,100131127202200003,202200003,2022-01-08,5346,1127,1,2,2,5,3,7013,2022-01-06 03:33:00,2022-01-06 04:17:00,2022-01-06 06:07:00,15.479629,75.030571,Burglary reported in Dharwad; registered at Dharwad Police Station 07. Synthetic demonstration record.
1729,100031027202400003,202400003,2024-12-11,5315,1027,1,2,2,6,1,7003,2024-12-09 17:02:00,2024-12-09 19:05:00,2024-12-09 19:22:00,15.878749,74.531755,Vehicle Theft reported in Belagavi; registered at Belagavi Police Station 07. Synthetic demonstration record.
1730,100031030202400004,202400004,2024-05-29,5071,1030,1,2,2,6,4,7003,2024-05-27 19:30:00,2024-05-27 19:59:00,2024-05-27 21:13:00,15.874159,74.494392,Vehicle Theft reported in Belagavi; registered at Belagavi Police Station 10. Synthetic demonstration record.
1731,100111108202300003,202300003,2023-12-11,5555,1108,1,2,4,11,2,7011,2023-12-09 11:30:00,2023-12-09 12:13:00,2023-12-09 13:39:00,12.911237,74.837329,Online Fraud reported in Dakshina Kannada; registered at Dakshina Kannada Police Station 08. Synthetic demonstration record.
1732,100301292202200003,202200003,2022-04-26,5540,1292,1,1,5,15,3,7030,2022-04-24 02:36:00,2022-04-24 03:07:00,2022-04-24 03:39:00,16.748303,77.15352,Drug Trafficking reported in Yadgir; registered at Yadgir Police Station 02. Synthetic demonstration record.
1733,100041039202600002,202600002,2026-03-03,5364,1039,1,2,4,11,3,7004,2026-03-02 14:00:00,2026-03-02 14:44:00,2026-03-02 15:18:00,13.300531,77.695123,Online Fraud reported in Bengaluru Rural; registered at Bengaluru Rural Police Station 09. Synthetic demonstration record.
1734,100311307202500003,202500003,2025-07-09,5256,1307,1,2,8,20,3,7031,2025-07-08 12:51:00,2025-07-08 15:05:00,2025-07-08 16:19:00,15.284527,76.486117,Hit and Run reported in Vijayanagara; registered at Vijayanagara Police Station 07. Synthetic demonstration record.
1735,100061060202200002,202200002,2022-05-11,5550,1060,1,2,5,14,1,7006,2022-05-09 14:15:00,2022-05-09 16:45:00,2022-05-09 18:02:00,17.924688,77.49841,NDPS Possession reported in Bidar; registered at Bidar Police Station 10. Synthetic demonstration record.
1736,300011010202300001,202300001,2023-05-27,5588,1010,2,2,2,5,3,7001,2023-05-25 02:22:00,2023-05-25 03:42:00,2023-05-25 05:22:00,16.116315,75.755677,Burglary reported in Bagalkot; registered at Bagalkot Police Station 10. Synthetic demonstration record.
1737,100031030202400005,202400005,2024-05-17,5041,1030,1,2,7,18,2,7003,2024-05-15 18:34:00,2024-05-15 18:53:00,2024-05-15 19:07:00,15.85726,74.519363,Cheating reported in Belagavi; registered at Belagavi Police Station 10. Synthetic demonstration record.
1738,100271261202300002,202300002,2023-07-24,5544,1261,1,2,1,3,2,7027,2023-07-24 09:23:00,2023-07-24 12:23:00,2023-07-24 13:17:00,13.323006,74.739885,Assault reported in Udupi; registered at Udupi Police Station 01. Synthetic demonstration record.
1739,100211209202400002,202400002,2024-11-11,5282,1209,1,2,5,14,2,7021,2024-11-11 06:28:00,2024-11-11 07:04:00,2024-11-11 08:49:00,12.554908,76.924999,NDPS Possession reported in Mandya; registered at Mandya Police Station 09. Synthetic demonstration record.
1740,100261254202200002,202200002,2022-11-11,5288,1254,1,2,4,12,1,7026,2022-11-09 14:44:00,2022-11-09 15:44:00,2022-11-09 16:46:00,13.284472,77.103312,Identity Theft reported in Tumakuru; registered at Tumakuru Police Station 04. Synthetic demonstration record.
1741,100121118202400001,202400001,2024-04-25,5035,1118,1,2,2,7,3,7012,2024-04-24 02:16:00,2024-04-24 04:35:00,2024-04-24 05:25:00,14.435603,75.900187,House Theft reported in Davanagere; registered at Davanagere Police Station 08. Synthetic demonstration record.
1742,100191186202400001,202400001,2024-07-11,5215,1186,1,2,7,19,1,7019,2024-07-09 09:50:00,2024-07-09 11:37:00,2024-07-09 13:17:00,13.114185,78.157144,Forgery reported in Kolar; registered at Kolar Police Station 06. Synthetic demonstration record.
1743,100031030202400006,202400006,2024-06-27,5459,1030,1,2,4,12,2,7003,2024-06-25 16:18:00,2024-06-25 19:07:00,2024-06-25 19:16:00,15.909434,74.466354,Identity Theft reported in Belagavi; registered at Belagavi Police Station 10. Synthetic demonstration record.
1744,100181180202600001,202600001,2026-05-29,5088,1180,1,2,2,5,3,7018,2026-05-28 00:09:00,2026-05-28 01:24:00,2026-05-28 01:55:00,12.326242,75.83925,Burglary reported in Kodagu; registered at Kodagu Police Station 10. Synthetic demonstration record.
1745,100141132202500002,202500002,2025-07-21,5265,1132,1,2,3,8,4,7014,2025-07-20 05:08:00,2025-07-20 07:20:00,2025-07-20 07:50:00,15.435162,75.602851,Domestic Violence reported in Gadag; registered at Gadag Police Station 02. Synthetic demonstration record.
1746,100141140202400003,202400003,2024-09-08,5079,1140,1,1,1,2,3,7014,2024-09-06 08:21:00,2024-09-06 09:06:00,2024-09-06 09:35:00,15.415675,75.632687,Attempt to Murder reported in Gadag; registered at Gadag Police Station 10. Synthetic demonstration record.
1747,100301296202200002,202200002,2022-05-28,5144,1296,1,2,3,9,2,7030,2022-05-26 19:45:00,2022-05-26 21:43:00,2022-05-26 22:20:00,16.747473,77.188077,Sexual Harassment reported in Yadgir; registered at Yadgir Police Station 06. Synthetic demonstration record.
1748,100111109202500001,202500001,2025-11-04,5254,1109,1,2,4,12,4,7011,2025-11-03 21:41:00,2025-11-03 22:35:00,2025-11-03 23:10:00,12.926575,74.853579,Identity Theft reported in Dakshina Kannada; registered at Dakshina Kannada Police Station 09. Synthetic demonstration record.
1749,100021020202500001,202500001,2025-09-04,5551,1020,1,2,5,14,3,7002,2025-09-04 06:50:00,2025-09-04 09:48:00,2025-09-04 10:12:00,15.130662,76.965778,NDPS Possession reported in Ballari; registered at Ballari Police Station 10. Synthetic demonstration record.
1750,100051049202500002,202500002,2025-03-22,5561,1049,1,2,4,12,2,7005,2025-03-21 21:19:00,2025-03-21 23:00:00,2025-03-22 00:52:00,12.959957,77.656707,Identity Theft reported in Bengaluru Urban; registered at Bengaluru Urban Police Station 09. Synthetic demonstration record.
1751,100311303202300002,202300002,2023-11-28,5085,1303,1,2,2,5,1,7031,2023-11-26 01:22:00,2023-11-26 02:46:00,2023-11-26 02:57:00,15.316283,76.473014,Burglary reported in Vijayanagara; registered at Vijayanagara Police Station 03. Synthetic demonstration record.
1752,100141132202600002,202600002,2026-05-20,5265,1132,1,2,7,18,3,7014,2026-05-18 15:30:00,2026-05-18 17:58:00,2026-05-18 19:40:00,15.426082,75.640627,Cheating reported in Gadag; registered at Gadag Police Station 02. Synthetic demonstration record.
1753,100201200202200002,202200002,2022-02-14,5472,1200,1,2,2,5,2,7020,2022-02-14 01:31:00,2022-02-14 04:24:00,2022-02-14 05:17:00,15.307649,76.15288,Burglary reported in Koppal; registered at Koppal Police Station 10. Synthetic demonstration record.
1754,100071070202500003,202500003,2025-01-29,5130,1070,1,2,3,8,5,7007,2025-01-28 04:16:00,2025-01-28 05:21:00,2025-01-28 06:15:00,11.928528,76.915546,Domestic Violence reported in Chamarajanagar; registered at Chamarajanagar Police Station 10. Synthetic demonstration record.
1755,100261259202200003,202200003,2022-10-29,5541,1259,1,2,7,18,5,7026,2022-10-27 21:01:00,2022-10-27 23:54:00,2022-10-28 00:41:00,13.327967,77.117814,Cheating reported in Tumakuru; registered at Tumakuru Police Station 09. Synthetic demonstration record.
1756,100221213202200002,202200002,2022-02-23,5532,1213,1,2,4,11,5,7022,2022-02-23 09:34:00,2022-02-23 10:47:00,2022-02-23 11:11:00,12.25383,76.634425,Online Fraud reported in Mysuru; registered at Mysuru Police Station 03. Synthetic demonstration record.
1757,100291283202500001,202500001,2025-09-28,5534,1283,1,2,7,18,5,7029,2025-09-26 19:53:00,2025-09-26 21:24:00,2025-09-26 21:43:00,16.878444,75.722753,Cheating reported in Vijayapura; registered at Vijayapura Police Station 03. Synthetic demonstration record.
1758,100051043202600003,202600003,2026-03-05,5343,1043,1,2,4,11,3,7005,2026-03-04 16:27:00,2026-03-04 18:28:00,2026-03-04 19:44:00,13.010313,77.66514,Online Fraud reported in Bengaluru Urban; registered at Bengaluru Urban Police Station 03. Synthetic demonstration record.
1759,100311305202400001,202400001,2024-12-15,5491,1305,1,2,7,18,3,7031,2024-12-15 10:48:00,2024-12-15 13:17:00,2024-12-15 15:13:00,15.375178,76.408916,Cheating reported in Vijayanagara; registered at Vijayanagara Police Station 05. Synthetic demonstration record.
1760,100051042202500004,202500004,2025-02-08,5300,1042,1,2,1,3,1,7005,2025-02-06 02:39:00,2025-02-06 04:11:00,2025-02-06 06:08:00,12.986713,77.584509,Assault reported in Bengaluru Urban; registered at Bengaluru Urban Police Station 02. Synthetic demonstration record.
1761,100201194202200003,202200003,2022-11-27,5539,1194,1,2,7,18,3,7020,2022-11-27 11:09:00,2022-11-27 13:31:00,2022-11-27 15:19:00,15.338217,76.169416,Cheating reported in Koppal; registered at Koppal Police Station 04. Synthetic demonstration record.
1762,100201198202600001,202600001,2026-04-15,5545,1198,1,2,5,14,3,7020,2026-04-15 18:14:00,2026-04-15 19:17:00,2026-04-15 19:28:00,15.369789,76.164401,NDPS Possession reported in Koppal; registered at Koppal Police Station 08. Synthetic demonstration record.
1763,100051050202300007,202300007,2023-04-09,5303,1050,1,2,5,14,2,7005,2023-04-09 21:55:00,2023-04-09 22:08:00,2023-04-09 23:44:00,12.966702,77.63725,NDPS Possession reported in Bengaluru Urban; registered at Bengaluru Urban Police Station 10. Synthetic demonstration record.
1764,100121116202300001,202300001,2023-07-02,5284,1116,1,2,5,14,3,7012,2023-07-01 03:29:00,2023-07-01 05:43:00,2023-07-01 05:56:00,14.459028,75.963388,NDPS Possession reported in Davanagere; registered at Davanagere Police Station 06. Synthetic demonstration record.
1765,100191183202300002,202300002,2023-10-24,5524,1183,1,2,3,8,3,7019,2023-10-22 20:59:00,2023-10-22 21:41:00,2023-10-22 22:57:00,13.15728,78.098408,Domestic Violence reported in Kolar; registered at Kolar Police Station 03. Synthetic demonstration record.
1766,100061060202600001,202600001,2026-01-16,5550,1060,1,2,3,8,3,7006,2026-01-15 13:16:00,2026-01-15 13:51:00,2026-01-15 15:23:00,17.88288,77.512351,Domestic Violence reported in Bidar; registered at Bidar Police Station 10. Synthetic demonstration record.
1767,100071063202300003,202300003,2023-12-21,5407,1063,1,2,1,3,3,7007,2023-12-21 12:52:00,2023-12-21 14:01:00,2023-12-21 14:53:00,11.935028,76.941804,Assault reported in Chamarajanagar; registered at Chamarajanagar Police Station 03. Synthetic demonstration record.
1768,100011009202200001,202200001,2022-09-17,5444,1009,1,2,1,3,3,7001,2022-09-17 16:06:00,2022-09-17 16:44:00,2022-09-17 18:10:00,16.212416,75.75001,Assault reported in Bagalkot; registered at Bagalkot Police Station 09. Synthetic demonstration record.
1769,100021014202500002,202500002,2025-09-22,5275,1014,1,2,4,11,3,7002,2025-09-20 19:15:00,2025-09-20 21:32:00,2025-09-20 22:39:00,15.129614,76.947559,Online Fraud reported in Ballari; registered at Ballari Police Station 04. Synthetic demonstration record.
1770,100061056202600002,202600002,2026-03-17,5549,1056,1,2,1,3,3,7006,2026-03-16 15:29:00,2026-03-16 16:56:00,2026-03-16 18:00:00,17.909811,77.549914,Assault reported in Bidar; registered at Bidar Police Station 06. Synthetic demonstration record.
1771,100051043202500003,202500003,2025-11-12,5343,1043,1,2,4,11,2,7005,2025-11-12 10:33:00,2025-11-12 13:05:00,2025-11-12 14:55:00,12.96953,77.589968,Online Fraud reported in Bengaluru Urban; registered at Bengaluru Urban Police Station 03. Synthetic demonstration record.
1772,100101091202400002,202400002,2024-08-25,5098,1091,1,2,4,11,2,7010,2024-08-25 15:12:00,2024-08-25 15:26:00,2024-08-25 16:52:00,14.227328,76.385863,Online Fraud reported in Chitradurga; registered at Chitradurga Police Station 01. Synthetic demonstration record.
1773,100181179202300002,202300002,2023-09-16,5381,1179,1,1,1,2,5,7018,2023-09-16 00:14:00,2023-09-16 01:16:00,2023-09-16 03:12:00,12.330711,75.825783,Attempt to Murder reported in Kodagu; registered at Kodagu Police Station 09. Synthetic demonstration record.
1774,100121120202500002,202500002,2025-03-18,5121,1120,1,2,4,11,1,7012,2025-03-18 16:55:00,2025-03-18 17:28:00,2025-03-18 18:48:00,14.4126,75.944349,Online Fraud reported in Davanagere; registered at Davanagere Police Station 10. Synthetic demonstration record.
1775,100101098202400002,202400002,2024-08-25,5269,1098,1,2,2,6,2,7010,2024-08-25 21:33:00,2024-08-26 00:06:00,2024-08-26 01:12:00,14.217194,76.388246,Vehicle Theft reported in Chitradurga; registered at Chitradurga Police Station 08. Synthetic demonstration record.
1776,100181178202300001,202300001,2023-10-24,5593,1178,1,2,2,7,5,7018,2023-10-22 02:16:00,2023-10-22 05:16:00,2023-10-22 06:20:00,12.340949,75.802774,House Theft reported in Kodagu; registered at Kodagu Police Station 08. Synthetic demonstration record.
1777,100051043202500004,202500004,2025-03-31,5259,1043,1,2,4,12,2,7005,2025-03-30 13:31:00,2025-03-30 15:50:00,2025-03-30 16:59:00,12.961603,77.662465,Identity Theft reported in Bengaluru Urban; registered at Bengaluru Urban Police Station 03. Synthetic demonstration record.
1778,300141138202600001,202600001,2026-06-24,5382,1138,2,2,2,6,4,7014,2026-06-24 19:25:00,2026-06-24 21:53:00,2026-06-24 22:03:00,15.435301,75.622635,Vehicle Theft reported in Gadag; registered at Gadag Police Station 08. Synthetic demonstration record.
1779,100051043202600004,202600004,2026-01-21,5259,1043,1,2,4,11,4,7005,2026-01-20 16:00:00,2026-01-20 18:50:00,2026-01-20 19:34:00,13.018596,77.590016,Online Fraud reported in Bengaluru Urban; registered at Bengaluru Urban Police Station 03. Synthetic demonstration record.
1780,100301296202300001,202300001,2023-01-01,5435,1296,1,2,3,8,4,7030,2022-12-30 02:09:00,2022-12-30 03:28:00,2022-12-30 03:57:00,16.744734,77.193132,Domestic Violence reported in Yadgir; registered at Yadgir Police Station 06. Synthetic demonstration record.
1781,100271263202300002,202300002,2023-05-12,5210,1263,1,2,7,18,2,7027,2023-05-11 19:56:00,2023-05-11 21:06:00,2023-05-11 21:11:00,13.348911,74.70833,Cheating reported in Udupi; registered at Udupi Police Station 03. Synthetic demonstration record.
1782,100251243202400001,202400001,2024-10-03,5377,1243,1,2,1,3,2,7025,2024-10-01 01:51:00,2024-10-01 02:47:00,2024-10-01 04:31:00,13.917287,75.566445,Assault reported in Shivamogga; registered at Shivamogga Police Station 03. Synthetic demonstration record.
1783,100101097202200002,202200002,2022-03-09,5598,1097,1,1,2,4,1,7010,2022-03-09 21:07:00,2022-03-09 23:45:00,2022-03-10 00:08:00,14.17935,76.440117,Robbery reported in Chitradurga; registered at Chitradurga Police Station 07. Synthetic demonstration record.
1784,100031024202500003,202500003,2025-03-08,5032,1024,1,2,3,8,1,7003,2025-03-06 01:33:00,2025-03-06 02:37:00,2025-03-06 03:07:00,15.848113,74.530278,Domestic Violence reported in Belagavi; registered at Belagavi Police Station 04. Synthetic demonstration record.
1785,100121111202400001,202400001,2024-02-23,5157,1111,1,2,1,3,1,7012,2024-02-23 17:22:00,2024-02-23 19:57:00,2024-02-23 21:19:00,14.479779,75.925529,Assault reported in Davanagere; registered at Davanagere Police Station 01. Synthetic demonstration record.
1786,100011003202300003,202300003,2023-11-16,5570,1003,1,2,1,3,1,7001,2023-11-15 02:15:00,2023-11-15 03:57:00,2023-11-15 05:02:00,16.137193,75.740611,Assault reported in Bagalkot; registered at Bagalkot Police Station 03. Synthetic demonstration record.
1787,100121120202300003,202300003,2023-09-20,5530,1120,1,2,2,5,5,7012,2023-09-18 00:05:00,2023-09-18 01:44:00,2023-09-18 02:19:00,14.421634,75.964483,Burglary reported in Davanagere; registered at Davanagere Police Station 10. Synthetic demonstration record.
1788,100311308202600001,202600001,2026-07-16,5206,1308,1,2,2,7,2,7031,2026-07-16 01:26:00,2026-07-16 02:23:00,2026-07-16 02:28:00,15.395685,76.420779,House Theft reported in Vijayanagara; registered at Vijayanagara Police Station 08. Synthetic demonstration record.
1789,800051043202500001,202500001,2025-04-23,5343,1043,4,2,4,11,3,7005,2025-04-23 10:48:00,2025-04-23 12:53:00,2025-04-23 14:40:00,12.969686,77.613722,Online Fraud reported in Bengaluru Urban; registered at Bengaluru Urban Police Station 03. Synthetic demonstration record.
1790,100201196202500001,202500001,2025-09-19,5156,1196,1,2,7,18,1,7020,2025-09-19 13:50:00,2025-09-19 14:26:00,2025-09-19 16:20:00,15.31782,76.124327,Cheating reported in Koppal; registered at Koppal Police Station 06. Synthetic demonstration record.
1791,100101095202600002,202600002,2026-02-18,5364,1095,1,2,2,6,1,7010,2026-02-18 20:25:00,2026-02-18 21:44:00,2026-02-18 23:01:00,14.237625,76.377832,Vehicle Theft reported in Chitradurga; registered at Chitradurga Police Station 05. Synthetic demonstration record.
1792,100151144202400001,202400001,2024-06-17,5370,1144,1,2,4,11,1,7015,2024-06-15 19:25:00,2024-06-15 20:14:00,2024-06-15 20:42:00,12.997724,76.127586,Online Fraud reported in Hassan; registered at Hassan Police Station 04. Synthetic demonstration record.
1793,100091084202200001,202200001,2022-03-31,5469,1084,1,2,1,3,2,7009,2022-03-29 19:39:00,2022-03-29 21:25:00,2022-03-29 23:10:00,13.314624,75.831378,Assault reported in Chikkamagaluru; registered at Chikkamagaluru Police Station 04. Synthetic demonstration record.
1794,100291284202400002,202400002,2024-02-10,5414,1284,1,2,3,8,1,7029,2024-02-08 22:30:00,2024-02-09 01:08:00,2024-02-09 01:38:00,16.824621,75.698565,Domestic Violence reported in Vijayapura; registered at Vijayapura Police Station 04. Synthetic demonstration record.
1795,100251250202600002,202600002,2026-03-23,5502,1250,1,2,4,13,1,7025,2026-03-21 09:37:00,2026-03-21 11:43:00,2026-03-21 13:09:00,13.925824,75.565604,Cyber Stalking reported in Shivamogga; registered at Shivamogga Police Station 10. Synthetic demonstration record.
1796,100231227202300001,202300001,2023-06-12,5158,1227,1,2,3,8,3,7023,2023-06-11 21:55:00,2023-06-12 00:14:00,2023-06-12 01:00:00,16.226173,77.329181,Domestic Violence reported in Raichur; registered at Raichur Police Station 07. Synthetic demonstration record.
1797,100111101202600003,202600003,2026-01-15,5589,1101,1,2,7,18,2,7011,2026-01-15 19:55:00,2026-01-15 22:29:00,2026-01-15 22:56:00,12.917412,74.883436,Cheating reported in Dakshina Kannada; registered at Dakshina Kannada Police Station 01. Synthetic demonstration record.
1798,100121118202200002,202200002,2022-06-19,5035,1118,1,2,2,7,1,7012,2022-06-19 01:14:00,2022-06-19 02:41:00,2022-06-19 04:33:00,14.477955,75.89296,House Theft reported in Davanagere; registered at Davanagere Police Station 08. Synthetic demonstration record.
1799,100271264202400001,202400001,2024-12-11,5146,1264,1,2,2,6,1,7027,2024-12-09 18:54:00,2024-12-09 19:14:00,2024-12-09 19:43:00,13.310185,74.791499,Vehicle Theft reported in Udupi; registered at Udupi Police Station 04. Synthetic demonstration record.
1800,100061052202400003,202400003,2024-04-10,5001,1052,1,2,4,11,1,7006,2024-04-08 15:31:00,2024-04-08 18:18:00,2024-04-08 20:17:00,17.909093,77.480789,Online Fraud reported in Bidar; registered at Bidar Police Station 02. Synthetic demonstration record.
1801,100251250202500002,202500002,2025-03-19,5502,1250,1,2,4,12,1,7025,2025-03-18 15:17:00,2025-03-18 18:04:00,2025-03-18 19:13:00,13.961958,75.606683,Identity Theft reported in Shivamogga; registered at Shivamogga Police Station 10. Synthetic demonstration record.
1802,400241234202300001,202300001,2023-12-13,5328,1234,3,2,2,7,1,7024,2023-12-11 23:22:00,2023-12-12 02:05:00,2023-12-12 02:28:00,12.714976,77.267742,House Theft reported in Ramanagara; registered at Ramanagara Police Station 04. Synthetic demonstration record.
1803,100271261202400001,202400001,2024-05-24,5544,1261,1,2,4,13,1,7027,2024-05-22 13:22:00,2024-05-22 14:04:00,2024-05-22 15:00:00,13.343074,74.757632,Cyber Stalking reported in Udupi; registered at Udupi Police Station 01. Synthetic demonstration record.
1804,100071064202600002,202600002,2026-05-22,5043,1064,1,2,4,12,1,7007,2026-05-21 13:34:00,2026-05-21 15:06:00,2026-05-21 15:58:00,11.871185,76.995927,Identity Theft reported in Chamarajanagar; registered at Chamarajanagar Police Station 04. Synthetic demonstration record.
1805,100261256202400001,202400001,2024-11-12,5351,1256,1,2,2,6,5,7026,2024-11-11 21:38:00,2024-11-11 22:44:00,2024-11-11 23:20:00,13.359439,77.047366,Vehicle Theft reported in Tumakuru; registered at Tumakuru Police Station 06. Synthetic demonstration record.
1806,100231225202400001,202400001,2024-06-06,5498,1225,1,1,5,15,2,7023,2024-06-04 10:53:00,2024-06-04 11:50:00,2024-06-04 12:50:00,16.220459,77.309366,Drug Trafficking reported in Raichur; registered at Raichur Police Station 05. Synthetic demonstration record.
1807,100281271202400001,202400001,2024-12-02,5140,1271,1,2,4,12,5,7028,2024-12-02 18:20:00,2024-12-02 19:19:00,2024-12-02 21:11:00,14.802317,74.198739,Identity Theft reported in Uttara Kannada; registered at Uttara Kannada Police Station 01. Synthetic demonstration record.
1808,100181174202200005,202200005,2022-02-12,5209,1174,1,2,2,5,3,7018,2022-02-11 00:19:00,2022-02-11 00:50:00,2022-02-11 01:51:00,12.278298,75.805602,Burglary reported in Kodagu; registered at Kodagu Police Station 04. Synthetic demonstration record.
1809,100301292202300001,202300001,2023-05-23,5138,1292,1,2,2,5,2,7030,2023-05-21 01:17:00,2023-05-21 03:51:00,2023-05-21 04:27:00,16.74995,77.186444,Burglary reported in Yadgir; registered at Yadgir Police Station 02. Synthetic demonstration record.
1810,100051041202500005,202500005,2025-02-07,5496,1041,1,2,4,11,1,7005,2025-02-05 21:07:00,2025-02-05 23:20:00,2025-02-06 00:06:00,12.965026,77.581125,Online Fraud reported in Bengaluru Urban; registered at Bengaluru Urban Police Station 01. Synthetic demonstration record.
1811,100061055202300004,202300004,2023-12-10,5536,1055,1,2,2,7,2,7006,2023-12-09 03:53:00,2023-12-09 04:50:00,2023-12-09 06:22:00,17.909223,77.592193,House Theft reported in Bidar; registered at Bidar Police Station 05. Synthetic demonstration record.
1812,100011004202200003,202200003,2022-07-25,5107,1004,1,2,2,6,5,7001,2022-07-24 17:07:00,2022-07-24 17:20:00,2022-07-24 18:20:00,16.151467,75.693236,Vehicle Theft reported in Bagalkot; registered at Bagalkot Police Station 04. Synthetic demonstration record.
1813,100171164202400001,202400001,2024-04-22,5131,1164,1,2,3,9,2,7017,2024-04-22 21:11:00,2024-04-22 23:23:00,2024-04-22 23:29:00,17.309458,76.843084,Sexual Harassment reported in Kalaburagi; registered at Kalaburagi Police Station 04. Synthetic demonstration record.
1814,100281277202400001,202400001,2024-05-30,5432,1277,1,2,1,3,3,7028,2024-05-29 16:34:00,2024-05-29 17:03:00,2024-05-29 18:48:00,14.788299,74.201033,Assault reported in Uttara Kannada; registered at Uttara Kannada Police Station 07. Synthetic demonstration record.
1815,100221213202300003,202300003,2023-02-23,5056,1213,1,2,8,20,2,7022,2023-02-23 07:25:00,2023-02-23 08:35:00,2023-02-23 09:19:00,12.327708,76.620124,Hit and Run reported in Mysuru; registered at Mysuru Police Station 03. Synthetic demonstration record.
1816,100211207202500004,202500004,2025-01-02,5064,1207,1,2,3,8,5,7021,2024-12-31 19:21:00,2024-12-31 21:50:00,2024-12-31 23:48:00,12.518808,76.882192,Domestic Violence reported in Mandya; registered at Mandya Police Station 07. Synthetic demonstration record.
1817,100291284202400003,202400003,2024-08-04,5016,1284,1,2,4,12,5,7029,2024-08-04 12:00:00,2024-08-04 12:26:00,2024-08-04 14:22:00,16.870612,75.685536,Identity Theft reported in Vijayapura; registered at Vijayapura Police Station 04. Synthetic demonstration record.
1818,100091087202400002,202400002,2024-12-25,5292,1087,1,2,2,6,2,7009,2024-12-25 18:04:00,2024-12-25 19:26:00,2024-12-25 20:37:00,13.298772,75.797725,Vehicle Theft reported in Chikkamagaluru; registered at Chikkamagaluru Police Station 07. Synthetic demonstration record.
1819,100051043202500005,202500005,2025-09-22,5343,1043,1,2,4,13,3,7005,2025-09-21 13:42:00,2025-09-21 15:33:00,2025-09-21 15:39:00,12.995231,77.601143,Cyber Stalking reported in Bengaluru Urban; registered at Bengaluru Urban Police Station 03. Synthetic demonstration record.
1820,100231227202500002,202500002,2025-03-13,5158,1227,1,2,6,17,1,7023,2025-03-12 17:14:00,2025-03-12 18:29:00,2025-03-12 19:14:00,16.221518,77.350053,Unlawful Assembly reported in Raichur; registered at Raichur Police Station 07. Synthetic demonstration record.
1821,100101091202500002,202500002,2025-07-28,5195,1091,1,2,8,20,1,7010,2025-07-27 04:37:00,2025-07-27 07:09:00,2025-07-27 07:43:00,14.239722,76.382049,Hit and Run reported in Chitradurga; registered at Chitradurga Police Station 01. Synthetic demonstration record.
1822,100241233202200001,202200001,2022-10-17,5457,1233,1,2,4,11,2,7024,2022-10-15 13:30:00,2022-10-15 15:56:00,2022-10-15 17:02:00,12.738028,77.233005,Online Fraud reported in Ramanagara; registered at Ramanagara Police Station 03. Synthetic demonstration record.
1823,100061060202500003,202500003,2025-03-04,5164,1060,1,2,4,11,3,7006,2025-03-03 15:24:00,2025-03-03 16:22:00,2025-03-03 17:33:00,17.874642,77.529309,Online Fraud reported in Bidar; registered at Bidar Police Station 10. Synthetic demonstration record.
1824,100041031202300004,202300004,2023-05-13,5302,1031,1,1,2,4,1,7004,2023-05-11 17:31:00,2023-05-11 18:29:00,2023-05-11 18:49:00,13.277845,77.731246,Robbery reported in Bengaluru Rural; registered at Bengaluru Rural Police Station 01. Synthetic demonstration record.
1825,100131126202400003,202400003,2024-06-29,5104,1126,1,2,1,3,3,7013,2024-06-27 05:27:00,2024-06-27 06:15:00,2024-06-27 07:16:00,15.486142,75.057281,Assault reported in Dharwad; registered at Dharwad Police Station 06. Synthetic demonstration record.
1826,100031030202500002,202500002,2025-04-09,5071,1030,1,2,7,19,3,7003,2025-04-08 15:02:00,2025-04-08 16:16:00,2025-04-08 18:13:00,15.905114,74.458999,Forgery reported in Belagavi; registered at Belagavi Police Station 10. Synthetic demonstration record.
1827,100181174202400004,202400004,2024-12-10,5209,1174,1,2,7,18,3,7018,2024-12-08 18:19:00,2024-12-08 19:29:00,2024-12-08 19:46:00,12.333602,75.777292,Cheating reported in Kodagu; registered at Kodagu Police Station 04. Synthetic demonstration record.
1828,100201196202200001,202200001,2022-08-17,5247,1196,1,2,5,14,1,7020,2022-08-17 23:21:00,2022-08-17 23:57:00,2022-08-18 00:46:00,15.322817,76.152358,NDPS Possession reported in Koppal; registered at Koppal Police Station 06. Synthetic demonstration record.
1829,100311302202500004,202500004,2025-08-26,5188,1302,1,2,4,11,1,7031,2025-08-26 13:50:00,2025-08-26 14:05:00,2025-08-26 16:01:00,15.318186,76.492784,Online Fraud reported in Vijayanagara; registered at Vijayanagara Police Station 02. Synthetic demonstration record.
1830,100241233202600002,202600002,2026-07-11,5457,1233,1,2,3,8,1,7024,2026-07-11 05:51:00,2026-07-11 06:07:00,2026-07-11 06:25:00,12.715975,77.306287,Domestic Violence reported in Ramanagara; registered at Ramanagara Police Station 03. Synthetic demonstration record.
1831,100051049202600005,202600005,2026-07-21,5433,1049,1,2,4,11,4,7005,2026-07-21 10:44:00,2026-07-21 12:02:00,2026-07-21 12:39:00,12.985916,77.584314,Online Fraud reported in Bengaluru Urban; registered at Bengaluru Urban Police Station 09. Synthetic demonstration record.
1832,100071063202400005,202400005,2024-04-13,5009,1063,1,2,4,12,2,7007,2024-04-12 09:23:00,2024-04-12 11:19:00,2024-04-12 13:10:00,11.919908,76.978838,Identity Theft reported in Chamarajanagar; registered at Chamarajanagar Police Station 03. Synthetic demonstration record.
1833,100291289202500001,202500001,2025-12-05,5304,1289,1,2,3,9,3,7029,2025-12-03 18:46:00,2025-12-03 19:19:00,2025-12-03 20:19:00,16.858549,75.7175,Sexual Harassment reported in Vijayapura; registered at Vijayapura Police Station 09. Synthetic demonstration record.
1834,100141139202400002,202400002,2024-02-16,5241,1139,1,2,8,20,3,7014,2024-02-14 03:23:00,2024-02-14 05:04:00,2024-02-14 05:18:00,15.378584,75.691461,Hit and Run reported in Gadag; registered at Gadag Police Station 09. Synthetic demonstration record.
1835,100051043202400008,202400008,2024-12-29,5343,1043,1,2,4,11,3,7005,2024-12-29 14:03:00,2024-12-29 16:33:00,2024-12-29 18:04:00,12.983252,77.578576,Online Fraud reported in Bengaluru Urban; registered at Bengaluru Urban Police Station 03. Synthetic demonstration record.
1836,100041040202200002,202200002,2022-02-13,5173,1040,1,2,3,9,2,7004,2022-02-13 19:19:00,2022-02-13 21:24:00,2022-02-13 22:21:00,13.313294,77.723485,Sexual Harassment reported in Bengaluru Rural; registered at Bengaluru Rural Police Station 10. Synthetic demonstration record.
1837,100281277202400002,202400002,2024-02-12,5462,1277,1,2,2,5,2,7028,2024-02-11 02:22:00,2024-02-11 04:24:00,2024-02-11 04:49:00,14.80709,74.139945,Burglary reported in Uttara Kannada; registered at Uttara Kannada Police Station 07. Synthetic demonstration record.
1838,100161154202200003,202200003,2022-06-28,5096,1154,1,2,2,6,3,7016,2022-06-26 19:00:00,2022-06-26 21:43:00,2022-06-26 22:01:00,14.759424,75.452515,Vehicle Theft reported in Haveri; registered at Haveri Police Station 04. Synthetic demonstration record.
1839,100131122202200003,202200003,2022-01-15,5153,1122,1,2,4,11,1,7013,2022-01-14 18:15:00,2022-01-14 19:03:00,2022-01-14 20:35:00,15.447832,75.08215,Online Fraud reported in Dharwad; registered at Dharwad Police Station 02. Synthetic demonstration record.
1840,100051050202400009,202400009,2024-11-09,5450,1050,1,2,4,13,2,7005,2024-11-08 17:11:00,2024-11-08 20:00:00,2024-11-08 21:31:00,12.976064,77.607,Cyber Stalking reported in Bengaluru Urban; registered at Bengaluru Urban Police Station 10. Synthetic demonstration record.
1841,100221215202300002,202300002,2023-10-25,5425,1215,1,1,2,4,3,7022,2023-10-23 21:42:00,2023-10-23 22:47:00,2023-10-23 23:04:00,12.285791,76.615733,Robbery reported in Mysuru; registered at Mysuru Police Station 05. Synthetic demonstration record.
1842,100081072202600002,202600002,2026-03-29,5073,1072,1,2,3,8,3,7008,2026-03-29 05:11:00,2026-03-29 07:28:00,2026-03-29 08:22:00,13.45911,77.700292,Domestic Violence reported in Chikkaballapur; registered at Chikkaballapur Police Station 02. Synthetic demonstration record.
1843,100051043202500006,202500006,2025-05-21,5343,1043,1,2,3,9,2,7005,2025-05-21 21:57:00,2025-05-22 00:23:00,2025-05-22 02:07:00,13.028025,77.597125,Sexual Harassment reported in Bengaluru Urban; registered at Bengaluru Urban Police Station 03. Synthetic demonstration record.
1844,100091090202400003,202400003,2024-09-18,5101,1090,1,2,1,3,1,7009,2024-09-16 17:58:00,2024-09-16 20:13:00,2024-09-16 20:42:00,13.285249,75.782087,Assault reported in Chikkamagaluru; registered at Chikkamagaluru Police Station 10. Synthetic demonstration record.
1845,100251241202300004,202300004,2023-07-28,5132,1241,1,2,2,6,2,7025,2023-07-26 19:33:00,2023-07-26 20:33:00,2023-07-26 22:29:00,13.919479,75.59215,Vehicle Theft reported in Shivamogga; registered at Shivamogga Police Station 01. Synthetic demonstration record.
1846,100311310202400002,202400002,2024-08-21,5148,1310,1,2,1,3,3,7031,2024-08-21 21:35:00,2024-08-21 21:50:00,2024-08-21 23:04:00,15.358139,76.456201,Assault reported in Vijayanagara; registered at Vijayanagara Police Station 10. Synthetic demonstration record.
1847,100141137202300002,202300002,2023-07-24,5445,1137,1,2,4,13,1,7014,2023-07-22 18:22:00,2023-07-22 21:01:00,2023-07-22 22:49:00,15.41546,75.68485,Cyber Stalking reported in Gadag; registered at Gadag Police Station 07. Synthetic demonstration record.
1848,100051048202200005,202200005,2022-04-21,5452,1048,1,2,4,11,3,7005,2022-04-20 19:09:00,2022-04-20 20:26:00,2022-04-20 21:10:00,13.023002,77.586576,Online Fraud reported in Bengaluru Urban; registered at Bengaluru Urban Police Station 08. Synthetic demonstration record.
1849,100221220202200002,202200002,2022-06-14,5225,1220,1,2,5,14,1,7022,2022-06-12 02:29:00,2022-06-12 02:48:00,2022-06-12 03:48:00,12.309296,76.65478,NDPS Possession reported in Mysuru; registered at Mysuru Police Station 10. Synthetic demonstration record.
1850,100091083202600001,202600001,2026-02-03,5149,1083,1,2,2,7,3,7009,2026-02-02 02:27:00,2026-02-02 02:43:00,2026-02-02 03:38:00,13.310391,75.840207,House Theft reported in Chikkamagaluru; registered at Chikkamagaluru Police Station 03. Synthetic demonstration record.
1851,100171161202500005,202500005,2025-02-03,5226,1161,1,2,3,8,2,7017,2025-02-02 05:13:00,2025-02-02 07:30:00,2025-02-02 07:53:00,17.383218,76.817406,Domestic Violence reported in Kalaburagi; registered at Kalaburagi Police Station 01. Synthetic demonstration record.
1852,100161160202500002,202500002,2025-01-09,5501,1160,1,2,2,7,5,7016,2025-01-09 23:19:00,2025-01-10 02:19:00,2025-01-10 02:47:00,14.764823,75.402786,House Theft reported in Haveri; registered at Haveri Police Station 10. Synthetic demonstration record.
1853,100201199202400002,202400002,2024-03-20,5084,1199,1,2,4,12,2,7020,2024-03-20 09:38:00,2024-03-20 11:27:00,2024-03-20 11:35:00,15.401257,76.154449,Identity Theft reported in Koppal; registered at Koppal Police Station 09. Synthetic demonstration record.
1854,100191182202200001,202200001,2022-03-27,5584,1182,1,2,1,3,1,7019,2022-03-26 10:18:00,2022-03-26 11:36:00,2022-03-26 13:17:00,13.074325,78.166671,Assault reported in Kolar; registered at Kolar Police Station 02. Synthetic demonstration record.
1855,100261259202500004,202500004,2025-05-15,5541,1259,1,1,5,15,5,7026,2025-05-13 07:17:00,2025-05-13 08:17:00,2025-05-13 09:23:00,13.318363,77.093822,Drug Trafficking reported in Tumakuru; registered at Tumakuru Police Station 09. Synthetic demonstration record.
1856,100221220202200003,202200003,2022-08-13,5005,1220,1,2,2,7,2,7022,2022-08-12 03:24:00,2022-08-12 03:51:00,2022-08-12 05:49:00,12.238132,76.64727,House Theft reported in Mysuru; registered at Mysuru Police Station 10. Synthetic demonstration record.
1857,800131121202300001,202300001,2023-01-08,5198,1121,4,2,2,6,1,7013,2023-01-08 18:13:00,2023-01-08 21:12:00,2023-01-08 23:12:00,15.456634,75.014403,Vehicle Theft reported in Dharwad; registered at Dharwad Police Station 01. Synthetic demonstration record.
1858,300011007202300001,202300001,2023-07-16,5396,1007,2,2,1,3,2,7001,2023-07-14 16:18:00,2023-07-14 17:54:00,2023-07-14 19:47:00,16.183398,75.737704,Assault reported in Bagalkot; registered at Bagalkot Police Station 07. Synthetic demonstration record.
1859,100101095202600003,202600003,2026-04-09,5236,1095,1,2,8,20,5,7010,2026-04-09 23:55:00,2026-04-10 01:42:00,2026-04-10 03:42:00,14.218308,76.406061,Hit and Run reported in Chitradurga; registered at Chitradurga Police Station 05. Synthetic demonstration record.
1860,100071064202300003,202300003,2023-07-17,5214,1064,1,2,8,20,3,7007,2023-07-17 02:46:00,2023-07-17 04:13:00,2023-07-17 04:57:00,11.904209,76.973675,Hit and Run reported in Chamarajanagar; registered at Chamarajanagar Police Station 04. Synthetic demonstration record.
1861,100051045202200005,202200005,2022-12-05,5419,1045,1,2,4,11,3,7005,2022-12-03 14:50:00,2022-12-03 17:15:00,2022-12-03 19:12:00,12.989497,77.610687,Online Fraud reported in Bengaluru Urban; registered at Bengaluru Urban Police Station 05. Synthetic demonstration record.
1862,100051044202400002,202400002,2024-04-03,5346,1044,1,2,3,8,3,7005,2024-04-03 21:22:00,2024-04-03 23:20:00,2024-04-04 01:05:00,12.973909,77.625753,Domestic Violence reported in Bengaluru Urban; registered at Bengaluru Urban Police Station 04. Synthetic demonstration record.
1863,100041038202300003,202300003,2023-04-05,5097,1038,1,2,2,6,3,7004,2023-04-05 21:43:00,2023-04-05 23:48:00,2023-04-05 23:53:00,13.251093,77.707536,Vehicle Theft reported in Bengaluru Rural; registered at Bengaluru Rural Police Station 08. Synthetic demonstration record.
1864,100221214202300002,202300002,2023-11-19,5383,1214,1,2,2,6,1,7022,2023-11-18 18:29:00,2023-11-18 20:01:00,2023-11-18 21:56:00,12.335317,76.707992,Vehicle Theft reported in Mysuru; registered at Mysuru Police Station 04. Synthetic demonstration record.
1865,100051048202300006,202300006,2023-07-05,5159,1048,1,2,2,5,3,7005,2023-07-04 01:50:00,2023-07-04 03:40:00,2023-07-04 05:36:00,12.949276,77.619409,Burglary reported in Bengaluru Urban; registered at Bengaluru Urban Police Station 08. Synthetic demonstration record.
1866,100111107202500003,202500003,2025-05-02,5323,1107,1,2,2,7,3,7011,2025-05-01 01:59:00,2025-05-01 04:48:00,2025-05-01 04:58:00,12.947253,74.90598,House Theft reported in Dakshina Kannada; registered at Dakshina Kannada Police Station 07. Synthetic demonstration record.
1867,100231225202600002,202600002,2026-05-02,5511,1225,1,2,4,11,5,7023,2026-05-02 14:37:00,2026-05-02 15:27:00,2026-05-02 16:16:00,16.191749,77.310534,Online Fraud reported in Raichur; registered at Raichur Police Station 05. Synthetic demonstration record.
1868,100311309202200001,202200001,2022-01-16,5583,1309,1,2,2,7,3,7031,2022-01-14 00:09:00,2022-01-14 00:34:00,2022-01-14 00:52:00,15.363006,76.45475,House Theft reported in Vijayanagara; registered at Vijayanagara Police Station 09. Synthetic demonstration record.
1869,100131124202500002,202500002,2025-02-18,5245,1124,1,2,4,11,3,7013,2025-02-18 21:06:00,2025-02-18 23:27:00,2025-02-18 23:38:00,15.464507,75.034419,Online Fraud reported in Dharwad; registered at Dharwad Police Station 04. Synthetic demonstration record.
1870,100121112202300001,202300001,2023-04-15,5075,1112,1,2,6,17,3,7012,2023-04-14 08:28:00,2023-04-14 09:12:00,2023-04-14 09:37:00,14.44904,75.88856,Unlawful Assembly reported in Davanagere; registered at Davanagere Police Station 02. Synthetic demonstration record.
1871,100141131202200003,202200003,2022-10-15,5048,1131,1,2,1,3,3,7014,2022-10-15 20:40:00,2022-10-15 23:34:00,2022-10-16 00:18:00,15.418281,75.698812,Assault reported in Gadag; registered at Gadag Police Station 01. Synthetic demonstration record.
1872,100101100202200001,202200001,2022-05-31,5369,1100,1,2,8,20,3,7010,2022-05-30 00:17:00,2022-05-30 01:44:00,2022-05-30 03:29:00,14.253887,76.424707,Hit and Run reported in Chitradurga; registered at Chitradurga Police Station 10. Synthetic demonstration record.
1873,100291285202500001,202500001,2025-02-22,5239,1285,1,2,7,18,1,7029,2025-02-20 20:14:00,2025-02-20 20:49:00,2025-02-20 22:05:00,16.816984,75.760065,Cheating reported in Vijayapura; registered at Vijayapura Police Station 05. Synthetic demonstration record.
1874,100051042202400004,202400004,2024-07-16,5300,1042,1,2,4,11,2,7005,2024-07-16 21:35:00,2024-07-16 23:27:00,2024-07-17 01:26:00,12.964314,77.616158,Online Fraud reported in Bengaluru Urban; registered at Bengaluru Urban Police Station 02. Synthetic demonstration record.
1875,100181171202300004,202300004,2023-10-24,5452,1171,1,1,2,4,2,7018,2023-10-24 20:49:00,2023-10-24 21:22:00,2023-10-24 22:19:00,12.335176,75.873799,Robbery reported in Kodagu; registered at Kodagu Police Station 01. Synthetic demonstration record.
1876,100161157202500001,202500001,2025-11-21,5462,1157,1,2,8,20,3,7016,2025-11-21 06:22:00,2025-11-21 07:27:00,2025-11-21 08:43:00,14.806419,75.38466,Hit and Run reported in Haveri; registered at Haveri Police Station 07. Synthetic demonstration record.
1877,100061052202500002,202500002,2025-12-15,5001,1052,1,2,3,8,1,7006,2025-12-14 14:07:00,2025-12-14 16:28:00,2025-12-14 17:13:00,17.95477,77.482969,Domestic Violence reported in Bidar; registered at Bidar Police Station 02. Synthetic demonstration record.
1878,100231221202300001,202300001,2023-07-02,5052,1221,1,1,2,4,1,7023,2023-07-02 20:27:00,2023-07-02 21:17:00,2023-07-02 22:41:00,16.146578,77.349633,Robbery reported in Raichur; registered at Raichur Police Station 01. Synthetic demonstration record.
1879,100141136202500001,202500001,2025-12-18,5316,1136,1,2,3,8,2,7014,2025-12-18 17:43:00,2025-12-18 18:13:00,2025-12-18 18:29:00,15.406762,75.662338,Domestic Violence reported in Gadag; registered at Gadag Police Station 06. Synthetic demonstration record.
1880,100101100202300001,202300001,2023-12-08,5540,1100,1,2,3,8,1,7010,2023-12-06 09:22:00,2023-12-06 10:11:00,2023-12-06 10:38:00,14.213018,76.396128,Domestic Violence reported in Chitradurga; registered at Chitradurga Police Station 10. Synthetic demonstration record.
1881,100151149202200002,202200002,2022-11-02,5379,1149,1,2,2,5,5,7015,2022-11-01 02:51:00,2022-11-01 03:13:00,2022-11-01 03:24:00,13.037097,76.101458,Burglary reported in Hassan; registered at Hassan Police Station 09. Synthetic demonstration record.
1882,100141138202400001,202400001,2024-03-06,5382,1138,1,1,1,1,4,7014,2024-03-05 09:59:00,2024-03-05 11:27:00,2024-03-05 12:51:00,15.455921,75.647224,Murder reported in Gadag; registered at Gadag Police Station 08. Synthetic demonstration record.
1883,100231223202200001,202200001,2022-12-07,5365,1223,1,2,7,19,2,7023,2022-12-07 15:25:00,2022-12-07 16:49:00,2022-12-07 17:56:00,16.208792,77.352614,Forgery reported in Raichur; registered at Raichur Police Station 03. Synthetic demonstration record.
1884,100201195202600002,202600002,2026-04-06,5004,1195,1,2,4,13,2,7020,2026-04-05 20:26:00,2026-04-05 22:01:00,2026-04-05 23:09:00,15.367113,76.199803,Cyber Stalking reported in Koppal; registered at Koppal Police Station 05. Synthetic demonstration record.
1885,100151144202500003,202500003,2025-09-03,5210,1144,1,2,2,5,5,7015,2025-09-02 03:01:00,2025-09-02 05:43:00,2025-09-02 06:55:00,13.033812,76.132117,Burglary reported in Hassan; registered at Hassan Police Station 04. Synthetic demonstration record.
1886,100051046202500004,202500004,2025-09-05,5371,1046,1,2,4,12,5,7005,2025-09-05 10:32:00,2025-09-05 12:50:00,2025-09-05 13:16:00,12.976739,77.633567,Identity Theft reported in Bengaluru Urban; registered at Bengaluru Urban Police Station 06. Synthetic demonstration record.
1887,100021014202200001,202200001,2022-05-16,5275,1014,1,2,5,14,5,7002,2022-05-15 20:46:00,2022-05-15 21:22:00,2022-05-15 21:32:00,15.117043,76.894069,NDPS Possession reported in Ballari; registered at Ballari Police Station 04. Synthetic demonstration record.
1888,100311309202300002,202300002,2023-04-21,5583,1309,1,2,2,6,4,7031,2023-04-19 18:06:00,2023-04-19 20:56:00,2023-04-19 21:17:00,15.334224,76.477425,Vehicle Theft reported in Vijayanagara; registered at Vijayanagara Police Station 09. Synthetic demonstration record.
1889,100051047202300007,202300007,2023-04-22,5600,1047,1,2,4,12,1,7005,2023-04-22 12:51:00,2023-04-22 14:58:00,2023-04-22 16:28:00,12.953681,77.617356,Identity Theft reported in Bengaluru Urban; registered at Bengaluru Urban Police Station 07. Synthetic demonstration record.
1890,100141131202300001,202300001,2023-03-28,5556,1131,1,2,4,12,3,7014,2023-03-28 18:58:00,2023-03-28 19:22:00,2023-03-28 19:50:00,15.372041,75.6742,Identity Theft reported in Gadag; registered at Gadag Police Station 01. Synthetic demonstration record.
1891,100011003202600001,202600001,2026-04-03,5516,1003,1,2,7,18,4,7001,2026-04-01 16:26:00,2026-04-01 17:04:00,2026-04-01 17:57:00,16.126258,75.711756,Cheating reported in Bagalkot; registered at Bagalkot Police Station 03. Synthetic demonstration record.
1892,100261253202600003,202600003,2026-04-11,5261,1253,1,1,2,4,1,7026,2026-04-11 19:27:00,2026-04-11 22:26:00,2026-04-12 00:24:00,13.341301,77.137813,Robbery reported in Tumakuru; registered at Tumakuru Police Station 03. Synthetic demonstration record.
1893,300221213202300001,202300001,2023-07-16,5176,1213,2,2,7,19,2,7022,2023-07-15 15:55:00,2023-07-15 16:40:00,2023-07-15 17:00:00,12.289852,76.64452,Forgery reported in Mysuru; registered at Mysuru Police Station 03. Synthetic demonstration record.
1894,100291290202300001,202300001,2023-02-14,5286,1290,1,2,4,11,1,7029,2023-02-14 09:42:00,2023-02-14 11:25:00,2023-02-14 11:56:00,16.847723,75.749418,Online Fraud reported in Vijayapura; registered at Vijayapura Police Station 10. Synthetic demonstration record.
1895,100181174202200006,202200006,2022-07-17,5209,1174,1,2,7,18,2,7018,2022-07-17 10:59:00,2022-07-17 13:56:00,2022-07-17 15:37:00,12.299116,75.832015,Cheating reported in Kodagu; registered at Kodagu Police Station 04. Synthetic demonstration record.
1896,100201198202400001,202400001,2024-12-26,5510,1198,1,2,4,13,3,7020,2024-12-26 11:22:00,2024-12-26 11:42:00,2024-12-26 13:28:00,15.362713,76.200702,Cyber Stalking reported in Koppal; registered at Koppal Police Station 08. Synthetic demonstration record.
1897,100071064202200001,202200001,2022-11-01,5280,1064,1,2,3,8,2,7007,2022-11-01 14:53:00,2022-11-01 17:14:00,2022-11-01 18:43:00,11.905559,76.913313,Domestic Violence reported in Chamarajanagar; registered at Chamarajanagar Police Station 04. Synthetic demonstration record.
1898,100291283202400002,202400002,2024-06-14,5534,1283,1,2,3,8,1,7029,2024-06-13 13:21:00,2024-06-13 14:10:00,2024-06-13 16:06:00,16.83091,75.695699,Domestic Violence reported in Vijayapura; registered at Vijayapura Police Station 03. Synthetic demonstration record.
1899,100291290202300002,202300002,2023-10-26,5286,1290,1,2,2,7,2,7029,2023-10-24 02:56:00,2023-10-24 03:50:00,2023-10-24 05:12:00,16.816018,75.726284,House Theft reported in Vijayapura; registered at Vijayapura Police Station 10. Synthetic demonstration record.
1900,100241232202300001,202300001,2023-09-07,5352,1232,1,2,6,17,1,7024,2023-09-07 01:39:00,2023-09-07 02:21:00,2023-09-07 02:54:00,12.690938,77.309428,Unlawful Assembly reported in Ramanagara; registered at Ramanagara Police Station 02. Synthetic demonstration record.
1901,100111105202400002,202400002,2024-05-07,5334,1105,1,2,4,11,1,7011,2024-05-05 12:37:00,2024-05-05 13:44:00,2024-05-05 13:52:00,12.946285,74.839227,Online Fraud reported in Dakshina Kannada; registered at Dakshina Kannada Police Station 05. Synthetic demonstration record.
1902,100211202202200003,202200003,2022-07-26,5421,1202,1,2,4,11,5,7021,2022-07-24 19:37:00,2022-07-24 20:55:00,2022-07-24 21:56:00,12.51741,76.90974,Online Fraud reported in Mandya; registered at Mandya Police Station 02. Synthetic demonstration record.
1903,100091081202300001,202300001,2023-02-17,5310,1081,1,2,6,16,3,7009,2023-02-15 13:02:00,2023-02-15 14:18:00,2023-02-15 16:02:00,13.309728,75.742423,Rioting reported in Chikkamagaluru; registered at Chikkamagaluru Police Station 01. Synthetic demonstration record.
1904,100271262202500003,202500003,2025-05-17,5444,1262,1,2,7,19,3,7027,2025-05-17 10:53:00,2025-05-17 12:21:00,2025-05-17 12:40:00,13.37217,74.815742,Forgery reported in Udupi; registered at Udupi Police Station 02. Synthetic demonstration record.
1905,100221218202200003,202200003,2022-04-17,5103,1218,1,2,4,12,3,7022,2022-04-16 18:01:00,2022-04-16 19:20:00,2022-04-16 20:07:00,12.282137,76.666469,Identity Theft reported in Mysuru; registered at Mysuru Police Station 08. Synthetic demonstration record.
1906,100051049202300005,202300005,2023-07-23,5433,1049,1,2,4,11,1,7005,2023-07-23 13:22:00,2023-07-23 14:54:00,2023-07-23 15:35:00,13.015911,77.551853,Online Fraud reported in Bengaluru Urban; registered at Bengaluru Urban Police Station 09. Synthetic demonstration record.
1907,100071062202300001,202300001,2023-01-19,5447,1062,1,2,3,8,5,7007,2023-01-18 06:46:00,2023-01-18 08:38:00,2023-01-18 09:08:00,11.974471,76.917252,Domestic Violence reported in Chamarajanagar; registered at Chamarajanagar Police Station 02. Synthetic demonstration record.
1908,100261256202500002,202500002,2025-04-27,5388,1256,1,2,1,3,1,7026,2025-04-26 16:27:00,2025-04-26 16:47:00,2025-04-26 18:30:00,13.286875,77.144904,Assault reported in Tumakuru; registered at Tumakuru Police Station 06. Synthetic demonstration record.
1909,100121117202300001,202300001,2023-09-01,5439,1117,1,2,3,8,3,7012,2023-08-30 06:53:00,2023-08-30 09:41:00,2023-08-30 11:37:00,14.508612,75.953537,Domestic Violence reported in Davanagere; registered at Davanagere Police Station 07. Synthetic demonstration record.
1910,800171164202500001,202500001,2025-09-02,5131,1164,4,2,2,5,2,7017,2025-09-01 22:32:00,2025-09-01 23:35:00,2025-09-02 00:07:00,17.311631,76.855305,Burglary reported in Kalaburagi; registered at Kalaburagi Police Station 04. Synthetic demonstration record.
1911,100251241202500002,202500002,2025-01-04,5074,1241,1,2,7,19,2,7025,2025-01-04 14:51:00,2025-01-04 15:50:00,2025-01-04 17:36:00,13.916869,75.609815,Forgery reported in Shivamogga; registered at Shivamogga Police Station 01. Synthetic demonstration record.
1912,100211208202400002,202400002,2024-06-21,5199,1208,1,2,4,11,3,7021,2024-06-21 15:00:00,2024-06-21 15:24:00,2024-06-21 15:37:00,12.553972,76.873526,Online Fraud reported in Mandya; registered at Mandya Police Station 08. Synthetic demonstration record.
1913,100041038202400001,202400001,2024-06-14,5097,1038,1,2,7,19,5,7004,2024-06-14 20:03:00,2024-06-14 22:25:00,2024-06-14 23:25:00,13.265613,77.685536,Forgery reported in Bengaluru Rural; registered at Bengaluru Rural Police Station 08. Synthetic demonstration record.
1914,100051048202300007,202300007,2023-08-06,5182,1048,1,2,2,5,3,7005,2023-08-04 22:10:00,2023-08-05 01:01:00,2023-08-05 02:46:00,12.991148,77.648795,Burglary reported in Bengaluru Urban; registered at Bengaluru Urban Police Station 08. Synthetic demonstration record.
1915,400231222202200001,202200001,2022-05-27,5172,1222,3,2,3,8,4,7023,2022-05-27 14:59:00,2022-05-27 16:54:00,2022-05-27 18:14:00,16.264763,77.309905,Domestic Violence reported in Raichur; registered at Raichur Police Station 02. Synthetic demonstration record.
1916,100201197202300002,202300002,2023-12-22,5575,1197,1,2,3,8,1,7020,2023-12-22 18:53:00,2023-12-22 21:02:00,2023-12-22 21:34:00,15.369128,76.112642,Domestic Violence reported in Koppal; registered at Koppal Police Station 07. Synthetic demonstration record.
1917,100101091202200002,202200002,2022-09-15,5098,1091,1,2,2,6,5,7010,2022-09-15 20:50:00,2022-09-15 22:15:00,2022-09-15 23:45:00,14.167735,76.451306,Vehicle Theft reported in Chitradurga; registered at Chitradurga Police Station 01. Synthetic demonstration record.
1918,100271261202300003,202300003,2023-03-08,5375,1261,1,2,7,18,5,7027,2023-03-08 10:02:00,2023-03-08 11:03:00,2023-03-08 11:19:00,13.358962,74.719229,Cheating reported in Udupi; registered at Udupi Police Station 01. Synthetic demonstration record.
1919,100261259202400001,202400001,2024-11-20,5541,1259,1,2,2,6,3,7026,2024-11-19 18:37:00,2024-11-19 20:35:00,2024-11-19 20:46:00,13.401654,77.057931,Vehicle Theft reported in Tumakuru; registered at Tumakuru Police Station 09. Synthetic demonstration record.
1920,100271263202200001,202200001,2022-03-26,5210,1263,1,2,3,8,1,7027,2022-03-25 14:25:00,2022-03-25 16:07:00,2022-03-25 17:56:00,13.352845,74.72866,Domestic Violence reported in Udupi; registered at Udupi Police Station 03. Synthetic demonstration record.
1921,100291283202500002,202500002,2025-06-21,5534,1283,1,2,4,12,1,7029,2025-06-19 18:43:00,2025-06-19 19:41:00,2025-06-19 20:14:00,16.856147,75.742508,Identity Theft reported in Vijayapura; registered at Vijayapura Police Station 03. Synthetic demonstration record.
1922,100151146202400001,202400001,2024-07-31,5258,1146,1,2,7,18,3,7015,2024-07-30 19:42:00,2024-07-30 22:09:00,2024-07-30 22:31:00,13.010975,76.112914,Cheating reported in Hassan; registered at Hassan Police Station 06. Synthetic demonstration record.
1923,100051048202600003,202600003,2026-07-11,5001,1048,1,2,4,11,1,7005,2026-07-09 20:46:00,2026-07-09 21:08:00,2026-07-09 22:21:00,12.93993,77.635133,Online Fraud reported in Bengaluru Urban; registered at Bengaluru Urban Police Station 08. Synthetic demonstration record.
1924,100311307202500004,202500004,2025-10-27,5256,1307,1,2,7,19,3,7031,2025-10-27 16:37:00,2025-10-27 19:02:00,2025-10-27 20:54:00,15.364684,76.48623,Forgery reported in Vijayanagara; registered at Vijayanagara Police Station 07. Synthetic demonstration record.
1925,100111108202500001,202500001,2025-06-12,5555,1108,1,2,4,11,1,7011,2025-06-11 21:54:00,2025-06-12 00:49:00,2025-06-12 01:02:00,12.922506,74.903992,Online Fraud reported in Dakshina Kannada; registered at Dakshina Kannada Police Station 08. Synthetic demonstration record.
1926,100021013202400001,202400001,2024-11-22,5308,1013,1,2,2,6,2,7002,2024-11-21 17:28:00,2024-11-21 19:04:00,2024-11-21 19:16:00,15.114947,76.89606,Vehicle Theft reported in Ballari; registered at Ballari Police Station 03. Synthetic demonstration record.
1927,100061058202300001,202300001,2023-03-16,5262,1058,1,2,7,19,3,7006,2023-03-14 21:25:00,2023-03-14 22:01:00,2023-03-14 22:49:00,17.89423,77.594885,Forgery reported in Bidar; registered at Bidar Police Station 08. Synthetic demonstration record.
1928,100301300202500001,202500001,2025-01-09,5592,1300,1,2,7,19,2,7030,2025-01-07 11:08:00,2025-01-07 13:59:00,2025-01-07 14:58:00,16.799897,77.149035,Forgery reported in Yadgir; registered at Yadgir Police Station 10. Synthetic demonstration record.
1929,100291282202200001,202200001,2022-05-06,5279,1282,1,2,3,9,1,7029,2022-05-05 17:23:00,2022-05-05 20:05:00,2022-05-05 21:17:00,16.866313,75.709686,Sexual Harassment reported in Vijayapura; registered at Vijayapura Police Station 02. Synthetic demonstration record.
1930,300191182202600001,202600001,2026-07-10,5301,1182,2,2,3,8,3,7019,2026-07-10 06:11:00,2026-07-10 06:45:00,2026-07-10 08:03:00,13.132022,78.122404,Domestic Violence reported in Kolar; registered at Kolar Police Station 02. Synthetic demonstration record.
1931,800091089202600001,202600001,2026-03-21,5430,1089,4,2,7,18,2,7009,2026-03-21 21:57:00,2026-03-22 00:41:00,2026-03-22 02:29:00,13.323767,75.80945,Cheating reported in Chikkamagaluru; registered at Chikkamagaluru Police Station 09. Synthetic demonstration record.
1932,100221211202300005,202300005,2023-05-14,5489,1211,1,2,7,18,2,7022,2023-05-13 21:11:00,2023-05-14 00:01:00,2023-05-14 01:59:00,12.230363,76.695158,Cheating reported in Mysuru; registered at Mysuru Police Station 01. Synthetic demonstration record.
1933,100121114202300002,202300002,2023-01-25,5524,1114,1,2,4,11,5,7012,2023-01-24 21:50:00,2023-01-24 23:50:00,2023-01-25 01:45:00,14.49815,75.926879,Online Fraud reported in Davanagere; registered at Davanagere Police Station 04. Synthetic demonstration record.
1934,100281272202300002,202300002,2023-10-28,5277,1272,1,1,2,4,1,7028,2023-10-26 18:28:00,2023-10-26 19:38:00,2023-10-26 20:47:00,14.829342,74.178172,Robbery reported in Uttara Kannada; registered at Uttara Kannada Police Station 02. Synthetic demonstration record.
1935,100081078202600001,202600001,2026-04-18,5347,1078,1,2,2,6,2,7008,2026-04-18 19:57:00,2026-04-18 22:20:00,2026-04-18 23:07:00,13.455079,77.724278,Vehicle Theft reported in Chikkaballapur; registered at Chikkaballapur Police Station 08. Synthetic demonstration record.
1936,100271265202500002,202500002,2025-09-23,5231,1265,1,2,4,11,1,7027,2025-09-21 20:28:00,2025-09-21 21:51:00,2025-09-21 22:49:00,13.391858,74.729651,Online Fraud reported in Udupi; registered at Udupi Police Station 05. Synthetic demonstration record.
1937,100051045202600004,202600004,2026-03-21,5419,1045,1,2,4,11,2,7005,2026-03-20 19:16:00,2026-03-20 22:00:00,2026-03-20 23:45:00,12.938549,77.609133,Online Fraud reported in Bengaluru Urban; registered at Bengaluru Urban Police Station 05. Synthetic demonstration record.
1938,800261259202400001,202400001,2024-08-23,5541,1259,4,2,2,7,1,7026,2024-08-21 02:15:00,2024-08-21 05:01:00,2024-08-21 06:51:00,13.336347,77.154358,House Theft reported in Tumakuru; registered at Tumakuru Police Station 09. Synthetic demonstration record.
1939,100211205202600002,202600002,2026-03-12,5128,1205,1,2,3,8,3,7021,2026-03-11 07:42:00,2026-03-11 10:29:00,2026-03-11 11:53:00,12.526335,76.865432,Domestic Violence reported in Mandya; registered at Mandya Police Station 05. Synthetic demonstration record.
1940,100241232202600002,202600002,2026-07-03,5352,1232,1,1,1,2,1,7024,2026-07-03 05:57:00,2026-07-03 06:24:00,2026-07-03 08:01:00,12.759707,77.293133,Attempt to Murder reported in Ramanagara; registered at Ramanagara Police Station 02. Synthetic demonstration record.
1941,100261256202500003,202500003,2025-10-15,5099,1256,1,2,2,6,1,7026,2025-10-15 19:12:00,2025-10-15 22:03:00,2025-10-15 23:29:00,13.294201,77.154281,Vehicle Theft reported in Tumakuru; registered at Tumakuru Police Station 06. Synthetic demonstration record.
1942,100231230202200001,202200001,2022-06-05,5197,1230,1,2,6,16,2,7023,2022-06-04 22:51:00,2022-06-04 23:38:00,2022-06-05 00:07:00,16.213045,77.355593,Rioting reported in Raichur; registered at Raichur Police Station 10. Synthetic demonstration record.
1943,100051046202500005,202500005,2025-01-10,5437,1046,1,2,4,13,5,7005,2025-01-08 21:52:00,2025-01-09 00:13:00,2025-01-09 00:21:00,12.971807,77.620776,Cyber Stalking reported in Bengaluru Urban; registered at Bengaluru Urban Police Station 06. Synthetic demonstration record.
1944,100141137202200002,202200002,2022-08-09,5445,1137,1,2,6,17,2,7014,2022-08-07 21:06:00,2022-08-07 23:33:00,2022-08-08 00:07:00,15.413914,75.625086,Unlawful Assembly reported in Gadag; registered at Gadag Police Station 07. Synthetic demonstration record.
1945,100231229202200003,202200003,2022-04-17,5161,1229,1,2,4,11,1,7023,2022-04-16 13:05:00,2022-04-16 14:18:00,2022-04-16 14:59:00,16.228985,77.368911,Online Fraud reported in Raichur; registered at Raichur Police Station 09. Synthetic demonstration record.
1946,100081073202500002,202500002,2025-10-30,5528,1073,1,2,1,3,1,7008,2025-10-29 22:23:00,2025-10-30 00:33:00,2025-10-30 01:10:00,13.450654,77.702701,Assault reported in Chikkaballapur; registered at Chikkaballapur Police Station 03. Synthetic demonstration record.
1947,100211201202400004,202400004,2024-04-22,5023,1201,1,1,5,15,3,7021,2024-04-20 09:19:00,2024-04-20 12:13:00,2024-04-20 13:04:00,12.51854,76.946063,Drug Trafficking reported in Mandya; registered at Mandya Police Station 01. Synthetic demonstration record.
1948,100211208202200002,202200002,2022-03-03,5445,1208,1,2,3,9,2,7021,2022-03-01 19:36:00,2022-03-01 21:14:00,2022-03-01 23:06:00,12.525314,76.87217,Sexual Harassment reported in Mandya; registered at Mandya Police Station 08. Synthetic demonstration record.
1949,100091088202200001,202200001,2022-01-19,5585,1088,1,2,4,11,2,7009,2022-01-18 14:23:00,2022-01-18 16:57:00,2022-01-18 18:45:00,13.293207,75.755887,Online Fraud reported in Chikkamagaluru; registered at Chikkamagaluru Police Station 08. Synthetic demonstration record.
1950,100191184202300001,202300001,2023-10-04,5479,1184,1,2,2,6,3,7019,2023-10-03 19:24:00,2023-10-03 21:01:00,2023-10-03 21:21:00,13.165122,78.130841,Vehicle Theft reported in Kolar; registered at Kolar Police Station 04. Synthetic demonstration record.
1951,100121115202500004,202500004,2025-03-21,5445,1115,1,2,1,3,2,7012,2025-03-20 21:59:00,2025-03-21 00:45:00,2025-03-21 01:42:00,14.457944,75.928665,Assault reported in Davanagere; registered at Davanagere Police Station 05. Synthetic demonstration record.
1952,100201194202300001,202300001,2023-06-06,5372,1194,1,2,5,14,2,7020,2023-06-04 01:50:00,2023-06-04 02:15:00,2023-06-04 03:42:00,15.281275,76.16485,NDPS Possession reported in Koppal; registered at Koppal Police Station 04. Synthetic demonstration record.
1953,400171167202500001,202500001,2025-05-17,5578,1167,3,1,1,2,2,7017,2025-05-17 07:50:00,2025-05-17 08:25:00,2025-05-17 10:16:00,17.335199,76.794887,Attempt to Murder reported in Kalaburagi; registered at Kalaburagi Police Station 07. Synthetic demonstration record.
1954,100071061202200001,202200001,2022-01-28,5238,1061,1,1,1,2,5,7007,2022-01-28 05:53:00,2022-01-28 07:22:00,2022-01-28 07:47:00,11.92071,76.903718,Attempt to Murder reported in Chamarajanagar; registered at Chamarajanagar Police Station 01. Synthetic demonstration record.
1955,100111107202400003,202400003,2024-09-11,5053,1107,1,2,4,12,1,7011,2024-09-09 18:17:00,2024-09-09 20:55:00,2024-09-09 21:11:00,12.914335,74.857537,Identity Theft reported in Dakshina Kannada; registered at Dakshina Kannada Police Station 07. Synthetic demonstration record.
1956,100051046202400004,202400004,2024-01-16,5017,1046,1,2,2,7,2,7005,2024-01-15 03:36:00,2024-01-15 05:02:00,2024-01-15 07:01:00,12.964772,77.543201,House Theft reported in Bengaluru Urban; registered at Bengaluru Urban Police Station 06. Synthetic demonstration record.
1957,100131127202500002,202500002,2025-03-23,5346,1127,1,2,1,3,1,7013,2025-03-22 17:32:00,2025-03-22 20:19:00,2025-03-22 21:23:00,15.472164,75.071688,Assault reported in Dharwad; registered at Dharwad Police Station 07. Synthetic demonstration record.
1958,100051044202600004,202600004,2026-04-02,5338,1044,1,2,1,3,2,7005,2026-04-01 02:19:00,2026-04-01 02:37:00,2026-04-01 03:10:00,12.960989,77.637718,Assault reported in Bengaluru Urban; registered at Bengaluru Urban Police Station 04. Synthetic demonstration record.
1959,100021014202400002,202400002,2024-02-15,5275,1014,1,2,4,11,1,7002,2024-02-15 10:01:00,2024-02-15 12:19:00,2024-02-15 12:51:00,15.194236,76.901259,Online Fraud reported in Ballari; registered at Ballari Police Station 04. Synthetic demonstration record.
1960,100071065202400002,202400002,2024-11-09,5514,1065,1,2,7,19,5,7007,2024-11-07 12:05:00,2024-11-07 12:26:00,2024-11-07 12:39:00,11.91937,76.925801,Forgery reported in Chamarajanagar; registered at Chamarajanagar Police Station 05. Synthetic demonstration record.
1961,100291282202600002,202600002,2026-02-15,5279,1282,1,2,3,9,2,7029,2026-02-14 19:01:00,2026-02-14 20:25:00,2026-02-14 21:01:00,16.796854,75.743017,Sexual Harassment reported in Vijayapura; registered at Vijayapura Police Station 02. Synthetic demonstration record.
1962,100031021202400002,202400002,2024-07-30,5562,1021,1,2,4,12,5,7003,2024-07-29 18:12:00,2024-07-29 18:27:00,2024-07-29 19:46:00,15.876955,74.475969,Identity Theft reported in Belagavi; registered at Belagavi Police Station 01. Synthetic demonstration record.
1963,400051049202500002,202500002,2025-07-08,5561,1049,3,2,4,12,2,7005,2025-07-08 13:46:00,2025-07-08 14:17:00,2025-07-08 14:28:00,12.976598,77.588436,Identity Theft reported in Bengaluru Urban; registered at Bengaluru Urban Police Station 09. Synthetic demonstration record.
1964,100271268202500001,202500001,2025-04-19,5138,1268,1,2,2,6,2,7027,2025-04-17 17:42:00,2025-04-17 18:42:00,2025-04-17 20:06:00,13.319023,74.716762,Vehicle Theft reported in Udupi; registered at Udupi Police Station 08. Synthetic demonstration record.
1965,100251247202200001,202200001,2022-01-18,5122,1247,1,2,2,5,3,7025,2022-01-18 01:20:00,2022-01-18 04:13:00,2022-01-18 04:53:00,13.929597,75.592193,Burglary reported in Shivamogga; registered at Shivamogga Police Station 07. Synthetic demonstration record.
1966,100311304202200003,202200003,2022-07-03,5232,1304,1,2,4,13,3,7031,2022-07-01 09:55:00,2022-07-01 12:23:00,2022-07-01 12:30:00,15.318123,76.490087,Cyber Stalking reported in Vijayanagara; registered at Vijayanagara Police Station 04. Synthetic demonstration record.
1967,100011008202200004,202200004,2022-08-04,5255,1008,1,2,7,18,1,7001,2022-08-03 17:04:00,2022-08-03 19:20:00,2022-08-03 19:44:00,16.165339,75.690791,Cheating reported in Bagalkot; registered at Bagalkot Police Station 08. Synthetic demonstration record.
1968,100051046202500006,202500006,2025-03-24,5156,1046,1,2,4,11,1,7005,2025-03-23 14:43:00,2025-03-23 16:02:00,2025-03-23 17:06:00,12.964776,77.568752,Online Fraud reported in Bengaluru Urban; registered at Bengaluru Urban Police Station 06. Synthetic demonstration record.
1969,100221218202500002,202500002,2025-08-09,5011,1218,1,2,2,5,5,7022,2025-08-09 02:03:00,2025-08-09 04:15:00,2025-08-09 05:25:00,12.292084,76.673346,Burglary reported in Mysuru; registered at Mysuru Police Station 08. Synthetic demonstration record.
1970,300241236202200001,202200001,2022-10-13,5272,1236,2,2,5,14,2,7024,2022-10-13 08:37:00,2022-10-13 09:08:00,2022-10-13 11:06:00,12.699949,77.262636,NDPS Possession reported in Ramanagara; registered at Ramanagara Police Station 06. Synthetic demonstration record.
1971,100051044202400003,202400003,2024-03-10,5343,1044,1,2,7,18,2,7005,2024-03-10 10:48:00,2024-03-10 13:16:00,2024-03-10 14:26:00,12.949896,77.568531,Cheating reported in Bengaluru Urban; registered at Bengaluru Urban Police Station 04. Synthetic demonstration record.
1972,100311309202600002,202600002,2026-03-01,5583,1309,1,2,7,18,3,7031,2026-02-27 18:07:00,2026-02-27 19:49:00,2026-02-27 20:57:00,15.361809,76.480985,Cheating reported in Vijayanagara; registered at Vijayanagara Police Station 09. Synthetic demonstration record.
1973,100311301202600002,202600002,2026-05-10,5106,1301,1,2,6,17,2,7031,2026-05-08 14:00:00,2026-05-08 16:41:00,2026-05-08 18:17:00,15.377223,76.48875,Unlawful Assembly reported in Vijayanagara; registered at Vijayanagara Police Station 01. Synthetic demonstration record.
1974,100051048202500003,202500003,2025-07-30,5580,1048,1,2,1,3,3,7005,2025-07-30 03:55:00,2025-07-30 06:07:00,2025-07-30 07:50:00,12.940794,77.646174,Assault reported in Bengaluru Urban; registered at Bengaluru Urban Police Station 08. Synthetic demonstration record.
1975,100291282202200002,202200002,2022-08-28,5321,1282,1,2,4,11,4,7029,2022-08-27 10:46:00,2022-08-27 12:35:00,2022-08-27 13:53:00,16.85914,75.73057,Online Fraud reported in Vijayapura; registered at Vijayapura Police Station 02. Synthetic demonstration record.
1976,100221211202200002,202200002,2022-02-18,5489,1211,1,2,3,8,1,7022,2022-02-17 19:00:00,2022-02-17 19:41:00,2022-02-17 20:46:00,12.330158,76.616193,Domestic Violence reported in Mysuru; registered at Mysuru Police Station 01. Synthetic demonstration record.
1977,100051043202200002,202200002,2022-05-17,5259,1043,1,2,7,18,5,7005,2022-05-15 11:07:00,2022-05-15 12:52:00,2022-05-15 13:50:00,12.947189,77.565368,Cheating reported in Bengaluru Urban; registered at Bengaluru Urban Police Station 03. Synthetic demonstration record.
1978,100211210202300001,202300001,2023-02-24,5081,1210,1,1,3,10,1,7021,2023-02-23 04:01:00,2023-02-23 05:12:00,2023-02-23 05:25:00,12.535268,76.930057,Kidnapping reported in Mandya; registered at Mandya Police Station 10. Synthetic demonstration record.
1979,100101092202400002,202400002,2024-03-29,5318,1092,1,2,3,8,4,7010,2024-03-29 03:13:00,2024-03-29 05:58:00,2024-03-29 07:11:00,14.257085,76.403255,Domestic Violence reported in Chitradurga; registered at Chitradurga Police Station 02. Synthetic demonstration record.
1980,100031029202200003,202200003,2022-10-10,5336,1029,1,2,4,12,4,7003,2022-10-08 10:13:00,2022-10-08 10:34:00,2022-10-08 11:45:00,15.833422,74.487793,Identity Theft reported in Belagavi; registered at Belagavi Police Station 09. Synthetic demonstration record.
1981,100211209202300003,202300003,2023-11-18,5282,1209,1,2,4,11,1,7021,2023-11-18 13:18:00,2023-11-18 15:56:00,2023-11-18 16:11:00,12.562336,76.927645,Online Fraud reported in Mandya; registered at Mandya Police Station 09. Synthetic demonstration record.
1982,100271267202600001,202600001,2026-05-25,5257,1267,1,1,2,4,3,7027,2026-05-25 20:48:00,2026-05-25 23:08:00,2026-05-26 00:47:00,13.309207,74.735658,Robbery reported in Udupi; registered at Udupi Police Station 07. Synthetic demonstration record.
1983,100261258202500002,202500002,2025-08-17,5015,1258,1,2,7,19,2,7026,2025-08-17 16:17:00,2025-08-17 17:17:00,2025-08-17 18:49:00,13.326908,77.074401,Forgery reported in Tumakuru; registered at Tumakuru Police Station 08. Synthetic demonstration record.
1984,300281275202500001,202500001,2025-05-30,5574,1275,2,2,3,8,2,7028,2025-05-28 04:21:00,2025-05-28 05:52:00,2025-05-28 07:00:00,14.804666,74.207992,Domestic Violence reported in Uttara Kannada; registered at Uttara Kannada Police Station 05. Synthetic demonstration record.
1985,100101098202300002,202300002,2023-01-19,5269,1098,1,2,3,9,4,7010,2023-01-18 17:04:00,2023-01-18 19:55:00,2023-01-18 21:16:00,14.159475,76.396026,Sexual Harassment reported in Chitradurga; registered at Chitradurga Police Station 08. Synthetic demonstration record.
1986,100181177202500003,202500003,2025-11-13,5198,1177,1,2,4,11,1,7018,2025-11-11 13:26:00,2025-11-11 15:10:00,2025-11-11 15:39:00,12.320061,75.817147,Online Fraud reported in Kodagu; registered at Kodagu Police Station 07. Synthetic demonstration record.
1987,100061055202500002,202500002,2025-10-27,5536,1055,1,2,6,17,1,7006,2025-10-27 20:30:00,2025-10-27 22:13:00,2025-10-27 22:52:00,17.94897,77.503256,Unlawful Assembly reported in Bidar; registered at Bidar Police Station 05. Synthetic demonstration record.
1988,800071063202600001,202600001,2026-06-09,5009,1063,4,2,2,7,1,7007,2026-06-08 23:57:00,2026-06-09 00:07:00,2026-06-09 00:26:00,11.865559,76.956566,House Theft reported in Chamarajanagar; registered at Chamarajanagar Police Station 03. Synthetic demonstration record.
1989,100031023202500002,202500002,2025-12-29,5127,1023,1,2,2,6,3,7003,2025-12-29 20:20:00,2025-12-29 21:05:00,2025-12-29 22:24:00,15.811019,74.527765,Vehicle Theft reported in Belagavi; registered at Belagavi Police Station 03. Synthetic demonstration record.
1990,100051044202600005,202600005,2026-05-13,5336,1044,1,2,4,12,1,7005,2026-05-11 11:18:00,2026-05-11 12:00:00,2026-05-11 13:22:00,12.967349,77.609676,Identity Theft reported in Bengaluru Urban; registered at Bengaluru Urban Police Station 04. Synthetic demonstration record.
1991,100031030202400007,202400007,2024-01-29,5459,1030,1,2,1,3,1,7003,2024-01-29 23:58:00,2024-01-30 02:36:00,2024-01-30 03:02:00,15.801763,74.523124,Assault reported in Belagavi; registered at Belagavi Police Station 10. Synthetic demonstration record.
1992,100051043202400009,202400009,2024-02-18,5259,1043,1,2,2,6,2,7005,2024-02-18 17:51:00,2024-02-18 19:05:00,2024-02-18 20:43:00,12.944259,77.603183,Vehicle Theft reported in Bengaluru Urban; registered at Bengaluru Urban Police Station 03. Synthetic demonstration record.
1993,100311306202300002,202300002,2023-10-17,5594,1306,1,2,2,6,2,7031,2023-10-17 19:34:00,2023-10-17 20:40:00,2023-10-17 22:03:00,15.370862,76.502357,Vehicle Theft reported in Vijayanagara; registered at Vijayanagara Police Station 06. Synthetic demonstration record.
1994,100151148202600002,202600002,2026-02-20,5566,1148,1,2,3,8,3,7015,2026-02-19 02:51:00,2026-02-19 04:08:00,2026-02-19 04:45:00,13.013197,76.103672,Domestic Violence reported in Hassan; registered at Hassan Police Station 08. Synthetic demonstration record.
1995,100231228202200001,202200001,2022-04-21,5244,1228,1,2,2,6,3,7023,2022-04-21 19:43:00,2022-04-21 22:19:00,2022-04-21 22:26:00,16.244639,77.350392,Vehicle Theft reported in Raichur; registered at Raichur Police Station 08. Synthetic demonstration record.
1996,100281279202600001,202600001,2026-05-04,5338,1279,1,2,4,12,1,7028,2026-05-03 13:52:00,2026-05-03 14:25:00,2026-05-03 14:31:00,14.775839,74.19884,Identity Theft reported in Uttara Kannada; registered at Uttara Kannada Police Station 09. Synthetic demonstration record.
1997,100241239202200001,202200001,2022-11-29,5446,1239,1,2,3,8,1,7024,2022-11-28 02:36:00,2022-11-28 03:17:00,2022-11-28 03:30:00,12.693586,77.260037,Domestic Violence reported in Ramanagara; registered at Ramanagara Police Station 09. Synthetic demonstration record.
1998,300051050202200001,202200001,2022-06-18,5450,1050,2,2,7,18,2,7005,2022-06-18 12:12:00,2022-06-18 14:06:00,2022-06-18 14:22:00,12.961045,77.593168,Cheating reported in Bengaluru Urban; registered at Bengaluru Urban Police Station 10. Synthetic demonstration record.
1999,100171166202400003,202400003,2024-12-26,5342,1166,1,2,3,8,1,7017,2024-12-25 02:50:00,2024-12-25 05:35:00,2024-12-25 06:20:00,17.271518,76.872025,Domestic Violence reported in Kalaburagi; registered at Kalaburagi Police Station 06. Synthetic demonstration record.
2000,100201196202300001,202300001,2023-04-22,5156,1196,1,2,6,16,3,7020,2023-04-20 11:49:00,2023-04-20 14:08:00,2023-04-20 14:21:00,15.358537,76.180093,Rioting reported in Koppal; registered at Koppal Police Station 06. Synthetic demonstration record.
2001,100241240202600001,202600001,2026-01-19,5022,1240,1,2,4,11,5,7024,2026-01-17 17:28:00,2026-01-17 19:21:00,2026-01-17 21:16:00,12.734913,77.29461,Online Fraud reported in Ramanagara; registered at Ramanagara Police Station 10. Synthetic demonstration record.
2002,100071065202300003,202300003,2023-06-16,5400,1065,1,1,3,10,1,7007,2023-06-14 21:22:00,2023-06-14 22:39:00,2023-06-15 00:33:00,11.954805,76.993847,Kidnapping reported in Chamarajanagar; registered at Chamarajanagar Police Station 05. Synthetic demonstration record.
2003,400151142202300001,202300001,2023-08-08,5412,1142,3,2,4,13,2,7015,2023-08-06 12:52:00,2023-08-06 14:56:00,2023-08-06 15:57:00,13.008555,76.076802,Cyber Stalking reported in Hassan; registered at Hassan Police Station 02. Synthetic demonstration record.
2004,100101091202400003,202400003,2024-07-22,5098,1091,1,2,2,6,1,7010,2024-07-22 19:25:00,2024-07-22 21:15:00,2024-07-22 23:11:00,14.206544,76.392275,Vehicle Theft reported in Chitradurga; registered at Chitradurga Police Station 01. Synthetic demonstration record.
2005,100111102202400004,202400004,2024-05-19,5211,1102,1,2,1,3,5,7011,2024-05-17 05:27:00,2024-05-17 07:05:00,2024-05-17 08:24:00,12.882419,74.903753,Assault reported in Dakshina Kannada; registered at Dakshina Kannada Police Station 02. Synthetic demonstration record.
2006,100131130202600002,202600002,2026-03-21,5221,1130,1,2,2,5,2,7013,2026-03-21 01:10:00,2026-03-21 03:50:00,2026-03-21 04:24:00,15.439834,74.99825,Burglary reported in Dharwad; registered at Dharwad Police Station 10. Synthetic demonstration record.
2007,100291286202600001,202600001,2026-03-20,5052,1286,1,2,3,8,3,7029,2026-03-19 15:31:00,2026-03-19 18:11:00,2026-03-19 18:27:00,16.891565,75.666623,Domestic Violence reported in Vijayapura; registered at Vijayapura Police Station 06. Synthetic demonstration record.
2008,100031023202300002,202300002,2023-01-02,5127,1023,1,2,7,18,5,7003,2023-01-02 13:09:00,2023-01-02 14:06:00,2023-01-02 14:55:00,15.879261,74.512141,Cheating reported in Belagavi; registered at Belagavi Police Station 03. Synthetic demonstration record.
2009,400221215202600001,202600001,2026-04-22,5425,1215,3,2,2,7,5,7022,2026-04-20 23:53:00,2026-04-21 01:55:00,2026-04-21 02:21:00,12.261028,76.636248,House Theft reported in Mysuru; registered at Mysuru Police Station 05. Synthetic demonstration record.
2010,100221211202200003,202200003,2022-07-18,5124,1211,1,2,5,14,4,7022,2022-07-17 00:14:00,2022-07-17 01:35:00,2022-07-17 02:40:00,12.319648,76.616503,NDPS Possession reported in Mysuru; registered at Mysuru Police Station 01. Synthetic demonstration record.
2011,100031021202400003,202400003,2024-08-23,5562,1021,1,2,4,11,1,7003,2024-08-21 17:31:00,2024-08-21 20:26:00,2024-08-21 21:42:00,15.843428,74.53424,Online Fraud reported in Belagavi; registered at Belagavi Police Station 01. Synthetic demonstration record.
2012,100031027202400004,202400004,2024-01-13,5299,1027,1,2,3,9,3,7003,2024-01-11 20:13:00,2024-01-11 20:33:00,2024-01-11 20:52:00,15.847597,74.464832,Sexual Harassment reported in Belagavi; registered at Belagavi Police Station 07. Synthetic demonstration record.
2013,100271265202300001,202300001,2023-06-05,5231,1265,1,2,1,3,1,7027,2023-06-03 21:55:00,2023-06-04 00:16:00,2023-06-04 00:42:00,13.370046,74.710828,Assault reported in Udupi; registered at Udupi Police Station 05. Synthetic demonstration record.
2014,100031028202300003,202300003,2023-03-09,5006,1028,1,2,4,11,2,7003,2023-03-08 20:09:00,2023-03-08 22:11:00,2023-03-08 23:22:00,15.88403,74.569024,Online Fraud reported in Belagavi; registered at Belagavi Police Station 08. Synthetic demonstration record.
2015,100291284202300004,202300004,2023-01-25,5258,1284,1,2,2,5,5,7029,2023-01-25 23:25:00,2023-01-26 00:19:00,2023-01-26 01:51:00,16.868749,75.664279,Burglary reported in Vijayapura; registered at Vijayapura Police Station 04. Synthetic demonstration record.
2016,300241239202200001,202200001,2022-02-08,5446,1239,2,1,3,10,1,7024,2022-02-08 04:25:00,2022-02-08 05:47:00,2022-02-08 06:21:00,12.712316,77.283728,Kidnapping reported in Ramanagara; registered at Ramanagara Police Station 09. Synthetic demonstration record.
2017,100141133202300001,202300001,2023-06-02,5205,1133,1,2,2,5,1,7014,2023-05-31 02:21:00,2023-05-31 03:03:00,2023-05-31 03:53:00,15.419529,75.673512,Burglary reported in Gadag; registered at Gadag Police Station 03. Synthetic demonstration record.
2018,100261260202300002,202300002,2023-07-29,5599,1260,1,2,4,12,1,7026,2023-07-28 15:10:00,2023-07-28 15:28:00,2023-07-28 16:57:00,13.335828,77.135324,Identity Theft reported in Tumakuru; registered at Tumakuru Police Station 10. Synthetic demonstration record.
2019,100031022202200001,202200001,2022-11-14,5192,1022,1,1,5,15,5,7003,2022-11-13 13:56:00,2022-11-13 15:24:00,2022-11-13 16:19:00,15.811415,74.527194,Drug Trafficking reported in Belagavi; registered at Belagavi Police Station 02. Synthetic demonstration record.
2020,100031021202500005,202500005,2025-09-11,5562,1021,1,2,2,7,1,7003,2025-09-09 02:53:00,2025-09-09 04:38:00,2025-09-09 05:18:00,15.830938,74.529132,House Theft reported in Belagavi; registered at Belagavi Police Station 01. Synthetic demonstration record.
2021,100111109202500002,202500002,2025-12-28,5341,1109,1,2,4,12,1,7011,2025-12-26 17:26:00,2025-12-26 18:31:00,2025-12-26 19:09:00,12.902556,74.822144,Identity Theft reported in Dakshina Kannada; registered at Dakshina Kannada Police Station 09. Synthetic demonstration record.
2022,100261255202500005,202500005,2025-04-29,5008,1255,1,2,2,6,1,7026,2025-04-29 19:15:00,2025-04-29 21:11:00,2025-04-29 22:02:00,13.364071,77.104666,Vehicle Theft reported in Tumakuru; registered at Tumakuru Police Station 05. Synthetic demonstration record.
2023,100161156202200002,202200002,2022-05-03,5373,1156,1,2,3,8,2,7016,2022-05-03 22:50:00,2022-05-04 01:31:00,2022-05-04 02:46:00,14.782518,75.422353,Domestic Violence reported in Haveri; registered at Haveri Police Station 06. Synthetic demonstration record.
2024,100031025202300002,202300002,2023-06-27,5591,1025,1,2,7,18,3,7003,2023-06-25 12:52:00,2023-06-25 13:46:00,2023-06-25 15:40:00,15.804237,74.550113,Cheating reported in Belagavi; registered at Belagavi Police Station 05. Synthetic demonstration record.
2025,100051047202300008,202300008,2023-01-12,5527,1047,1,2,2,6,2,7005,2023-01-12 20:50:00,2023-01-12 21:32:00,2023-01-12 21:50:00,12.925185,77.592985,Vehicle Theft reported in Bengaluru Urban; registered at Bengaluru Urban Police Station 07. Synthetic demonstration record.
2026,100171170202500001,202500001,2025-11-11,5285,1170,1,2,2,5,4,7017,2025-11-10 03:39:00,2025-11-10 04:59:00,2025-11-10 06:50:00,17.360899,76.840376,Burglary reported in Kalaburagi; registered at Kalaburagi Police Station 10. Synthetic demonstration record.
2027,100111103202300001,202300001,2023-04-20,5538,1103,1,2,5,14,5,7011,2023-04-20 16:11:00,2023-04-20 16:30:00,2023-04-20 16:52:00,12.951381,74.84618,NDPS Possession reported in Dakshina Kannada; registered at Dakshina Kannada Police Station 03. Synthetic demonstration record.
2028,100111105202300001,202300001,2023-11-09,5113,1105,1,2,4,11,3,7011,2023-11-07 12:44:00,2023-11-07 14:36:00,2023-11-07 15:57:00,12.970175,74.844441,Online Fraud reported in Dakshina Kannada; registered at Dakshina Kannada Police Station 05. Synthetic demonstration record.
2029,100131124202500003,202500003,2025-03-01,5245,1124,1,1,1,1,3,7013,2025-03-01 12:32:00,2025-03-01 13:48:00,2025-03-01 14:59:00,15.467823,75.056939,Murder reported in Dharwad; registered at Dharwad Police Station 04. Synthetic demonstration record.
2030,100061051202200002,202200002,2022-08-06,5116,1051,1,2,7,19,3,7006,2022-08-05 09:38:00,2022-08-05 12:29:00,2022-08-05 13:34:00,17.88695,77.555895,Forgery reported in Bidar; registered at Bidar Police Station 01. Synthetic demonstration record.
2031,100041031202400002,202400002,2024-12-22,5173,1031,1,1,1,2,2,7004,2024-12-21 00:24:00,2024-12-21 02:00:00,2024-12-21 02:36:00,13.304683,77.656435,Attempt to Murder reported in Bengaluru Rural; registered at Bengaluru Rural Police Station 01. Synthetic demonstration record.
2032,100271262202300003,202300003,2023-05-16,5045,1262,1,2,6,16,2,7027,2023-05-14 12:02:00,2023-05-14 12:54:00,2023-05-14 14:35:00,13.314115,74.720628,Rioting reported in Udupi; registered at Udupi Police Station 02. Synthetic demonstration record.
2033,100051043202500007,202500007,2025-08-04,5259,1043,1,2,6,16,5,7005,2025-08-03 21:39:00,2025-08-03 21:58:00,2025-08-03 22:06:00,12.950818,77.594428,Rioting reported in Bengaluru Urban; registered at Bengaluru Urban Police Station 03. Synthetic demonstration record.
2034,100121116202600002,202600002,2026-02-16,5114,1116,1,2,4,11,2,7012,2026-02-15 13:55:00,2026-02-15 14:20:00,2026-02-15 15:13:00,14.4592,75.966972,Online Fraud reported in Davanagere; registered at Davanagere Police Station 06. Synthetic demonstration record.
2035,100121112202600002,202600002,2026-02-09,5560,1112,1,1,3,10,3,7012,2026-02-09 18:46:00,2026-02-09 19:19:00,2026-02-09 20:55:00,14.461558,75.888766,Kidnapping reported in Davanagere; registered at Davanagere Police Station 02. Synthetic demonstration record.
2036,100271262202300004,202300004,2023-04-10,5444,1262,1,2,2,6,2,7027,2023-04-10 20:18:00,2023-04-10 23:05:00,2023-04-10 23:54:00,13.390563,74.71255,Vehicle Theft reported in Udupi; registered at Udupi Police Station 02. Synthetic demonstration record.
2037,100131122202500002,202500002,2025-06-06,5153,1122,1,1,3,10,2,7013,2025-06-05 00:04:00,2025-06-05 01:51:00,2025-06-05 03:31:00,15.472705,74.979646,Kidnapping reported in Dharwad; registered at Dharwad Police Station 02. Synthetic demonstration record.
2038,100171164202200003,202200003,2022-06-17,5131,1164,1,2,3,9,2,7017,2022-06-15 20:43:00,2022-06-15 21:05:00,2022-06-15 22:17:00,17.327849,76.839048,Sexual Harassment reported in Kalaburagi; registered at Kalaburagi Police Station 04. Synthetic demonstration record.
2039,100171161202200003,202200003,2022-08-09,5119,1161,1,2,1,3,1,7017,2022-08-07 16:57:00,2022-08-07 18:08:00,2022-08-07 19:45:00,17.281471,76.847165,Assault reported in Kalaburagi; registered at Kalaburagi Police Station 01. Synthetic demonstration record.
2040,100141140202600001,202600001,2026-04-30,5079,1140,1,1,2,4,2,7014,2026-04-29 20:18:00,2026-04-29 22:46:00,2026-04-29 23:14:00,15.41399,75.65058,Robbery reported in Gadag; registered at Gadag Police Station 10. Synthetic demonstration record.
2041,100271267202500001,202500001,2025-08-26,5257,1267,1,2,3,8,1,7027,2025-08-25 07:48:00,2025-08-25 08:21:00,2025-08-25 08:58:00,13.344675,74.689341,Domestic Violence reported in Udupi; registered at Udupi Police Station 07. Synthetic demonstration record.
2042,100101097202400001,202400001,2024-11-18,5598,1097,1,2,3,9,3,7010,2024-11-17 17:47:00,2024-11-17 19:43:00,2024-11-17 21:39:00,14.225046,76.361812,Sexual Harassment reported in Chitradurga; registered at Chitradurga Police Station 07. Synthetic demonstration record.
2043,100051042202400005,202400005,2024-08-12,5300,1042,1,1,2,4,2,7005,2024-08-10 18:28:00,2024-08-10 19:15:00,2024-08-10 20:41:00,12.958463,77.660953,Robbery reported in Bengaluru Urban; registered at Bengaluru Urban Police Station 02. Synthetic demonstration record.
2044,100051041202500006,202500006,2025-10-27,5496,1041,1,2,2,6,2,7005,2025-10-26 18:43:00,2025-10-26 19:54:00,2025-10-26 21:27:00,12.952796,77.636919,Vehicle Theft reported in Bengaluru Urban; registered at Bengaluru Urban Police Station 01. Synthetic demonstration record.
2045,100111104202200002,202200002,2022-06-21,5475,1104,1,2,5,14,1,7011,2022-06-19 21:11:00,2022-06-19 22:30:00,2022-06-20 00:16:00,12.949513,74.920996,NDPS Possession reported in Dakshina Kannada; registered at Dakshina Kannada Police Station 04. Synthetic demonstration record.
2046,100231223202500001,202500001,2025-04-04,5365,1223,1,2,3,8,3,7023,2025-04-03 07:43:00,2025-04-03 08:26:00,2025-04-03 08:34:00,16.230233,77.315548,Domestic Violence reported in Raichur; registered at Raichur Police Station 03. Synthetic demonstration record.
2047,100051041202600003,202600003,2026-01-13,5094,1041,1,2,4,11,2,7005,2026-01-12 18:31:00,2026-01-12 18:46:00,2026-01-12 20:28:00,13.003611,77.56406,Online Fraud reported in Bengaluru Urban; registered at Bengaluru Urban Police Station 01. Synthetic demonstration record.
2048,100141136202400003,202400003,2024-10-15,5316,1136,1,2,7,18,1,7014,2024-10-15 10:37:00,2024-10-15 13:12:00,2024-10-15 14:58:00,15.454164,75.643898,Cheating reported in Gadag; registered at Gadag Police Station 06. Synthetic demonstration record.
2049,800271262202300001,202300001,2023-02-08,5045,1262,4,2,2,6,5,7027,2023-02-07 17:38:00,2023-02-07 20:12:00,2023-02-07 20:52:00,13.400964,74.725884,Vehicle Theft reported in Udupi; registered at Udupi Police Station 02. Synthetic demonstration record.
2050,100091087202600002,202600002,2026-04-16,5281,1087,1,2,2,6,5,7009,2026-04-15 18:44:00,2026-04-15 21:28:00,2026-04-15 22:49:00,13.290898,75.84374,Vehicle Theft reported in Chikkamagaluru; registered at Chikkamagaluru Police Station 07. Synthetic demonstration record.
2051,100051050202200005,202200005,2022-04-27,5303,1050,1,2,4,11,3,7005,2022-04-27 11:11:00,2022-04-27 14:11:00,2022-04-27 14:26:00,12.977335,77.574436,Online Fraud reported in Bengaluru Urban; registered at Bengaluru Urban Police Station 10. Synthetic demonstration record.
2052,800311310202500001,202500001,2025-10-08,5148,1310,4,2,5,14,1,7031,2025-10-07 07:57:00,2025-10-07 10:00:00,2025-10-07 11:49:00,15.365035,76.481419,NDPS Possession reported in Vijayanagara; registered at Vijayanagara Police Station 10. Synthetic demonstration record.
2053,100041038202200002,202200002,2022-12-28,5401,1038,1,2,2,7,2,7004,2022-12-28 01:44:00,2022-12-28 03:21:00,2022-12-28 04:16:00,13.345338,77.684774,House Theft reported in Bengaluru Rural; registered at Bengaluru Rural Police Station 08. Synthetic demonstration record.
2054,100291288202200001,202200001,2022-11-12,5236,1288,1,2,8,20,5,7029,2022-11-10 11:09:00,2022-11-10 13:29:00,2022-11-10 14:16:00,16.816156,75.717655,Hit and Run reported in Vijayapura; registered at Vijayapura Police Station 08. Synthetic demonstration record.
2055,100241234202300001,202300001,2023-05-30,5328,1234,1,2,7,18,3,7024,2023-05-28 21:31:00,2023-05-29 00:09:00,2023-05-29 01:14:00,12.691983,77.287925,Cheating reported in Ramanagara; registered at Ramanagara Police Station 04. Synthetic demonstration record.
2056,100031030202200003,202200003,2022-02-22,5041,1030,1,1,2,4,3,7003,2022-02-22 18:12:00,2022-02-22 20:43:00,2022-02-22 22:29:00,15.861969,74.560085,Robbery reported in Belagavi; registered at Belagavi Police Station 10. Synthetic demonstration record.
2057,100231221202300002,202300002,2023-05-12,5052,1221,1,2,4,11,4,7023,2023-05-10 14:17:00,2023-05-10 15:46:00,2023-05-10 16:54:00,16.207563,77.320791,Online Fraud reported in Raichur; registered at Raichur Police Station 01. Synthetic demonstration record.
2058,100041034202200004,202200004,2022-03-28,5105,1034,1,2,2,5,1,7004,2022-03-26 22:31:00,2022-03-27 01:25:00,2022-03-27 02:50:00,13.287645,77.681936,Burglary reported in Bengaluru Rural; registered at Bengaluru Rural Police Station 04. Synthetic demonstration record.
2059,300231222202500001,202500001,2025-05-27,5181,1222,2,2,1,3,3,7023,2025-05-25 17:06:00,2025-05-25 17:45:00,2025-05-25 19:02:00,16.1652,77.382996,Assault reported in Raichur; registered at Raichur Police Station 02. Synthetic demonstration record.
2060,100031022202300002,202300002,2023-11-16,5007,1022,1,2,7,18,1,7003,2023-11-15 20:19:00,2023-11-15 22:08:00,2023-11-15 23:36:00,15.867918,74.51136,Cheating reported in Belagavi; registered at Belagavi Police Station 02. Synthetic demonstration record.
2061,100111104202500004,202500004,2025-07-03,5519,1104,1,2,2,6,3,7011,2025-07-02 18:45:00,2025-07-02 20:55:00,2025-07-02 21:18:00,12.894818,74.905501,Vehicle Theft reported in Dakshina Kannada; registered at Dakshina Kannada Police Station 04. Synthetic demonstration record.
2062,100091085202400004,202400004,2024-12-08,5500,1085,1,1,1,2,5,7009,2024-12-06 14:43:00,2024-12-06 17:22:00,2024-12-06 19:14:00,13.336545,75.790037,Attempt to Murder reported in Chikkamagaluru; registered at Chikkamagaluru Police Station 05. Synthetic demonstration record.
2063,300011003202300001,202300001,2023-12-31,5516,1003,2,1,2,4,3,7001,2023-12-30 17:18:00,2023-12-30 19:13:00,2023-12-30 20:00:00,16.207051,75.671726,Robbery reported in Bagalkot; registered at Bagalkot Police Station 03. Synthetic demonstration record.
2064,100061055202300005,202300005,2023-06-18,5536,1055,1,2,5,14,1,7006,2023-06-18 01:06:00,2023-06-18 03:10:00,2023-06-18 03:48:00,17.943059,77.566,NDPS Possession reported in Bidar; registered at Bidar Police Station 05. Synthetic demonstration record.
2065,100211206202200001,202200001,2022-02-17,5017,1206,1,2,3,8,1,7021,2022-02-16 18:36:00,2022-02-16 20:30:00,2022-02-16 22:12:00,12.562728,76.881795,Domestic Violence reported in Mandya; registered at Mandya Police Station 06. Synthetic demonstration record.
2066,100151148202300001,202300001,2023-05-23,5566,1148,1,2,4,12,1,7015,2023-05-23 09:15:00,2023-05-23 11:37:00,2023-05-23 12:45:00,12.982999,76.118943,Identity Theft reported in Hassan; registered at Hassan Police Station 08. Synthetic demonstration record.
2067,400181172202300001,202300001,2023-12-02,5092,1172,3,2,4,11,1,7018,2023-11-30 16:11:00,2023-11-30 17:32:00,2023-11-30 18:35:00,12.308312,75.822145,Online Fraud reported in Kodagu; registered at Kodagu Police Station 02. Synthetic demonstration record.
2068,100281278202400001,202400001,2024-03-22,5413,1278,1,2,2,6,2,7028,2024-03-21 19:17:00,2024-03-21 20:21:00,2024-03-21 20:51:00,14.76515,74.188298,Vehicle Theft reported in Uttara Kannada; registered at Uttara Kannada Police Station 08. Synthetic demonstration record.
2069,100191187202200001,202200001,2022-09-12,5208,1187,1,2,2,5,1,7019,2022-09-11 00:58:00,2022-09-11 03:00:00,2022-09-11 03:51:00,13.165351,78.194496,Burglary reported in Kolar; registered at Kolar Police Station 07. Synthetic demonstration record.
2070,100201191202200002,202200002,2022-11-20,5420,1191,1,2,5,14,1,7020,2022-11-19 14:22:00,2022-11-19 15:06:00,2022-11-19 16:31:00,15.351119,76.169065,NDPS Possession reported in Koppal; registered at Koppal Police Station 01. Synthetic demonstration record.
2071,100291287202400001,202400001,2024-08-16,5112,1287,1,2,7,19,3,7029,2024-08-16 18:36:00,2024-08-16 20:07:00,2024-08-16 20:46:00,16.824646,75.668228,Forgery reported in Vijayapura; registered at Vijayapura Police Station 07. Synthetic demonstration record.
2072,100111101202600004,202600004,2026-01-23,5589,1101,1,2,4,11,2,7011,2026-01-22 18:54:00,2026-01-22 20:52:00,2026-01-22 21:03:00,12.937183,74.837237,Online Fraud reported in Dakshina Kannada; registered at Dakshina Kannada Police Station 01. Synthetic demonstration record.
2073,100231222202600001,202600001,2026-01-24,5010,1222,1,2,4,11,3,7023,2026-01-24 13:46:00,2026-01-24 14:45:00,2026-01-24 16:37:00,16.181622,77.380051,Online Fraud reported in Raichur; registered at Raichur Police Station 02. Synthetic demonstration record.
2074,100031022202200002,202200002,2022-01-19,5007,1022,1,2,2,6,2,7003,2022-01-18 18:04:00,2022-01-18 19:39:00,2022-01-18 19:53:00,15.882609,74.558095,Vehicle Theft reported in Belagavi; registered at Belagavi Police Station 02. Synthetic demonstration record.
2075,100061058202400003,202400003,2024-03-13,5262,1058,1,2,1,3,2,7006,2024-03-13 17:20:00,2024-03-13 19:25:00,2024-03-13 20:42:00,17.869432,77.566675,Assault reported in Bidar; registered at Bidar Police Station 08. Synthetic demonstration record.
2076,400261253202400001,202400001,2024-05-24,5261,1253,3,2,1,3,1,7026,2024-05-22 07:29:00,2024-05-22 09:09:00,2024-05-22 09:22:00,13.380936,77.065664,Assault reported in Tumakuru; registered at Tumakuru Police Station 03. Synthetic demonstration record.
2077,800091082202400002,202400002,2024-08-02,5515,1082,4,2,5,14,3,7009,2024-08-01 03:04:00,2024-08-01 03:52:00,2024-08-01 05:42:00,13.368856,75.72077,NDPS Possession reported in Chikkamagaluru; registered at Chikkamagaluru Police Station 02. Synthetic demonstration record.
2078,100211208202500003,202500003,2025-01-04,5050,1208,1,2,2,5,4,7021,2025-01-03 00:47:00,2025-01-03 01:00:00,2025-01-03 01:42:00,12.509411,76.884502,Burglary reported in Mandya; registered at Mandya Police Station 08. Synthetic demonstration record.
2079,100221213202300004,202300004,2023-05-19,5146,1213,1,2,2,7,4,7022,2023-05-19 01:19:00,2023-05-19 03:04:00,2023-05-19 03:12:00,12.315225,76.626869,House Theft reported in Mysuru; registered at Mysuru Police Station 03. Synthetic demonstration record.
2080,100061052202500003,202500003,2025-01-08,5152,1052,1,2,2,7,5,7006,2025-01-08 01:58:00,2025-01-08 03:24:00,2025-01-08 04:28:00,17.866431,77.543581,House Theft reported in Bidar; registered at Bidar Police Station 02. Synthetic demonstration record.
2081,100201191202400002,202400002,2024-03-03,5420,1191,1,2,2,7,1,7020,2024-03-01 02:20:00,2024-03-01 04:48:00,2024-03-01 05:54:00,15.37382,76.204188,House Theft reported in Koppal; registered at Koppal Police Station 01. Synthetic demonstration record.
2082,100241233202600003,202600003,2026-02-15,5457,1233,1,2,6,16,4,7024,2026-02-15 23:51:00,2026-02-16 00:42:00,2026-02-16 01:55:00,12.703192,77.314923,Rioting reported in Ramanagara; registered at Ramanagara Police Station 03. Synthetic demonstration record.
2083,100251244202300001,202300001,2023-08-15,5037,1244,1,2,5,14,2,7025,2023-08-15 07:49:00,2023-08-15 09:01:00,2023-08-15 09:26:00,13.909712,75.582834,NDPS Possession reported in Shivamogga; registered at Shivamogga Police Station 04. Synthetic demonstration record.
2084,100051042202200005,202200005,2022-08-04,5300,1042,1,2,2,7,1,7005,2022-08-02 02:29:00,2022-08-02 03:33:00,2022-08-02 04:11:00,13.022763,77.543249,House Theft reported in Bengaluru Urban; registered at Bengaluru Urban Police Station 02. Synthetic demonstration record.
2085,100301299202300002,202300002,2023-11-30,5089,1299,1,2,3,8,1,7030,2023-11-30 12:54:00,2023-11-30 15:47:00,2023-11-30 17:07:00,16.832491,77.085792,Domestic Violence reported in Yadgir; registered at Yadgir Police Station 09. Synthetic demonstration record.
2086,100161151202500002,202500002,2025-09-27,5569,1151,1,2,4,12,1,7016,2025-09-26 17:06:00,2025-09-26 19:23:00,2025-09-26 20:47:00,14.770268,75.456319,Identity Theft reported in Haveri; registered at Haveri Police Station 01. Synthetic demonstration record.
2087,100051041202400005,202400005,2024-02-26,5311,1041,1,2,2,5,2,7005,2024-02-24 02:55:00,2024-02-24 03:11:00,2024-02-24 05:00:00,12.951428,77.590553,Burglary reported in Bengaluru Urban; registered at Bengaluru Urban Police Station 01. Synthetic demonstration record.
2088,100221219202400002,202400002,2024-12-06,5054,1219,1,2,4,13,1,7022,2024-12-04 11:57:00,2024-12-04 14:50:00,2024-12-04 16:18:00,12.275856,76.690745,Cyber Stalking reported in Mysuru; registered at Mysuru Police Station 09. Synthetic demonstration record.
2089,100041033202400002,202400002,2024-05-27,5506,1033,1,2,2,7,5,7004,2024-05-27 23:36:00,2024-05-28 01:12:00,2024-05-28 02:28:00,13.309821,77.749957,House Theft reported in Bengaluru Rural; registered at Bengaluru Rural Police Station 03. Synthetic demonstration record.
2090,100041038202600003,202600003,2026-02-12,5401,1038,1,2,1,3,1,7004,2026-02-10 09:49:00,2026-02-10 11:07:00,2026-02-10 11:58:00,13.262352,77.729852,Assault reported in Bengaluru Rural; registered at Bengaluru Rural Police Station 08. Synthetic demonstration record.
2091,100051046202600002,202600002,2026-03-28,5024,1046,1,2,4,13,5,7005,2026-03-28 13:55:00,2026-03-28 14:30:00,2026-03-28 14:48:00,12.933671,77.624876,Cyber Stalking reported in Bengaluru Urban; registered at Bengaluru Urban Police Station 06. Synthetic demonstration record.
2092,100061051202300001,202300001,2023-03-02,5116,1051,1,2,3,8,2,7006,2023-02-28 08:52:00,2023-02-28 10:19:00,2023-02-28 11:30:00,17.919103,77.549157,Domestic Violence reported in Bidar; registered at Bidar Police Station 01. Synthetic demonstration record.
2093,100071061202300001,202300001,2023-05-01,5297,1061,1,1,2,4,5,7007,2023-04-29 17:57:00,2023-04-29 18:10:00,2023-04-29 18:36:00,11.892313,76.911655,Robbery reported in Chamarajanagar; registered at Chamarajanagar Police Station 01. Synthetic demonstration record.
2094,100091084202500002,202500002,2025-10-10,5295,1084,1,2,2,5,1,7009,2025-10-10 01:20:00,2025-10-10 02:31:00,2025-10-10 03:22:00,13.326574,75.782936,Burglary reported in Chikkamagaluru; registered at Chikkamagaluru Police Station 04. Synthetic demonstration record.
2095,100221216202400005,202400005,2024-04-15,5518,1216,1,2,3,9,2,7022,2024-04-14 20:02:00,2024-04-14 20:52:00,2024-04-14 21:45:00,12.296439,76.651372,Sexual Harassment reported in Mysuru; registered at Mysuru Police Station 06. Synthetic demonstration record.
2096,100191183202500001,202500001,2025-04-23,5151,1183,1,2,4,12,1,7019,2025-04-21 17:10:00,2025-04-21 18:14:00,2025-04-21 19:58:00,13.17007,78.153348,Identity Theft reported in Kolar; registered at Kolar Police Station 03. Synthetic demonstration record.
2097,300241236202400001,202400001,2024-07-13,5144,1236,2,2,3,8,1,7024,2024-07-12 17:04:00,2024-07-12 18:43:00,2024-07-12 20:28:00,12.732297,77.253405,Domestic Violence reported in Ramanagara; registered at Ramanagara Police Station 06. Synthetic demonstration record.
2098,100231222202200002,202200002,2022-11-07,5010,1222,1,2,2,7,2,7023,2022-11-05 23:28:00,2022-11-06 00:13:00,2022-11-06 00:22:00,16.167106,77.373585,House Theft reported in Raichur; registered at Raichur Police Station 02. Synthetic demonstration record.
2099,100221212202300007,202300007,2023-07-02,5204,1212,1,2,7,18,1,7022,2023-07-01 15:39:00,2023-07-01 15:54:00,2023-07-01 17:20:00,12.323028,76.654228,Cheating reported in Mysuru; registered at Mysuru Police Station 02. Synthetic demonstration record.
2100,100061056202400001,202400001,2024-09-30,5549,1056,1,2,2,6,1,7006,2024-09-29 21:42:00,2024-09-29 23:07:00,2024-09-29 23:16:00,17.973497,77.495855,Vehicle Theft reported in Bidar; registered at Bidar Police Station 06. Synthetic demonstration record.
2101,100111103202500003,202500003,2025-10-16,5538,1103,1,2,2,7,4,7011,2025-10-16 02:40:00,2025-10-16 03:02:00,2025-10-16 03:49:00,12.929814,74.828114,House Theft reported in Dakshina Kannada; registered at Dakshina Kannada Police Station 03. Synthetic demonstration record.
2102,100051050202400010,202400010,2024-02-22,5125,1050,1,2,4,11,5,7005,2024-02-20 12:23:00,2024-02-20 13:16:00,2024-02-20 13:21:00,12.959748,77.661271,Online Fraud reported in Bengaluru Urban; registered at Bengaluru Urban Police Station 10. Synthetic demonstration record.
2103,100111109202500003,202500003,2025-01-25,5341,1109,1,2,5,14,2,7011,2025-01-24 17:24:00,2025-01-24 18:56:00,2025-01-24 19:36:00,12.864485,74.901111,NDPS Possession reported in Dakshina Kannada; registered at Dakshina Kannada Police Station 09. Synthetic demonstration record.
2104,100291284202300005,202300005,2023-12-30,5111,1284,1,2,2,7,2,7029,2023-12-29 03:05:00,2023-12-29 05:12:00,2023-12-29 06:15:00,16.820265,75.715754,House Theft reported in Vijayapura; registered at Vijayapura Police Station 04. Synthetic demonstration record.
2105,100241232202600003,202600003,2026-03-29,5352,1232,1,2,4,12,2,7024,2026-03-28 12:59:00,2026-03-28 14:03:00,2026-03-28 15:36:00,12.659685,77.293273,Identity Theft reported in Ramanagara; registered at Ramanagara Police Station 02. Synthetic demonstration record.
2106,100031022202300003,202300003,2023-08-21,5192,1022,1,2,2,5,3,7003,2023-08-19 03:01:00,2023-08-19 05:43:00,2023-08-19 06:33:00,15.865073,74.51404,Burglary reported in Belagavi; registered at Belagavi Police Station 02. Synthetic demonstration record.
2107,100101093202500003,202500003,2025-08-23,5327,1093,1,2,7,19,5,7010,2025-08-22 14:44:00,2025-08-22 17:04:00,2025-08-22 17:20:00,14.23447,76.444515,Forgery reported in Chitradurga; registered at Chitradurga Police Station 03. Synthetic demonstration record.
2108,100161160202400001,202400001,2024-03-23,5501,1160,1,1,3,10,4,7016,2024-03-23 09:06:00,2024-03-23 11:08:00,2024-03-23 12:17:00,14.740826,75.395604,Kidnapping reported in Haveri; registered at Haveri Police Station 10. Synthetic demonstration record.
2109,100171165202300003,202300003,2023-12-21,5218,1165,1,2,4,11,3,7017,2023-12-20 17:44:00,2023-12-20 18:41:00,2023-12-20 19:06:00,17.307457,76.845954,Online Fraud reported in Kalaburagi; registered at Kalaburagi Police Station 05. Synthetic demonstration record.
2110,100051050202400011,202400011,2024-08-15,5125,1050,1,2,4,12,1,7005,2024-08-15 09:55:00,2024-08-15 12:48:00,2024-08-15 14:24:00,13.013185,77.666512,Identity Theft reported in Bengaluru Urban; registered at Bengaluru Urban Police Station 10. Synthetic demonstration record.
2111,100291281202200002,202200002,2022-06-11,5055,1281,1,2,2,6,1,7029,2022-06-09 18:46:00,2022-06-09 19:32:00,2022-06-09 19:44:00,16.812948,75.729841,Vehicle Theft reported in Vijayapura; registered at Vijayapura Police Station 01. Synthetic demonstration record.
2112,100031025202400001,202400001,2024-03-20,5591,1025,1,2,4,12,3,7003,2024-03-18 20:47:00,2024-03-18 23:12:00,2024-03-19 00:30:00,15.835167,74.553097,Identity Theft reported in Belagavi; registered at Belagavi Police Station 05. Synthetic demonstration record.
2113,100151146202300003,202300003,2023-06-11,5258,1146,1,1,2,4,2,7015,2023-06-09 19:38:00,2023-06-09 21:29:00,2023-06-09 23:19:00,13.065576,76.060467,Robbery reported in Hassan; registered at Hassan Police Station 06. Synthetic demonstration record.
2114,100081080202500002,202500002,2025-03-22,5387,1080,1,2,7,18,1,7008,2025-03-22 14:31:00,2025-03-22 17:27:00,2025-03-22 18:04:00,13.407567,77.776977,Cheating reported in Chikkaballapur; registered at Chikkaballapur Police Station 10. Synthetic demonstration record.
2115,100281271202600001,202600001,2026-03-12,5517,1271,1,2,4,11,2,7028,2026-03-10 11:51:00,2026-03-10 13:16:00,2026-03-10 14:02:00,14.877391,74.093073,Online Fraud reported in Uttara Kannada; registered at Uttara Kannada Police Station 01. Synthetic demonstration record.
2116,100251250202400002,202400002,2024-03-23,5502,1250,1,2,2,6,5,7025,2024-03-21 21:50:00,2024-03-22 00:46:00,2024-03-22 02:34:00,13.949848,75.553402,Vehicle Theft reported in Shivamogga; registered at Shivamogga Police Station 10. Synthetic demonstration record.
2117,100181171202500002,202500002,2025-09-19,5579,1171,1,2,7,18,1,7018,2025-09-19 17:02:00,2025-09-19 18:04:00,2025-09-19 19:00:00,12.335719,75.850253,Cheating reported in Kodagu; registered at Kodagu Police Station 01. Synthetic demonstration record.
2118,100051042202200006,202200006,2022-04-05,5300,1042,1,2,1,3,5,7005,2022-04-05 06:30:00,2022-04-05 07:33:00,2022-04-05 09:16:00,12.985159,77.598827,Assault reported in Bengaluru Urban; registered at Bengaluru Urban Police Station 02. Synthetic demonstration record.
2119,100261257202200001,202200001,2022-04-20,5194,1257,1,2,3,9,2,7026,2022-04-18 17:29:00,2022-04-18 18:34:00,2022-04-18 18:46:00,13.356243,77.054227,Sexual Harassment reported in Tumakuru; registered at Tumakuru Police Station 07. Synthetic demonstration record.
2120,100041031202200002,202200002,2022-07-31,5091,1031,1,2,4,12,2,7004,2022-07-29 17:06:00,2022-07-29 18:39:00,2022-07-29 19:19:00,13.328933,77.659674,Identity Theft reported in Bengaluru Rural; registered at Bengaluru Rural Police Station 01. Synthetic demonstration record.
2121,100301294202600002,202600002,2026-01-27,5120,1294,1,1,2,4,2,7030,2026-01-25 17:24:00,2026-01-25 20:18:00,2026-01-25 22:14:00,16.748422,77.184813,Robbery reported in Yadgir; registered at Yadgir Police Station 04. Synthetic demonstration record.
2122,100111109202600002,202600002,2026-06-07,5341,1109,1,2,4,11,1,7011,2026-06-07 10:58:00,2026-06-07 12:51:00,2026-06-07 13:40:00,12.942235,74.888779,Online Fraud reported in Dakshina Kannada; registered at Dakshina Kannada Police Station 09. Synthetic demonstration record.
2123,100131121202300003,202300003,2023-11-08,5198,1121,1,2,3,8,2,7013,2023-11-06 02:21:00,2023-11-06 03:34:00,2023-11-06 04:37:00,15.427831,75.034695,Domestic Violence reported in Dharwad; registered at Dharwad Police Station 01. Synthetic demonstration record.
2124,100281280202400003,202400003,2024-07-16,5305,1280,1,2,2,7,4,7028,2024-07-15 03:09:00,2024-07-15 04:08:00,2024-07-15 05:37:00,14.861675,74.206852,House Theft reported in Uttara Kannada; registered at Uttara Kannada Police Station 10. Synthetic demonstration record.
2125,100201191202500002,202500002,2025-08-30,5420,1191,1,2,2,7,1,7020,2025-08-30 00:53:00,2025-08-30 02:40:00,2025-08-30 04:37:00,15.314022,76.181104,House Theft reported in Koppal; registered at Koppal Police Station 01. Synthetic demonstration record.
2126,100141136202300003,202300003,2023-09-28,5202,1136,1,2,4,11,2,7014,2023-09-26 15:08:00,2023-09-26 17:21:00,2023-09-26 18:36:00,15.39853,75.661967,Online Fraud reported in Gadag; registered at Gadag Police Station 06. Synthetic demonstration record.
2127,100051046202300006,202300006,2023-03-07,5334,1046,1,1,2,4,3,7005,2023-03-07 17:58:00,2023-03-07 18:29:00,2023-03-07 19:37:00,12.973143,77.598147,Robbery reported in Bengaluru Urban; registered at Bengaluru Urban Police Station 06. Synthetic demonstration record.
2128,100051041202500007,202500007,2025-01-27,5077,1041,1,2,4,12,2,7005,2025-01-26 17:03:00,2025-01-26 17:31:00,2025-01-26 17:58:00,12.959762,77.607079,Identity Theft reported in Bengaluru Urban; registered at Bengaluru Urban Police Station 01. Synthetic demonstration record.
2129,100111105202200001,202200001,2022-07-02,5076,1105,1,2,7,18,2,7011,2022-07-01 19:09:00,2022-07-01 21:35:00,2022-07-01 22:36:00,12.953478,74.914081,Cheating reported in Dakshina Kannada; registered at Dakshina Kannada Police Station 05. Synthetic demonstration record.
2130,100151148202500002,202500002,2025-08-27,5566,1148,1,2,4,11,1,7015,2025-08-27 18:20:00,2025-08-27 19:26:00,2025-08-27 20:48:00,13.039072,76.106225,Online Fraud reported in Hassan; registered at Hassan Police Station 08. Synthetic demonstration record.
2131,100131124202400003,202400003,2024-05-08,5245,1124,1,2,2,5,1,7013,2024-05-06 22:58:00,2024-05-07 01:54:00,2024-05-07 03:25:00,15.455435,75.030496,Burglary reported in Dharwad; registered at Dharwad Police Station 04. Synthetic demonstration record.
2132,100131130202500001,202500001,2025-12-06,5221,1130,1,2,1,3,3,7013,2025-12-06 12:35:00,2025-12-06 13:20:00,2025-12-06 13:47:00,15.495226,75.010515,Assault reported in Dharwad; registered at Dharwad Police Station 10. Synthetic demonstration record.
2133,100051048202600004,202600004,2026-05-11,5343,1048,1,2,4,11,3,7005,2026-05-10 20:28:00,2026-05-10 22:50:00,2026-05-10 23:39:00,12.983722,77.541764,Online Fraud reported in Bengaluru Urban; registered at Bengaluru Urban Police Station 08. Synthetic demonstration record.
2134,100221217202400001,202400001,2024-08-13,5359,1217,1,2,4,13,2,7022,2024-08-12 13:33:00,2024-08-12 14:05:00,2024-08-12 14:51:00,12.342918,76.633052,Cyber Stalking reported in Mysuru; registered at Mysuru Police Station 07. Synthetic demonstration record.
2135,400221212202400001,202400001,2024-02-05,5291,1212,3,2,2,7,1,7022,2024-02-05 01:47:00,2024-02-05 04:28:00,2024-02-05 05:13:00,12.283886,76.674301,House Theft reported in Mysuru; registered at Mysuru Police Station 02. Synthetic demonstration record.
2136,100161159202200002,202200002,2022-11-08,5166,1159,1,2,7,19,2,7016,2022-11-07 13:24:00,2022-11-07 14:01:00,2022-11-07 15:43:00,14.816597,75.406874,Forgery reported in Haveri; registered at Haveri Police Station 09. Synthetic demonstration record.
2137,100091085202600002,202600002,2026-06-21,5453,1085,1,2,4,11,2,7009,2026-06-19 11:45:00,2026-06-19 13:15:00,2026-06-19 14:01:00,13.33117,75.770679,Online Fraud reported in Chikkamagaluru; registered at Chikkamagaluru Police Station 05. Synthetic demonstration record.
2138,100211203202300003,202300003,2023-05-20,5223,1203,1,2,6,16,1,7021,2023-05-18 02:21:00,2023-05-18 05:12:00,2023-05-18 06:19:00,12.461203,76.946889,Rioting reported in Mandya; registered at Mandya Police Station 03. Synthetic demonstration record.
2139,100051046202300007,202300007,2023-04-30,5154,1046,1,2,5,14,2,7005,2023-04-30 14:40:00,2023-04-30 15:16:00,2023-04-30 17:15:00,12.942259,77.566047,NDPS Possession reported in Bengaluru Urban; registered at Bengaluru Urban Police Station 06. Synthetic demonstration record.
2140,100221213202400004,202400004,2024-07-18,5251,1213,1,2,1,3,3,7022,2024-07-18 19:24:00,2024-07-18 21:37:00,2024-07-18 22:33:00,12.353353,76.618431,Assault reported in Mysuru; registered at Mysuru Police Station 03. Synthetic demonstration record.
2141,100101096202300002,202300002,2023-10-14,5409,1096,1,2,2,7,1,7010,2023-10-12 02:46:00,2023-10-12 03:08:00,2023-10-12 03:21:00,14.242887,76.410541,House Theft reported in Chitradurga; registered at Chitradurga Police Station 06. Synthetic demonstration record.
2142,100111107202400004,202400004,2024-01-02,5323,1107,1,2,4,12,2,7011,2024-01-02 09:23:00,2024-01-02 11:07:00,2024-01-02 12:00:00,12.970271,74.852964,Identity Theft reported in Dakshina Kannada; registered at Dakshina Kannada Police Station 07. Synthetic demonstration record.
2143,100011004202500002,202500002,2025-10-09,5546,1004,1,2,1,3,1,7001,2025-10-08 04:24:00,2025-10-08 06:22:00,2025-10-08 07:13:00,16.196975,75.720494,Assault reported in Bagalkot; registered at Bagalkot Police Station 04. Synthetic demonstration record.
2144,100131129202500001,202500001,2025-07-31,5018,1129,1,2,4,11,2,7013,2025-07-30 14:53:00,2025-07-30 17:44:00,2025-07-30 19:21:00,15.466633,74.959859,Online Fraud reported in Dharwad; registered at Dharwad Police Station 09. Synthetic demonstration record.
2145,100161154202400002,202400002,2024-08-18,5405,1154,1,2,4,11,2,7016,2024-08-16 10:04:00,2024-08-16 12:04:00,2024-08-16 12:09:00,14.814885,75.429856,Online Fraud reported in Haveri; registered at Haveri Police Station 04. Synthetic demonstration record.
2146,100131129202400004,202400004,2024-01-30,5018,1129,1,2,3,8,1,7013,2024-01-30 15:52:00,2024-01-30 18:12:00,2024-01-30 19:46:00,15.472657,75.060607,Domestic Violence reported in Dharwad; registered at Dharwad Police Station 09. Synthetic demonstration record.
2147,400021012202600001,202600001,2026-05-29,5476,1012,3,1,2,4,3,7002,2026-05-27 21:29:00,2026-05-28 00:04:00,2026-05-28 01:48:00,15.149339,76.957123,Robbery reported in Ballari; registered at Ballari Police Station 02. Synthetic demonstration record.
2148,100141135202200002,202200002,2022-08-16,5366,1135,1,2,2,5,5,7014,2022-08-16 00:28:00,2022-08-16 01:40:00,2022-08-16 03:36:00,15.393101,75.677386,Burglary reported in Gadag; registered at Gadag Police Station 05. Synthetic demonstration record.
2149,100161155202600001,202600001,2026-01-05,5178,1155,1,1,1,2,3,7016,2026-01-05 04:48:00,2026-01-05 05:21:00,2026-01-05 07:02:00,14.774079,75.4664,Attempt to Murder reported in Haveri; registered at Haveri Police Station 05. Synthetic demonstration record.
2150,100011004202500003,202500003,2025-10-24,5263,1004,1,2,7,18,5,7001,2025-10-22 09:20:00,2025-10-22 11:52:00,2025-10-22 12:03:00,16.164792,75.731401,Cheating reported in Bagalkot; registered at Bagalkot Police Station 04. Synthetic demonstration record.
2151,100261260202400005,202400005,2024-12-02,5136,1260,1,1,2,4,1,7026,2024-12-02 18:28:00,2024-12-02 18:46:00,2024-12-02 19:18:00,13.358696,77.175788,Robbery reported in Tumakuru; registered at Tumakuru Police Station 10. Synthetic demonstration record.
2152,100111107202400005,202400005,2024-06-17,5577,1107,1,1,2,4,5,7011,2024-06-16 19:16:00,2024-06-16 19:36:00,2024-06-16 19:49:00,12.917895,74.882935,Robbery reported in Dakshina Kannada; registered at Dakshina Kannada Police Station 07. Synthetic demonstration record.
2153,400021012202200001,202200001,2022-04-19,5476,1012,3,2,4,12,2,7002,2022-04-17 12:15:00,2022-04-17 13:22:00,2022-04-17 14:05:00,15.15295,76.93563,Identity Theft reported in Ballari; registered at Ballari Police Station 02. Synthetic demonstration record.
2154,100201200202400002,202400002,2024-08-18,5325,1200,1,2,2,5,4,7020,2024-08-17 03:50:00,2024-08-17 05:58:00,2024-08-17 07:14:00,15.28675,76.172423,Burglary reported in Koppal; registered at Koppal Police Station 10. Synthetic demonstration record.
2155,100181179202200001,202200001,2022-01-02,5057,1179,1,1,5,15,1,7018,2021-12-31 18:01:00,2021-12-31 19:26:00,2021-12-31 20:43:00,12.333213,75.757765,Drug Trafficking reported in Kodagu; registered at Kodagu Police Station 09. Synthetic demonstration record.
2156,100181173202500004,202500004,2025-11-02,5219,1173,1,2,5,14,3,7018,2025-10-31 07:43:00,2025-10-31 08:10:00,2025-10-31 10:01:00,12.304172,75.859464,NDPS Possession reported in Kodagu; registered at Kodagu Police Station 03. Synthetic demonstration record.
2157,100121116202500002,202500002,2025-07-09,5134,1116,1,2,2,5,2,7012,2025-07-08 02:22:00,2025-07-08 03:25:00,2025-07-08 05:15:00,14.454099,75.979336,Burglary reported in Davanagere; registered at Davanagere Police Station 06. Synthetic demonstration record.
2158,100131128202600003,202600003,2026-03-02,5536,1128,1,2,7,18,1,7013,2026-03-01 14:48:00,2026-03-01 17:05:00,2026-03-01 18:06:00,15.49961,74.977438,Cheating reported in Dharwad; registered at Dharwad Police Station 08. Synthetic demonstration record.
2159,100051047202600004,202600004,2026-06-10,5527,1047,1,2,4,11,3,7005,2026-06-10 19:30:00,2026-06-10 21:54:00,2026-06-10 23:11:00,12.996778,77.627325,Online Fraud reported in Bengaluru Urban; registered at Bengaluru Urban Police Station 07. Synthetic demonstration record.
2160,100121116202200001,202200001,2022-10-06,5114,1116,1,1,2,4,2,7012,2022-10-04 18:43:00,2022-10-04 19:46:00,2022-10-04 19:53:00,14.489295,75.956487,Robbery reported in Davanagere; registered at Davanagere Police Station 06. Synthetic demonstration record.
2161,100131126202500002,202500002,2025-11-14,5436,1126,1,2,2,7,3,7013,2025-11-14 01:15:00,2025-11-14 02:23:00,2025-11-14 04:01:00,15.400887,75.027181,House Theft reported in Dharwad; registered at Dharwad Police Station 06. Synthetic demonstration record.
2162,100101095202600004,202600004,2026-04-08,5258,1095,1,2,1,3,2,7010,2026-04-07 08:55:00,2026-04-07 09:45:00,2026-04-07 09:55:00,14.254853,76.378342,Assault reported in Chitradurga; registered at Chitradurga Police Station 05. Synthetic demonstration record.
2163,100051050202300008,202300008,2023-06-26,5450,1050,1,2,2,6,2,7005,2023-06-24 17:31:00,2023-06-24 19:40:00,2023-06-24 20:29:00,13.014967,77.605539,Vehicle Theft reported in Bengaluru Urban; registered at Bengaluru Urban Police Station 10. Synthetic demonstration record.
2164,100231222202600002,202600002,2026-03-25,5181,1222,1,2,4,13,3,7023,2026-03-24 14:45:00,2026-03-24 17:39:00,2026-03-24 17:50:00,16.146098,77.380987,Cyber Stalking reported in Raichur; registered at Raichur Police Station 02. Synthetic demonstration record.
2165,100161151202500003,202500003,2025-02-23,5569,1151,1,2,4,11,3,7016,2025-02-21 18:03:00,2025-02-21 20:34:00,2025-02-21 21:38:00,14.831211,75.432282,Online Fraud reported in Haveri; registered at Haveri Police Station 01. Synthetic demonstration record.
2166,300301291202200001,202200001,2022-04-13,5166,1291,2,1,2,4,5,7030,2022-04-13 21:43:00,2022-04-13 21:58:00,2022-04-13 22:13:00,16.742334,77.150316,Robbery reported in Yadgir; registered at Yadgir Police Station 01. Synthetic demonstration record.
2167,100171167202200003,202200003,2022-07-25,5578,1167,1,2,4,12,1,7017,2022-07-25 18:56:00,2022-07-25 19:27:00,2022-07-25 21:20:00,17.351172,76.82693,Identity Theft reported in Kalaburagi; registered at Kalaburagi Police Station 07. Synthetic demonstration record.
2168,100251242202200001,202200001,2022-01-31,5406,1242,1,1,2,4,1,7025,2022-01-29 17:42:00,2022-01-29 19:07:00,2022-01-29 20:49:00,13.906099,75.616089,Robbery reported in Shivamogga; registered at Shivamogga Police Station 02. Synthetic demonstration record.
2169,100111105202400003,202400003,2024-11-12,5076,1105,1,2,2,7,1,7011,2024-11-10 01:29:00,2024-11-10 01:49:00,2024-11-10 02:57:00,12.901831,74.881147,House Theft reported in Dakshina Kannada; registered at Dakshina Kannada Police Station 05. Synthetic demonstration record.
2170,100271261202600002,202600002,2026-07-16,5544,1261,1,2,2,5,5,7027,2026-07-14 01:10:00,2026-07-14 01:21:00,2026-07-14 02:09:00,13.318485,74.747136,Burglary reported in Udupi; registered at Udupi Police Station 01. Synthetic demonstration record.
2171,300021016202300001,202300001,2023-08-07,5565,1016,2,2,1,3,5,7002,2023-08-06 04:56:00,2023-08-06 07:09:00,2023-08-06 07:58:00,15.108131,76.98028,Assault reported in Ballari; registered at Ballari Police Station 06. Synthetic demonstration record.
2172,100161156202200003,202200003,2022-01-06,5405,1156,1,2,8,20,2,7016,2022-01-05 07:07:00,2022-01-05 07:31:00,2022-01-05 08:52:00,14.845402,75.360606,Hit and Run reported in Haveri; registered at Haveri Police Station 06. Synthetic demonstration record.
2173,100171162202200001,202200001,2022-05-29,5571,1162,1,2,1,3,2,7017,2022-05-27 10:03:00,2022-05-27 11:21:00,2022-05-27 11:43:00,17.342699,76.870279,Assault reported in Kalaburagi; registered at Kalaburagi Police Station 02. Synthetic demonstration record.
2174,100121115202500005,202500005,2025-04-05,5102,1115,1,2,2,6,2,7012,2025-04-04 21:51:00,2025-04-04 22:34:00,2025-04-04 23:33:00,14.483024,75.927873,Vehicle Theft reported in Davanagere; registered at Davanagere Police Station 05. Synthetic demonstration record.
2175,100121117202300002,202300002,2023-12-16,5477,1117,1,2,4,11,5,7012,2023-12-16 10:16:00,2023-12-16 11:03:00,2023-12-16 12:48:00,14.403018,75.944662,Online Fraud reported in Davanagere; registered at Davanagere Police Station 07. Synthetic demonstration record.
2176,100241235202400002,202400002,2024-07-11,5595,1235,1,2,7,19,5,7024,2024-07-09 17:40:00,2024-07-09 18:37:00,2024-07-09 18:59:00,12.687106,77.310791,Forgery reported in Ramanagara; registered at Ramanagara Police Station 05. Synthetic demonstration record.
2177,100101095202300002,202300002,2023-06-04,5562,1095,1,2,6,16,1,7010,2023-06-02 01:10:00,2023-06-02 02:48:00,2023-06-02 03:15:00,14.199588,76.389294,Rioting reported in Chitradurga; registered at Chitradurga Police Station 05. Synthetic demonstration record.
2178,100141134202300003,202300003,2023-05-21,5031,1134,1,2,7,18,2,7014,2023-05-20 21:42:00,2023-05-21 00:15:00,2023-05-21 00:39:00,15.454105,75.668894,Cheating reported in Gadag; registered at Gadag Police Station 04. Synthetic demonstration record.
2179,100131124202300002,202300002,2023-06-09,5245,1124,1,1,2,4,3,7013,2023-06-09 17:02:00,2023-06-09 17:49:00,2023-06-09 18:16:00,15.515366,74.961328,Robbery reported in Dharwad; registered at Dharwad Police Station 04. Synthetic demonstration record.
2180,100261255202600001,202600001,2026-06-19,5008,1255,1,2,4,11,5,7026,2026-06-19 10:11:00,2026-06-19 10:30:00,2026-06-19 12:16:00,13.313514,77.097678,Online Fraud reported in Tumakuru; registered at Tumakuru Police Station 05. Synthetic demonstration record.
2181,100121116202200002,202200002,2022-10-03,5114,1116,1,1,2,4,3,7012,2022-10-03 20:56:00,2022-10-03 21:36:00,2022-10-03 23:20:00,14.462154,75.889514,Robbery reported in Davanagere; registered at Davanagere Police Station 06. Synthetic demonstration record.
2182,100261251202300001,202300001,2023-04-10,5169,1251,1,2,4,11,3,7026,2023-04-10 15:22:00,2023-04-10 17:26:00,2023-04-10 18:02:00,13.350968,77.089078,Online Fraud reported in Tumakuru; registered at Tumakuru Police Station 01. Synthetic demonstration record.
2183,100051046202600003,202600003,2026-01-06,5187,1046,1,2,2,5,3,7005,2026-01-05 03:12:00,2026-01-05 03:37:00,2026-01-05 03:47:00,12.946805,77.622974,Burglary reported in Bengaluru Urban; registered at Bengaluru Urban Police Station 06. Synthetic demonstration record.
2184,100101091202200003,202200003,2022-07-02,5098,1091,1,2,7,18,3,7010,2022-07-02 18:02:00,2022-07-02 19:01:00,2022-07-02 20:14:00,14.162851,76.452532,Cheating reported in Chitradurga; registered at Chitradurga Police Station 01. Synthetic demonstration record.
2185,400031025202500001,202500001,2025-02-26,5591,1025,3,2,4,13,1,7003,2025-02-26 13:41:00,2025-02-26 16:16:00,2025-02-26 17:41:00,15.878735,74.491944,Cyber Stalking reported in Belagavi; registered at Belagavi Police Station 05. Synthetic demonstration record.
2186,100271267202200002,202200002,2022-04-30,5257,1267,1,2,1,3,3,7027,2022-04-30 05:46:00,2022-04-30 07:08:00,2022-04-30 08:09:00,13.338269,74.743467,Assault reported in Udupi; registered at Udupi Police Station 07. Synthetic demonstration record.
2187,100051050202300009,202300009,2023-03-24,5125,1050,1,2,4,11,4,7005,2023-03-22 12:14:00,2023-03-22 13:46:00,2023-03-22 15:40:00,12.969738,77.625007,Online Fraud reported in Bengaluru Urban; registered at Bengaluru Urban Police Station 10. Synthetic demonstration record.
2188,100051045202400005,202400005,2024-01-19,5419,1045,1,2,4,11,3,7005,2024-01-17 09:06:00,2024-01-17 11:52:00,2024-01-17 13:27:00,12.947717,77.636867,Online Fraud reported in Bengaluru Urban; registered at Bengaluru Urban Police Station 05. Synthetic demonstration record.
2189,100041037202400002,202400002,2024-11-25,5324,1037,1,2,2,6,1,7004,2024-11-25 21:04:00,2024-11-25 23:15:00,2024-11-26 00:31:00,13.303691,77.704679,Vehicle Theft reported in Bengaluru Rural; registered at Bengaluru Rural Police Station 07. Synthetic demonstration record.
2190,100181174202300002,202300002,2023-03-31,5209,1174,1,2,2,5,2,7018,2023-03-29 02:56:00,2023-03-29 05:14:00,2023-03-29 06:42:00,12.388283,75.81071,Burglary reported in Kodagu; registered at Kodagu Police Station 04. Synthetic demonstration record.
2191,100051050202200006,202200006,2022-09-30,5125,1050,1,2,4,11,1,7005,2022-09-28 20:09:00,2022-09-28 20:26:00,2022-09-28 21:26:00,12.992048,77.580139,Online Fraud reported in Bengaluru Urban; registered at Bengaluru Urban Police Station 10. Synthetic demonstration record.
2192,100041036202400003,202400003,2024-04-10,5485,1036,1,2,4,11,2,7004,2024-04-08 16:34:00,2024-04-08 16:57:00,2024-04-08 17:35:00,13.324075,77.681323,Online Fraud reported in Bengaluru Rural; registered at Bengaluru Rural Police Station 06. Synthetic demonstration record.
2193,300051047202400001,202400001,2024-07-23,5186,1047,2,2,4,11,2,7005,2024-07-21 09:56:00,2024-07-21 11:30:00,2024-07-21 12:20:00,12.905803,77.629274,Online Fraud reported in Bengaluru Urban; registered at Bengaluru Urban Police Station 07. Synthetic demonstration record.
2194,100291290202600002,202600002,2026-07-23,5286,1290,1,2,7,18,2,7029,2026-07-21 17:22:00,2026-07-21 17:35:00,2026-07-21 18:32:00,16.825774,75.744142,Cheating reported in Vijayapura; registered at Vijayapura Police Station 10. Synthetic demonstration record.
2195,100051049202600006,202600006,2026-06-21,5433,1049,1,2,4,11,4,7005,2026-06-20 20:00:00,2026-06-20 21:47:00,2026-06-20 22:00:00,12.959903,77.602966,Online Fraud reported in Bengaluru Urban; registered at Bengaluru Urban Police Station 09. Synthetic demonstration record.
2196,400111102202300001,202300001,2023-12-31,5211,1102,3,1,5,15,4,7011,2023-12-31 05:34:00,2023-12-31 06:01:00,2023-12-31 06:24:00,12.918752,74.876104,Drug Trafficking reported in Dakshina Kannada; registered at Dakshina Kannada Police Station 02. Synthetic demonstration record.
2197,400251247202300001,202300001,2023-10-21,5165,1247,3,2,2,7,1,7025,2023-10-21 03:53:00,2023-10-21 06:34:00,2023-10-21 08:17:00,13.861546,75.616737,House Theft reported in Shivamogga; registered at Shivamogga Police Station 07. Synthetic demonstration record.
2198,100081073202600002,202600002,2026-07-05,5528,1073,1,2,3,9,5,7008,2026-07-04 20:52:00,2026-07-04 23:20:00,2026-07-05 00:09:00,13.423798,77.752622,Sexual Harassment reported in Chikkaballapur; registered at Chikkaballapur Police Station 03. Synthetic demonstration record.
2199,100051044202300004,202300004,2023-07-11,5551,1044,1,2,7,18,1,7005,2023-07-09 10:57:00,2023-07-09 12:24:00,2023-07-09 13:05:00,13.000824,77.613945,Cheating reported in Bengaluru Urban; registered at Bengaluru Urban Police Station 04. Synthetic demonstration record.
2200,100301292202400002,202400002,2024-11-14,5066,1292,1,2,4,11,5,7030,2024-11-14 12:23:00,2024-11-14 13:10:00,2024-11-14 13:26:00,16.761653,77.13133,Online Fraud reported in Yadgir; registered at Yadgir Police Station 02. Synthetic demonstration record.
2201,100161151202200002,202200002,2022-03-27,5224,1151,1,2,1,3,5,7016,2022-03-27 00:31:00,2022-03-27 00:42:00,2022-03-27 02:12:00,14.755469,75.408558,Assault reported in Haveri; registered at Haveri Police Station 01. Synthetic demonstration record.
2202,300221218202200001,202200001,2022-07-05,5103,1218,2,2,6,16,2,7022,2022-07-05 11:01:00,2022-07-05 12:37:00,2022-07-05 12:47:00,12.347854,76.588333,Rioting reported in Mysuru; registered at Mysuru Police Station 08. Synthetic demonstration record.
2203,100111109202400002,202400002,2024-07-01,5254,1109,1,1,1,1,1,7011,2024-07-01 14:36:00,2024-07-01 16:13:00,2024-07-01 16:46:00,12.89917,74.867674,Murder reported in Dakshina Kannada; registered at Dakshina Kannada Police Station 09. Synthetic demonstration record.
2204,100301294202200004,202200004,2022-04-18,5252,1294,1,2,6,17,2,7030,2022-04-17 20:05:00,2022-04-17 22:43:00,2022-04-17 23:33:00,16.777454,77.118163,Unlawful Assembly reported in Yadgir; registered at Yadgir Police Station 04. Synthetic demonstration record.
2205,100031024202300003,202300003,2023-02-25,5032,1024,1,2,7,18,4,7003,2023-02-24 20:55:00,2023-02-24 22:26:00,2023-02-25 00:21:00,15.848038,74.479529,Cheating reported in Belagavi; registered at Belagavi Police Station 04. Synthetic demonstration record.
2206,100061051202600001,202600001,2026-02-14,5116,1051,1,2,3,8,5,7006,2026-02-12 22:13:00,2026-02-13 00:09:00,2026-02-13 00:35:00,17.934791,77.523012,Domestic Violence reported in Bidar; registered at Bidar Police Station 01. Synthetic demonstration record.
2207,100051044202600006,202600006,2026-03-24,5142,1044,1,2,4,11,1,7005,2026-03-22 19:31:00,2026-03-22 21:27:00,2026-03-22 23:14:00,13.027981,77.547578,Online Fraud reported in Bengaluru Urban; registered at Bengaluru Urban Police Station 04. Synthetic demonstration record.
2208,100231224202400002,202400002,2024-07-24,5240,1224,1,2,2,6,3,7023,2024-07-22 17:15:00,2024-07-22 19:24:00,2024-07-22 20:52:00,16.217471,77.351756,Vehicle Theft reported in Raichur; registered at Raichur Police Station 04. Synthetic demonstration record.
2209,100241231202300001,202300001,2023-06-29,5212,1231,1,1,3,10,4,7024,2023-06-28 17:31:00,2023-06-28 18:12:00,2023-06-28 19:03:00,12.689907,77.323561,Kidnapping reported in Ramanagara; registered at Ramanagara Police Station 01. Synthetic demonstration record.
2210,800241233202200001,202200001,2022-10-05,5457,1233,4,2,6,17,1,7024,2022-10-04 23:58:00,2022-10-05 02:26:00,2022-10-05 03:08:00,12.721651,77.351794,Unlawful Assembly reported in Ramanagara; registered at Ramanagara Police Station 03. Synthetic demonstration record.
2211,100081074202300001,202300001,2023-08-08,5049,1074,1,2,2,5,1,7008,2023-08-08 00:13:00,2023-08-08 03:09:00,2023-08-08 04:59:00,13.419681,77.749098,Burglary reported in Chikkaballapur; registered at Chikkaballapur Police Station 04. Synthetic demonstration record.
2212,100051045202500004,202500004,2025-07-19,5419,1045,1,2,4,12,2,7005,2025-07-19 20:06:00,2025-07-19 22:02:00,2025-07-19 22:48:00,12.976113,77.59536,Identity Theft reported in Bengaluru Urban; registered at Bengaluru Urban Police Station 05. Synthetic demonstration record.
2213,100181178202200002,202200002,2022-05-22,5593,1178,1,1,3,10,2,7018,2022-05-21 12:50:00,2022-05-21 14:56:00,2022-05-21 15:41:00,12.357555,75.7802,Kidnapping reported in Kodagu; registered at Kodagu Police Station 08. Synthetic demonstration record.
2214,100201196202200002,202200002,2022-06-10,5156,1196,1,2,2,6,2,7020,2022-06-09 17:16:00,2022-06-09 17:35:00,2022-06-09 18:06:00,15.308972,76.179175,Vehicle Theft reported in Koppal; registered at Koppal Police Station 06. Synthetic demonstration record.
2215,100101092202200002,202200002,2022-10-15,5548,1092,1,2,2,6,3,7010,2022-10-15 18:56:00,2022-10-15 19:09:00,2022-10-15 20:15:00,14.177164,76.409622,Vehicle Theft reported in Chitradurga; registered at Chitradurga Police Station 02. Synthetic demonstration record.
2216,400161151202300001,202300001,2023-12-22,5569,1151,3,1,5,15,2,7016,2023-12-20 17:29:00,2023-12-20 18:52:00,2023-12-20 20:20:00,14.790041,75.39794,Drug Trafficking reported in Haveri; registered at Haveri Police Station 01. Synthetic demonstration record.
2217,100171165202500003,202500003,2025-10-12,5332,1165,1,2,7,18,1,7017,2025-10-10 09:25:00,2025-10-10 11:09:00,2025-10-10 12:03:00,17.335556,76.812104,Cheating reported in Kalaburagi; registered at Kalaburagi Police Station 05. Synthetic demonstration record.
2218,100181176202400002,202400002,2024-08-17,5417,1176,1,2,1,3,1,7018,2024-08-17 00:50:00,2024-08-17 01:27:00,2024-08-17 02:04:00,12.354874,75.755209,Assault reported in Kodagu; registered at Kodagu Police Station 06. Synthetic demonstration record.
2219,100051043202500008,202500008,2025-09-22,5343,1043,1,2,4,11,4,7005,2025-09-22 13:22:00,2025-09-22 14:26:00,2025-09-22 15:53:00,12.961087,77.609172,Online Fraud reported in Bengaluru Urban; registered at Bengaluru Urban Police Station 03. Synthetic demonstration record.
2220,100051042202500005,202500005,2025-07-01,5300,1042,1,2,4,12,2,7005,2025-06-29 10:34:00,2025-06-29 11:59:00,2025-06-29 13:36:00,12.966995,77.646227,Identity Theft reported in Bengaluru Urban; registered at Bengaluru Urban Police Station 02. Synthetic demonstration record.
2221,100051045202200006,202200006,2022-03-05,5419,1045,1,2,6,17,1,7005,2022-03-04 04:45:00,2022-03-04 05:16:00,2022-03-04 05:38:00,13.013006,77.636242,Unlawful Assembly reported in Bengaluru Urban; registered at Bengaluru Urban Police Station 05. Synthetic demonstration record.
2222,100071070202600001,202600001,2026-01-03,5130,1070,1,1,1,1,1,7007,2026-01-03 22:29:00,2026-01-04 00:37:00,2026-01-04 01:29:00,11.946839,76.895336,Murder reported in Chamarajanagar; registered at Chamarajanagar Police Station 10. Synthetic demonstration record.
2223,100171166202400004,202400004,2024-08-21,5342,1166,1,2,2,6,3,7017,2024-08-19 21:31:00,2024-08-19 23:58:00,2024-08-20 01:30:00,17.345697,76.803877,Vehicle Theft reported in Kalaburagi; registered at Kalaburagi Police Station 06. Synthetic demonstration record.
2224,100181180202400002,202400002,2024-05-01,5088,1180,1,2,2,6,1,7018,2024-05-01 21:24:00,2024-05-01 21:57:00,2024-05-01 22:02:00,12.332954,75.785143,Vehicle Theft reported in Kodagu; registered at Kodagu Police Station 10. Synthetic demonstration record.
2225,100181175202600003,202600003,2026-01-20,5251,1175,1,2,7,18,2,7018,2026-01-18 11:21:00,2026-01-18 13:58:00,2026-01-18 15:33:00,12.351267,75.812855,Cheating reported in Kodagu; registered at Kodagu Police Station 05. Synthetic demonstration record.
2226,100221217202300001,202300001,2023-11-14,5359,1217,1,2,2,6,2,7022,2023-11-14 20:26:00,2023-11-14 22:14:00,2023-11-14 23:15:00,12.284753,76.650312,Vehicle Theft reported in Mysuru; registered at Mysuru Police Station 07. Synthetic demonstration record.
2227,100111103202300002,202300002,2023-01-13,5538,1103,1,2,2,5,2,7011,2023-01-11 22:26:00,2023-01-12 00:56:00,2023-01-12 02:14:00,12.94318,74.89247,Burglary reported in Dakshina Kannada; registered at Dakshina Kannada Police Station 03. Synthetic demonstration record.
2228,100281274202500002,202500002,2025-05-07,5384,1274,1,1,1,2,1,7028,2025-05-05 12:55:00,2025-05-05 14:11:00,2025-05-05 16:09:00,14.790221,74.153486,Attempt to Murder reported in Uttara Kannada; registered at Uttara Kannada Police Station 04. Synthetic demonstration record.
2229,100261251202400002,202400002,2024-10-04,5169,1251,1,2,8,20,3,7026,2024-10-03 08:20:00,2024-10-03 09:58:00,2024-10-03 10:56:00,13.350064,77.082142,Hit and Run reported in Tumakuru; registered at Tumakuru Police Station 01. Synthetic demonstration record.
2230,100211203202400001,202400001,2024-04-25,5223,1203,1,2,2,7,1,7021,2024-04-23 00:46:00,2024-04-23 01:52:00,2024-04-23 03:22:00,12.543399,76.905833,House Theft reported in Mandya; registered at Mandya Police Station 03. Synthetic demonstration record.
2231,100171162202200002,202200002,2022-08-30,5522,1162,1,2,7,19,3,7017,2022-08-28 18:37:00,2022-08-28 19:19:00,2022-08-28 20:17:00,17.376155,76.845161,Forgery reported in Kalaburagi; registered at Kalaburagi Police Station 02. Synthetic demonstration record.
2232,100121120202500003,202500003,2025-05-31,5121,1120,1,2,1,3,3,7012,2025-05-29 15:07:00,2025-05-29 15:45:00,2025-05-29 17:22:00,14.480439,75.887285,Assault reported in Davanagere; registered at Davanagere Police Station 10. Synthetic demonstration record.
2233,100051041202300005,202300005,2023-09-09,5496,1041,1,2,4,11,5,7005,2023-09-08 18:25:00,2023-09-08 19:23:00,2023-09-08 20:44:00,12.96355,77.56852,Online Fraud reported in Bengaluru Urban; registered at Bengaluru Urban Police Station 01. Synthetic demonstration record.
2234,100031023202300003,202300003,2023-01-14,5127,1023,1,2,2,6,3,7003,2023-01-14 19:57:00,2023-01-14 22:52:00,2023-01-15 00:10:00,15.842129,74.491322,Vehicle Theft reported in Belagavi; registered at Belagavi Police Station 03. Synthetic demonstration record.
2235,100221214202300003,202300003,2023-06-25,5383,1214,1,2,3,9,1,7022,2023-06-24 20:53:00,2023-06-24 23:46:00,2023-06-25 01:22:00,12.294846,76.666695,Sexual Harassment reported in Mysuru; registered at Mysuru Police Station 04. Synthetic demonstration record.
2236,100181179202200002,202200002,2022-11-29,5381,1179,1,1,1,2,3,7018,2022-11-27 23:03:00,2022-11-28 00:30:00,2022-11-28 01:41:00,12.36084,75.820089,Attempt to Murder reported in Kodagu; registered at Kodagu Police Station 09. Synthetic demonstration record.
2237,100281273202500001,202500001,2025-01-24,5249,1273,1,2,4,11,2,7028,2025-01-24 12:38:00,2025-01-24 14:51:00,2025-01-24 16:25:00,14.807159,74.152009,Online Fraud reported in Uttara Kannada; registered at Uttara Kannada Police Station 03. Synthetic demonstration record.
2238,100301297202300001,202300001,2023-10-06,5197,1297,1,2,1,3,4,7030,2023-10-04 19:35:00,2023-10-04 20:18:00,2023-10-04 21:34:00,16.76583,77.172372,Assault reported in Yadgir; registered at Yadgir Police Station 07. Synthetic demonstration record.
2239,100171163202200002,202200002,2022-10-21,5473,1163,1,2,2,6,4,7017,2022-10-19 19:50:00,2022-10-19 20:56:00,2022-10-19 22:08:00,17.296985,76.886221,Vehicle Theft reported in Kalaburagi; registered at Kalaburagi Police Station 03. Synthetic demonstration record.
2240,100251241202400002,202400002,2024-03-12,5513,1241,1,2,7,18,2,7025,2024-03-10 18:12:00,2024-03-10 19:22:00,2024-03-10 20:03:00,13.934886,75.616347,Cheating reported in Shivamogga; registered at Shivamogga Police Station 01. Synthetic demonstration record.
2241,800271262202600001,202600001,2026-07-15,5045,1262,4,2,4,13,1,7027,2026-07-14 10:20:00,2026-07-14 13:03:00,2026-07-14 13:11:00,13.344987,74.765356,Cyber Stalking reported in Udupi; registered at Udupi Police Station 02. Synthetic demonstration record.
2242,100261251202200003,202200003,2022-06-23,5169,1251,1,2,3,9,3,7026,2022-06-23 21:12:00,2022-06-23 23:18:00,2022-06-24 01:16:00,13.35804,77.089755,Sexual Harassment reported in Tumakuru; registered at Tumakuru Police Station 01. Synthetic demonstration record.
2243,100211209202200003,202200003,2022-08-07,5016,1209,1,2,4,12,5,7021,2022-08-05 17:46:00,2022-08-05 18:03:00,2022-08-05 20:01:00,12.570026,76.878045,Identity Theft reported in Mandya; registered at Mandya Police Station 09. Synthetic demonstration record.
2244,100031027202300001,202300001,2023-06-23,5299,1027,1,2,2,6,2,7003,2023-06-21 18:05:00,2023-06-21 20:58:00,2023-06-21 21:42:00,15.835627,74.526894,Vehicle Theft reported in Belagavi; registered at Belagavi Police Station 07. Synthetic demonstration record.
2245,100121117202400001,202400001,2024-03-10,5203,1117,1,2,4,12,5,7012,2024-03-08 17:40:00,2024-03-08 20:13:00,2024-03-08 21:56:00,14.491948,75.995849,Identity Theft reported in Davanagere; registered at Davanagere Police Station 07. Synthetic demonstration record.
2246,100181178202500001,202500001,2025-04-05,5593,1178,1,2,4,11,5,7018,2025-04-05 21:49:00,2025-04-05 23:35:00,2025-04-06 00:45:00,12.273458,75.862859,Online Fraud reported in Kodagu; registered at Kodagu Police Station 08. Synthetic demonstration record.
2247,100231229202600001,202600001,2026-06-19,5161,1229,1,2,4,13,1,7023,2026-06-17 16:47:00,2026-06-17 17:14:00,2026-06-17 18:45:00,16.231648,77.40703,Cyber Stalking reported in Raichur; registered at Raichur Police Station 09. Synthetic demonstration record.
2248,100051041202200007,202200007,2022-06-08,5311,1041,1,2,3,9,4,7005,2022-06-06 19:02:00,2022-06-06 21:06:00,2022-06-06 22:27:00,12.969741,77.636768,Sexual Harassment reported in Bengaluru Urban; registered at Bengaluru Urban Police Station 01. Synthetic demonstration record.
2249,100031030202200004,202200004,2022-11-04,5071,1030,1,2,7,18,5,7003,2022-11-03 15:46:00,2022-11-03 18:07:00,2022-11-03 19:12:00,15.886273,74.444463,Cheating reported in Belagavi; registered at Belagavi Police Station 10. Synthetic demonstration record.
2250,100191189202500002,202500002,2025-12-08,5535,1189,1,2,4,12,2,7019,2025-12-08 16:20:00,2025-12-08 19:19:00,2025-12-08 19:36:00,13.167392,78.095045,Identity Theft reported in Kolar; registered at Kolar Police Station 09. Synthetic demonstration record.
2251,300141131202300001,202300001,2023-04-29,5556,1131,2,2,3,8,2,7014,2023-04-29 08:49:00,2023-04-29 11:40:00,2023-04-29 12:51:00,15.45559,75.647389,Domestic Violence reported in Gadag; registered at Gadag Police Station 01. Synthetic demonstration record.
2252,100101095202300003,202300003,2023-10-19,5435,1095,1,2,4,13,1,7010,2023-10-19 17:24:00,2023-10-19 20:19:00,2023-10-19 20:57:00,14.261643,76.349409,Cyber Stalking reported in Chitradurga; registered at Chitradurga Police Station 05. Synthetic demonstration record.
2253,100301293202400006,202400006,2024-07-09,5389,1293,1,2,3,8,5,7030,2024-07-07 23:41:00,2024-07-08 01:03:00,2024-07-08 02:01:00,16.715261,77.153956,Domestic Violence reported in Yadgir; registered at Yadgir Police Station 03. Synthetic demonstration record.
2254,100031021202600004,202600004,2026-02-26,5562,1021,1,2,2,5,3,7003,2026-02-24 00:36:00,2026-02-24 01:08:00,2026-02-24 01:26:00,15.89162,74.509394,Burglary reported in Belagavi; registered at Belagavi Police Station 01. Synthetic demonstration record.
2255,100041035202600004,202600004,2026-05-01,5525,1035,1,2,4,11,1,7004,2026-05-01 11:42:00,2026-05-01 13:52:00,2026-05-01 14:28:00,13.233922,77.758683,Online Fraud reported in Bengaluru Rural; registered at Bengaluru Rural Police Station 05. Synthetic demonstration record.
2256,100131121202400002,202400002,2024-05-19,5198,1121,1,2,7,19,5,7013,2024-05-17 09:33:00,2024-05-17 10:22:00,2024-05-17 11:21:00,15.413231,75.026662,Forgery reported in Dharwad; registered at Dharwad Police Station 01. Synthetic demonstration record.
2257,100111110202600003,202600003,2026-03-24,5163,1110,1,2,8,20,3,7011,2026-03-22 19:31:00,2026-03-22 19:51:00,2026-03-22 20:42:00,12.882319,74.869089,Hit and Run reported in Dakshina Kannada; registered at Dakshina Kannada Police Station 10. Synthetic demonstration record.
2258,100271262202400002,202400002,2024-06-03,5444,1262,1,2,2,7,2,7027,2024-06-01 22:40:00,2024-06-02 01:23:00,2024-06-02 02:43:00,13.273924,74.799201,House Theft reported in Udupi; registered at Udupi Police Station 02. Synthetic demonstration record.
2259,100291283202300002,202300002,2023-03-13,5534,1283,1,2,2,5,2,7029,2023-03-12 03:20:00,2023-03-12 04:07:00,2023-03-12 05:35:00,16.844659,75.729118,Burglary reported in Vijayapura; registered at Vijayapura Police Station 03. Synthetic demonstration record.
2260,100071068202400003,202400003,2024-05-28,5174,1068,1,2,3,9,2,7007,2024-05-26 20:06:00,2024-05-26 23:01:00,2024-05-27 00:07:00,11.900594,76.983378,Sexual Harassment reported in Chamarajanagar; registered at Chamarajanagar Police Station 08. Synthetic demonstration record.
2261,100241238202200002,202200002,2022-06-06,5070,1238,1,2,2,5,3,7024,2022-06-04 01:54:00,2022-06-04 04:08:00,2022-06-04 05:45:00,12.728771,77.272273,Burglary reported in Ramanagara; registered at Ramanagara Police Station 08. Synthetic demonstration record.
2262,300061054202400001,202400001,2024-04-06,5061,1054,2,2,8,20,3,7006,2024-04-05 20:46:00,2024-04-05 23:33:00,2024-04-06 00:22:00,17.849536,77.575475,Hit and Run reported in Bidar; registered at Bidar Police Station 04. Synthetic demonstration record.
2263,100131122202400004,202400004,2024-08-24,5153,1122,1,1,5,15,1,7013,2024-08-23 15:51:00,2024-08-23 18:35:00,2024-08-23 19:28:00,15.451406,75.019272,Drug Trafficking reported in Dharwad; registered at Dharwad Police Station 02. Synthetic demonstration record.
2264,100161155202600002,202600002,2026-05-25,5271,1155,1,2,7,19,1,7016,2026-05-25 09:13:00,2026-05-25 11:40:00,2026-05-25 12:38:00,14.75897,75.408361,Forgery reported in Haveri; registered at Haveri Police Station 05. Synthetic demonstration record.
2265,100131124202500004,202500004,2025-12-30,5042,1124,1,2,4,12,3,7013,2025-12-29 17:46:00,2025-12-29 19:38:00,2025-12-29 21:02:00,15.501161,74.976033,Identity Theft reported in Dharwad; registered at Dharwad Police Station 04. Synthetic demonstration record.
2266,100041032202600002,202600002,2026-05-23,5167,1032,1,2,4,11,2,7004,2026-05-22 13:22:00,2026-05-22 15:28:00,2026-05-22 15:48:00,13.262049,77.730624,Online Fraud reported in Bengaluru Rural; registered at Bengaluru Rural Police Station 02. Synthetic demonstration record.
2267,100191185202200002,202200002,2022-08-21,5139,1185,1,2,7,18,1,7019,2022-08-20 10:41:00,2022-08-20 12:17:00,2022-08-20 12:55:00,13.119638,78.168057,Cheating reported in Kolar; registered at Kolar Police Station 05. Synthetic demonstration record.
2268,100101097202200003,202200003,2022-12-23,5171,1097,1,2,3,8,4,7010,2022-12-21 23:56:00,2022-12-22 01:03:00,2022-12-22 01:17:00,14.238212,76.428185,Domestic Violence reported in Chitradurga; registered at Chitradurga Police Station 07. Synthetic demonstration record.
2269,100191184202400002,202400002,2024-03-07,5479,1184,1,2,3,8,3,7019,2024-03-06 07:09:00,2024-03-06 08:18:00,2024-03-06 09:49:00,13.119027,78.14185,Domestic Violence reported in Kolar; registered at Kolar Police Station 04. Synthetic demonstration record.
2270,100301292202300002,202300002,2023-12-02,5066,1292,1,2,4,11,1,7030,2023-12-02 11:37:00,2023-12-02 14:05:00,2023-12-02 14:32:00,16.798655,77.120003,Online Fraud reported in Yadgir; registered at Yadgir Police Station 02. Synthetic demonstration record.
2271,100251241202400003,202400003,2024-05-06,5513,1241,1,2,3,9,3,7025,2024-05-05 17:52:00,2024-05-05 19:13:00,2024-05-05 20:50:00,13.915285,75.549765,Sexual Harassment reported in Shivamogga; registered at Shivamogga Police Station 01. Synthetic demonstration record.
2272,100131128202400003,202400003,2024-03-22,5256,1128,1,2,4,13,3,7013,2024-03-20 17:13:00,2024-03-20 20:04:00,2024-03-20 21:17:00,15.457873,74.973275,Cyber Stalking reported in Dharwad; registered at Dharwad Police Station 08. Synthetic demonstration record.
2273,100291285202500002,202500002,2025-12-19,5239,1285,1,2,4,11,2,7029,2025-12-19 12:02:00,2025-12-19 13:39:00,2025-12-19 14:08:00,16.803973,75.767107,Online Fraud reported in Vijayapura; registered at Vijayapura Police Station 05. Synthetic demonstration record.
2274,100041038202400002,202400002,2024-05-14,5097,1038,1,2,6,16,3,7004,2024-05-13 03:58:00,2024-05-13 05:11:00,2024-05-13 06:23:00,13.261551,77.74246,Rioting reported in Bengaluru Rural; registered at Bengaluru Rural Police Station 08. Synthetic demonstration record.
2275,100221214202400004,202400004,2024-11-02,5373,1214,1,2,1,3,2,7022,2024-11-01 13:59:00,2024-11-01 14:47:00,2024-11-01 16:01:00,12.305114,76.652581,Assault reported in Mysuru; registered at Mysuru Police Station 04. Synthetic demonstration record.
2276,100131127202300007,202300007,2023-02-22,5346,1127,1,2,5,14,2,7013,2023-02-20 10:23:00,2023-02-20 11:04:00,2023-02-20 11:14:00,15.489681,74.982295,NDPS Possession reported in Dharwad; registered at Dharwad Police Station 07. Synthetic demonstration record.
2277,400051050202300001,202300001,2023-08-23,5303,1050,3,2,4,11,3,7005,2023-08-21 21:26:00,2023-08-21 22:44:00,2023-08-21 23:58:00,13.002821,77.570112,Online Fraud reported in Bengaluru Urban; registered at Bengaluru Urban Police Station 10. Synthetic demonstration record.
2278,100151145202400003,202400003,2024-01-23,5429,1145,1,2,3,8,5,7015,2024-01-23 13:22:00,2024-01-23 13:33:00,2024-01-23 13:49:00,12.982555,76.092982,Domestic Violence reported in Hassan; registered at Hassan Police Station 05. Synthetic demonstration record.
2279,300211204202300001,202300001,2023-09-29,5318,1204,2,2,7,19,3,7021,2023-09-28 13:37:00,2023-09-28 14:19:00,2023-09-28 16:06:00,12.512136,76.947033,Forgery reported in Mandya; registered at Mandya Police Station 04. Synthetic demonstration record.
2280,100031023202300004,202300004,2023-07-07,5127,1023,1,2,2,6,3,7003,2023-07-06 20:15:00,2023-07-06 20:35:00,2023-07-06 20:45:00,15.831726,74.538359,Vehicle Theft reported in Belagavi; registered at Belagavi Police Station 03. Synthetic demonstration record.
2281,800261260202600001,202600001,2026-04-13,5139,1260,4,2,2,6,2,7026,2026-04-13 18:19:00,2026-04-13 21:16:00,2026-04-13 23:00:00,13.342973,77.095422,Vehicle Theft reported in Tumakuru; registered at Tumakuru Police Station 10. Synthetic demonstration record.
2282,100071065202300004,202300004,2023-06-11,5344,1065,1,2,7,18,5,7007,2023-06-10 13:23:00,2023-06-10 16:16:00,2023-06-10 16:33:00,11.872264,76.947621,Cheating reported in Chamarajanagar; registered at Chamarajanagar Police Station 05. Synthetic demonstration record.
2283,100231225202400002,202400002,2024-07-27,5498,1225,1,2,1,3,2,7023,2024-07-25 19:50:00,2024-07-25 20:02:00,2024-07-25 21:35:00,16.226405,77.29667,Assault reported in Raichur; registered at Raichur Police Station 05. Synthetic demonstration record.
2284,100071064202400002,202400002,2024-12-28,5223,1064,1,2,1,3,1,7007,2024-12-27 07:57:00,2024-12-27 10:29:00,2024-12-27 11:37:00,11.88712,76.991847,Assault reported in Chamarajanagar; registered at Chamarajanagar Police Station 04. Synthetic demonstration record.
2285,100031026202400004,202400004,2024-12-19,5404,1026,1,2,2,7,1,7003,2024-12-19 23:18:00,2024-12-20 00:51:00,2024-12-20 02:08:00,15.871759,74.480548,House Theft reported in Belagavi; registered at Belagavi Police Station 06. Synthetic demonstration record.
2286,100171162202200003,202200003,2022-01-07,5321,1162,1,1,1,2,3,7017,2022-01-06 06:53:00,2022-01-06 07:09:00,2022-01-06 08:00:00,17.296351,76.809349,Attempt to Murder reported in Kalaburagi; registered at Kalaburagi Police Station 02. Synthetic demonstration record.
2287,100051050202500002,202500002,2025-09-27,5125,1050,1,2,4,11,3,7005,2025-09-26 20:36:00,2025-09-26 22:25:00,2025-09-26 23:44:00,13.006592,77.622764,Online Fraud reported in Bengaluru Urban; registered at Bengaluru Urban Police Station 10. Synthetic demonstration record.
2288,100051044202500006,202500006,2025-01-21,5467,1044,1,2,4,11,1,7005,2025-01-20 20:00:00,2025-01-20 21:06:00,2025-01-20 22:42:00,12.994937,77.626148,Online Fraud reported in Bengaluru Urban; registered at Bengaluru Urban Police Station 04. Synthetic demonstration record.
2289,400121118202500001,202500001,2025-01-04,5035,1118,3,2,2,7,3,7012,2025-01-04 02:22:00,2025-01-04 04:46:00,2025-01-04 05:04:00,14.421973,75.955,House Theft reported in Davanagere; registered at Davanagere Police Station 08. Synthetic demonstration record.
2290,100181179202200003,202200003,2022-10-12,5381,1179,1,2,2,6,1,7018,2022-10-11 17:27:00,2022-10-11 18:06:00,2022-10-11 18:43:00,12.311148,75.828102,Vehicle Theft reported in Kodagu; registered at Kodagu Police Station 09. Synthetic demonstration record.
2291,100251246202400001,202400001,2024-12-17,5398,1246,1,2,4,11,1,7025,2024-12-15 11:32:00,2024-12-15 12:20:00,2024-12-15 13:56:00,13.915039,75.566689,Online Fraud reported in Shivamogga; registered at Shivamogga Police Station 06. Synthetic demonstration record.
2292,400251243202400001,202400001,2024-11-28,5456,1243,3,1,1,2,2,7025,2024-11-28 05:32:00,2024-11-28 06:43:00,2024-11-28 07:57:00,13.950444,75.541142,Attempt to Murder reported in Shivamogga; registered at Shivamogga Police Station 03. Synthetic demonstration record.
2293,100131130202400003,202400003,2024-08-09,5221,1130,1,1,2,4,1,7013,2024-08-08 19:39:00,2024-08-08 22:37:00,2024-08-08 23:49:00,15.455469,75.057501,Robbery reported in Dharwad; registered at Dharwad Police Station 10. Synthetic demonstration record.
2294,100021016202500002,202500002,2025-11-11,5590,1016,1,2,8,20,3,7002,2025-11-10 21:42:00,2025-11-10 23:11:00,2025-11-11 00:57:00,15.098922,76.95371,Hit and Run reported in Ballari; registered at Ballari Police Station 06. Synthetic demonstration record.
2295,100051046202300008,202300008,2023-01-11,5250,1046,1,2,4,11,2,7005,2023-01-09 16:29:00,2023-01-09 18:07:00,2023-01-09 19:31:00,12.957647,77.590638,Online Fraud reported in Bengaluru Urban; registered at Bengaluru Urban Police Station 06. Synthetic demonstration record.
2296,800171170202600001,202600001,2026-02-10,5285,1170,4,2,2,6,4,7017,2026-02-10 20:04:00,2026-02-10 22:38:00,2026-02-11 00:03:00,17.345339,76.864023,Vehicle Theft reported in Kalaburagi; registered at Kalaburagi Police Station 10. Synthetic demonstration record.
2297,100201194202200004,202200004,2022-05-29,5539,1194,1,2,4,12,3,7020,2022-05-29 10:46:00,2022-05-29 12:04:00,2022-05-29 13:45:00,15.380769,76.226192,Identity Theft reported in Koppal; registered at Koppal Police Station 04. Synthetic demonstration record.
2298,100121120202600002,202600002,2026-01-22,5530,1120,1,1,3,10,3,7012,2026-01-20 21:07:00,2026-01-20 21:18:00,2026-01-20 21:38:00,14.458669,75.932818,Kidnapping reported in Davanagere; registered at Davanagere Police Station 10. Synthetic demonstration record.
2299,100161155202300002,202300002,2023-08-26,5178,1155,1,2,2,6,5,7016,2023-08-26 21:17:00,2023-08-26 21:55:00,2023-08-26 23:45:00,14.787732,75.411699,Vehicle Theft reported in Haveri; registered at Haveri Police Station 05. Synthetic demonstration record.
2300,400171168202500001,202500001,2025-11-04,5133,1168,3,2,4,13,5,7017,2025-11-04 09:23:00,2025-11-04 10:01:00,2025-11-04 11:48:00,17.297305,76.814625,Cyber Stalking reported in Kalaburagi; registered at Kalaburagi Police Station 08. Synthetic demonstration record.
2301,100151142202200002,202200002,2022-07-15,5412,1142,1,2,4,11,3,7015,2022-07-13 09:58:00,2022-07-13 11:45:00,2022-07-13 12:58:00,12.942956,76.144896,Online Fraud reported in Hassan; registered at Hassan Police Station 02. Synthetic demonstration record.
2302,100231222202200003,202200003,2022-08-24,5010,1222,1,1,2,4,1,7023,2022-08-22 19:33:00,2022-08-22 22:05:00,2022-08-22 23:57:00,16.195004,77.338276,Robbery reported in Raichur; registered at Raichur Police Station 02. Synthetic demonstration record.
2303,100171168202500005,202500005,2025-10-05,5133,1168,1,2,2,7,1,7017,2025-10-04 02:11:00,2025-10-04 03:43:00,2025-10-04 04:16:00,17.390592,76.825996,House Theft reported in Kalaburagi; registered at Kalaburagi Police Station 08. Synthetic demonstration record.
2304,100261255202500006,202500006,2025-07-13,5008,1255,1,2,5,14,3,7026,2025-07-12 14:27:00,2025-07-12 16:14:00,2025-07-12 16:47:00,13.338909,77.148337,NDPS Possession reported in Tumakuru; registered at Tumakuru Police Station 05. Synthetic demonstration record.
2305,100131121202200002,202200002,2022-01-05,5358,1121,1,2,2,6,1,7013,2022-01-04 20:01:00,2022-01-04 21:06:00,2022-01-04 21:43:00,15.467202,75.015374,Vehicle Theft reported in Dharwad; registered at Dharwad Police Station 01. Synthetic demonstration record.
2306,100121118202500002,202500002,2025-11-27,5035,1118,1,2,3,8,1,7012,2025-11-27 18:02:00,2025-11-27 20:11:00,2025-11-27 20:20:00,14.443303,75.939338,Domestic Violence reported in Davanagere; registered at Davanagere Police Station 08. Synthetic demonstration record.
2307,100201197202500003,202500003,2025-04-03,5581,1197,1,2,2,7,5,7020,2025-04-02 02:21:00,2025-04-02 03:55:00,2025-04-02 04:28:00,15.340079,76.15888,House Theft reported in Koppal; registered at Koppal Police Station 07. Synthetic demonstration record.
2308,400121119202200001,202200001,2022-01-04,5182,1119,3,2,2,7,1,7012,2022-01-03 02:19:00,2022-01-03 03:26:00,2022-01-03 05:02:00,14.484593,75.914405,House Theft reported in Davanagere; registered at Davanagere Police Station 09. Synthetic demonstration record.
2309,100111101202200005,202200005,2022-10-16,5470,1101,1,1,1,1,2,7011,2022-10-16 20:21:00,2022-10-16 22:48:00,2022-10-16 23:41:00,12.883291,74.909343,Murder reported in Dakshina Kannada; registered at Dakshina Kannada Police Station 01. Synthetic demonstration record.
2310,100221212202500003,202500003,2025-05-16,5291,1212,1,2,4,11,1,7022,2025-05-16 16:51:00,2025-05-16 17:18:00,2025-05-16 18:53:00,12.242443,76.660462,Online Fraud reported in Mysuru; registered at Mysuru Police Station 02. Synthetic demonstration record.
2311,100191184202400003,202400003,2024-05-22,5479,1184,1,2,2,7,1,7019,2024-05-21 02:21:00,2024-05-21 04:05:00,2024-05-21 04:27:00,13.068063,78.146774,House Theft reported in Kolar; registered at Kolar Police Station 04. Synthetic demonstration record.
2312,800151147202400001,202400001,2024-02-18,5160,1147,4,2,7,19,3,7015,2024-02-17 21:21:00,2024-02-17 23:41:00,2024-02-18 01:41:00,12.985385,76.065486,Forgery reported in Hassan; registered at Hassan Police Station 07. Synthetic demonstration record.
2313,400051044202400001,202400001,2024-12-30,5521,1044,3,2,4,12,1,7005,2024-12-29 12:22:00,2024-12-29 12:58:00,2024-12-29 13:51:00,12.950316,77.610186,Identity Theft reported in Bengaluru Urban; registered at Bengaluru Urban Police Station 04. Synthetic demonstration record.
2314,100141135202500001,202500001,2025-01-30,5370,1135,1,2,5,14,3,7014,2025-01-30 11:08:00,2025-01-30 13:25:00,2025-01-30 14:14:00,15.475138,75.706185,NDPS Possession reported in Gadag; registered at Gadag Police Station 05. Synthetic demonstration record.
2315,100041037202300002,202300002,2023-06-28,5416,1037,1,2,1,3,2,7004,2023-06-26 06:28:00,2023-06-26 07:41:00,2023-06-26 09:00:00,13.347422,77.694491,Assault reported in Bengaluru Rural; registered at Bengaluru Rural Police Station 07. Synthetic demonstration record.
2316,100131129202500002,202500002,2025-12-05,5018,1129,1,2,2,5,2,7013,2025-12-04 03:19:00,2025-12-04 04:34:00,2025-12-04 05:15:00,15.444924,74.973091,Burglary reported in Dharwad; registered at Dharwad Police Station 09. Synthetic demonstration record.
2317,100051042202500006,202500006,2025-05-25,5300,1042,1,2,2,6,3,7005,2025-05-25 18:08:00,2025-05-25 20:58:00,2025-05-25 22:54:00,12.957569,77.64062,Vehicle Theft reported in Bengaluru Urban; registered at Bengaluru Urban Police Station 02. Synthetic demonstration record.
2318,100161157202400003,202400003,2024-05-11,5462,1157,1,2,4,12,2,7016,2024-05-09 15:55:00,2024-05-09 16:12:00,2024-05-09 17:30:00,14.829101,75.360983,Identity Theft reported in Haveri; registered at Haveri Police Station 07. Synthetic demonstration record.
2319,100101094202300003,202300003,2023-04-10,5038,1094,1,2,1,3,2,7010,2023-04-10 11:12:00,2023-04-10 13:09:00,2023-04-10 13:21:00,14.22266,76.409508,Assault reported in Chitradurga; registered at Chitradurga Police Station 04. Synthetic demonstration record.
2320,100111104202400003,202400003,2024-08-13,5423,1104,1,2,4,11,1,7011,2024-08-12 09:11:00,2024-08-12 10:46:00,2024-08-12 10:54:00,12.878661,74.859151,Online Fraud reported in Dakshina Kannada; registered at Dakshina Kannada Police Station 04. Synthetic demonstration record.
2321,100261257202400001,202400001,2024-02-11,5293,1257,1,2,5,14,4,7026,2024-02-11 08:22:00,2024-02-11 09:18:00,2024-02-11 10:21:00,13.326669,77.129457,NDPS Possession reported in Tumakuru; registered at Tumakuru Police Station 07. Synthetic demonstration record.
2322,100081073202300002,202300002,2023-10-31,5528,1073,1,2,2,7,3,7008,2023-10-29 01:50:00,2023-10-29 03:35:00,2023-10-29 03:57:00,13.437323,77.728214,House Theft reported in Chikkaballapur; registered at Chikkaballapur Police Station 03. Synthetic demonstration record.
2323,100051045202300007,202300007,2023-09-14,5419,1045,1,2,3,8,3,7005,2023-09-14 10:00:00,2023-09-14 12:32:00,2023-09-14 14:10:00,13.003093,77.612174,Domestic Violence reported in Bengaluru Urban; registered at Bengaluru Urban Police Station 05. Synthetic demonstration record.
2324,100301296202200003,202200003,2022-05-02,5435,1296,1,2,6,17,1,7030,2022-04-30 21:06:00,2022-04-30 23:35:00,2022-05-01 01:12:00,16.767484,77.151651,Unlawful Assembly reported in Yadgir; registered at Yadgir Police Station 06. Synthetic demonstration record.
2325,100081076202200001,202200001,2022-04-06,5246,1076,1,2,1,3,1,7008,2022-04-06 07:04:00,2022-04-06 07:38:00,2022-04-06 09:18:00,13.494209,77.722163,Assault reported in Chikkaballapur; registered at Chikkaballapur Police Station 06. Synthetic demonstration record.
2326,100011007202400001,202400001,2024-01-28,5396,1007,1,2,8,20,5,7001,2024-01-27 07:36:00,2024-01-27 10:17:00,2024-01-27 11:03:00,16.142545,75.692098,Hit and Run reported in Bagalkot; registered at Bagalkot Police Station 07. Synthetic demonstration record.
2327,300061058202400001,202400001,2024-05-28,5278,1058,2,2,4,11,1,7006,2024-05-26 18:06:00,2024-05-26 19:44:00,2024-05-26 20:32:00,17.924679,77.517141,Online Fraud reported in Bidar; registered at Bidar Police Station 08. Synthetic demonstration record.
2328,100101093202600002,202600002,2026-02-10,5327,1093,1,2,4,11,2,7010,2026-02-09 20:13:00,2026-02-09 21:28:00,2026-02-09 22:42:00,14.2126,76.366415,Online Fraud reported in Chitradurga; registered at Chitradurga Police Station 03. Synthetic demonstration record.
2329,100031028202600001,202600001,2026-06-13,5006,1028,1,2,4,11,3,7003,2026-06-13 15:51:00,2026-06-13 16:40:00,2026-06-13 18:08:00,15.834702,74.515374,Online Fraud reported in Belagavi; registered at Belagavi Police Station 08. Synthetic demonstration record.
2330,100281273202300001,202300001,2023-08-12,5249,1273,1,2,6,17,3,7028,2023-08-12 21:34:00,2023-08-13 00:08:00,2023-08-13 00:41:00,14.842545,74.126987,Unlawful Assembly reported in Uttara Kannada; registered at Uttara Kannada Police Station 03. Synthetic demonstration record.
2331,100131121202400003,202400003,2024-09-26,5198,1121,1,2,2,7,4,7013,2024-09-24 00:46:00,2024-09-24 01:59:00,2024-09-24 02:09:00,15.461671,74.978691,House Theft reported in Dharwad; registered at Dharwad Police Station 01. Synthetic demonstration record.
2332,400131123202600001,202600001,2026-02-23,5142,1123,3,2,7,19,5,7013,2026-02-21 12:53:00,2026-02-21 13:23:00,2026-02-21 14:49:00,15.399873,75.056267,Forgery reported in Dharwad; registered at Dharwad Police Station 03. Synthetic demonstration record.
2333,100251244202400001,202400001,2024-07-24,5308,1244,1,2,4,11,3,7025,2024-07-22 17:42:00,2024-07-22 18:50:00,2024-07-22 20:33:00,13.95828,75.546075,Online Fraud reported in Shivamogga; registered at Shivamogga Police Station 04. Synthetic demonstration record.
2334,100051046202200003,202200003,2022-09-11,5206,1046,1,2,7,19,3,7005,2022-09-09 16:08:00,2022-09-09 17:32:00,2022-09-09 18:24:00,12.976998,77.618535,Forgery reported in Bengaluru Urban; registered at Bengaluru Urban Police Station 06. Synthetic demonstration record.
2335,100221211202400004,202400004,2024-05-10,5078,1211,1,2,2,5,3,7022,2024-05-10 00:43:00,2024-05-10 00:53:00,2024-05-10 02:02:00,12.242573,76.688358,Burglary reported in Mysuru; registered at Mysuru Police Station 01. Synthetic demonstration record.
2336,100031026202300001,202300001,2023-09-24,5404,1026,1,1,2,4,2,7003,2023-09-22 19:51:00,2023-09-22 22:13:00,2023-09-23 00:09:00,15.830136,74.500258,Robbery reported in Belagavi; registered at Belagavi Police Station 06. Synthetic demonstration record.
2337,100021012202200002,202200002,2022-07-13,5476,1012,1,2,8,20,2,7002,2022-07-13 15:38:00,2022-07-13 18:18:00,2022-07-13 20:17:00,15.120753,76.947962,Hit and Run reported in Ballari; registered at Ballari Police Station 02. Synthetic demonstration record.
2338,100051041202600004,202600004,2026-02-16,5077,1041,1,2,4,11,1,7005,2026-02-15 10:14:00,2026-02-15 11:56:00,2026-02-15 13:16:00,12.974764,77.5822,Online Fraud reported in Bengaluru Urban; registered at Bengaluru Urban Police Station 01. Synthetic demonstration record.
2339,100201192202300001,202300001,2023-08-18,5331,1192,1,1,2,4,3,7020,2023-08-16 19:50:00,2023-08-16 20:20:00,2023-08-16 22:12:00,15.359921,76.168672,Robbery reported in Koppal; registered at Koppal Police Station 02. Synthetic demonstration record.
2340,100141135202400002,202400002,2024-05-24,5564,1135,1,2,2,5,2,7014,2024-05-24 22:03:00,2024-05-25 00:47:00,2024-05-25 01:07:00,15.435405,75.592954,Burglary reported in Gadag; registered at Gadag Police Station 05. Synthetic demonstration record.
2341,100261258202300001,202300001,2023-01-05,5015,1258,1,2,8,20,5,7026,2023-01-03 20:30:00,2023-01-03 22:55:00,2023-01-04 00:47:00,13.275726,77.130827,Hit and Run reported in Tumakuru; registered at Tumakuru Police Station 08. Synthetic demonstration record.
2342,800011004202400001,202400001,2024-01-26,5478,1004,4,2,2,6,2,7001,2024-01-25 17:56:00,2024-01-25 19:23:00,2024-01-25 21:16:00,16.137261,75.69051,Vehicle Theft reported in Bagalkot; registered at Bagalkot Police Station 04. Synthetic demonstration record.
2343,100261260202400006,202400006,2024-05-12,5487,1260,1,2,8,20,3,7026,2024-05-10 13:43:00,2024-05-10 14:50:00,2024-05-10 16:01:00,13.381235,77.099318,Hit and Run reported in Tumakuru; registered at Tumakuru Police Station 10. Synthetic demonstration record.
2344,800141140202500001,202500001,2025-03-06,5079,1140,4,2,2,6,3,7014,2025-03-04 17:11:00,2025-03-04 18:39:00,2025-03-04 19:46:00,15.428288,75.621813,Vehicle Theft reported in Gadag; registered at Gadag Police Station 10. Synthetic demonstration record.
2345,100221218202200004,202200004,2022-08-07,5103,1218,1,2,1,3,3,7022,2022-08-07 15:58:00,2022-08-07 16:17:00,2022-08-07 17:24:00,12.297071,76.643373,Assault reported in Mysuru; registered at Mysuru Police Station 08. Synthetic demonstration record.
2346,100261253202200002,202200002,2022-03-28,5411,1253,1,1,3,10,3,7026,2022-03-26 21:47:00,2022-03-27 00:38:00,2022-03-27 01:45:00,13.312237,77.099002,Kidnapping reported in Tumakuru; registered at Tumakuru Police Station 03. Synthetic demonstration record.
2347,100131128202400004,202400004,2024-08-14,5032,1128,1,2,2,5,3,7013,2024-08-12 23:47:00,2024-08-13 00:12:00,2024-08-13 01:39:00,15.493933,75.014651,Burglary reported in Dharwad; registered at Dharwad Police Station 08. Synthetic demonstration record.
2348,100301300202200001,202200001,2022-07-10,5592,1300,1,2,4,11,1,7030,2022-07-10 21:00:00,2022-07-10 23:34:00,2022-07-10 23:59:00,16.828928,77.099319,Online Fraud reported in Yadgir; registered at Yadgir Police Station 10. Synthetic demonstration record.
2349,100191188202600002,202600002,2026-06-23,5402,1188,1,2,4,12,2,7019,2026-06-23 11:26:00,2026-06-23 12:34:00,2026-06-23 13:43:00,13.131591,78.15928,Identity Theft reported in Kolar; registered at Kolar Police Station 08. Synthetic demonstration record.
2350,100221213202600002,202600002,2026-05-31,5195,1213,1,2,8,20,3,7022,2026-05-31 10:50:00,2026-05-31 11:53:00,2026-05-31 12:54:00,12.301916,76.611482,Hit and Run reported in Mysuru; registered at Mysuru Police Station 03. Synthetic demonstration record.
2351,100221218202400005,202400005,2024-03-26,5103,1218,1,2,2,5,3,7022,2024-03-25 03:49:00,2024-03-25 04:54:00,2024-03-25 05:33:00,12.237623,76.673812,Burglary reported in Mysuru; registered at Mysuru Police Station 08. Synthetic demonstration record.
2352,100281277202600002,202600002,2026-06-05,5295,1277,1,2,4,12,2,7028,2026-06-04 13:36:00,2026-06-04 16:14:00,2026-06-04 17:24:00,14.749329,74.157162,Identity Theft reported in Uttara Kannada; registered at Uttara Kannada Police Station 07. Synthetic demonstration record.
2353,100101094202200001,202200001,2022-05-24,5038,1094,1,2,1,3,1,7010,2022-05-23 13:07:00,2022-05-23 15:52:00,2022-05-23 16:19:00,14.21416,76.40669,Assault reported in Chitradurga; registered at Chitradurga Police Station 04. Synthetic demonstration record.
2354,100311307202300003,202300003,2023-10-16,5256,1307,1,2,1,3,2,7031,2023-10-14 02:26:00,2023-10-14 03:48:00,2023-10-14 05:10:00,15.354429,76.455178,Assault reported in Vijayanagara; registered at Vijayanagara Police Station 07. Synthetic demonstration record.
2355,100011001202500001,202500001,2025-07-17,5508,1001,1,2,2,6,5,7001,2025-07-15 17:53:00,2025-07-15 19:39:00,2025-07-15 20:20:00,16.218887,75.660549,Vehicle Theft reported in Bagalkot; registered at Bagalkot Police Station 01. Synthetic demonstration record.
2356,100051046202600004,202600004,2026-02-08,5415,1046,1,2,4,11,4,7005,2026-02-07 16:22:00,2026-02-07 18:25:00,2026-02-07 18:33:00,12.967745,77.574051,Online Fraud reported in Bengaluru Urban; registered at Bengaluru Urban Police Station 06. Synthetic demonstration record.
2357,100291283202200002,202200002,2022-01-05,5534,1283,1,2,2,6,5,7029,2022-01-03 18:41:00,2022-01-03 20:12:00,2022-01-03 20:35:00,16.798663,75.69245,Vehicle Theft reported in Vijayapura; registered at Vijayapura Police Station 03. Synthetic demonstration record.
2358,400191189202500001,202500001,2025-03-01,5451,1189,3,2,4,11,3,7019,2025-02-27 20:01:00,2025-02-27 22:25:00,2025-02-27 22:59:00,13.143464,78.107312,Online Fraud reported in Kolar; registered at Kolar Police Station 09. Synthetic demonstration record.
2359,100241231202300002,202300002,2023-12-11,5135,1231,1,2,7,19,2,7024,2023-12-11 18:31:00,2023-12-11 19:07:00,2023-12-11 19:54:00,12.689248,77.32284,Forgery reported in Ramanagara; registered at Ramanagara Police Station 01. Synthetic demonstration record.
2360,300051041202300002,202300002,2023-08-12,5077,1041,2,1,2,4,1,7005,2023-08-10 21:35:00,2023-08-10 23:50:00,2023-08-11 00:53:00,12.96741,77.571686,Robbery reported in Bengaluru Urban; registered at Bengaluru Urban Police Station 01. Synthetic demonstration record.
2361,100191189202300004,202300004,2023-05-15,5451,1189,1,1,5,15,3,7019,2023-05-15 22:07:00,2023-05-16 00:08:00,2023-05-16 00:22:00,13.121692,78.151014,Drug Trafficking reported in Kolar; registered at Kolar Police Station 09. Synthetic demonstration record.
2362,100151142202200003,202200003,2022-03-30,5371,1142,1,2,2,6,5,7015,2022-03-29 18:16:00,2022-03-29 20:31:00,2022-03-29 21:55:00,13.028853,76.140743,Vehicle Theft reported in Hassan; registered at Hassan Police Station 02. Synthetic demonstration record.
2363,100121119202300003,202300003,2023-02-03,5565,1119,1,2,4,11,1,7012,2023-02-02 19:37:00,2023-02-02 20:58:00,2023-02-02 22:47:00,14.454465,75.888763,Online Fraud reported in Davanagere; registered at Davanagere Police Station 09. Synthetic demonstration record.
2364,100051045202300008,202300008,2023-01-19,5419,1045,1,2,4,11,5,7005,2023-01-17 17:12:00,2023-01-17 19:12:00,2023-01-17 19:30:00,12.946738,77.622283,Online Fraud reported in Bengaluru Urban; registered at Bengaluru Urban Police Station 05. Synthetic demonstration record.
2365,100261251202200004,202200004,2022-04-14,5169,1251,1,2,4,12,1,7026,2022-04-12 12:07:00,2022-04-12 12:52:00,2022-04-12 14:24:00,13.386311,77.075056,Identity Theft reported in Tumakuru; registered at Tumakuru Police Station 01. Synthetic demonstration record.
2366,100051042202300012,202300012,2023-11-23,5300,1042,1,2,4,11,1,7005,2023-11-23 10:36:00,2023-11-23 12:47:00,2023-11-23 12:56:00,13.007122,77.641029,Online Fraud reported in Bengaluru Urban; registered at Bengaluru Urban Police Station 02. Synthetic demonstration record.
2367,100081073202400002,202400002,2024-08-16,5528,1073,1,2,2,5,1,7008,2024-08-15 03:41:00,2024-08-15 05:34:00,2024-08-15 06:37:00,13.424513,77.750987,Burglary reported in Chikkaballapur; registered at Chikkaballapur Police Station 03. Synthetic demonstration record.
2368,100131125202300001,202300001,2023-10-16,5379,1125,1,2,2,5,1,7013,2023-10-16 23:52:00,2023-10-17 00:46:00,2023-10-17 01:46:00,15.484479,74.959547,Burglary reported in Dharwad; registered at Dharwad Police Station 05. Synthetic demonstration record.
2369,100171161202300002,202300002,2023-06-24,5226,1161,1,1,2,4,2,7017,2023-06-24 21:46:00,2023-06-25 00:20:00,2023-06-25 01:26:00,17.342991,76.8583,Robbery reported in Kalaburagi; registered at Kalaburagi Police Station 01. Synthetic demonstration record.
2370,100051047202300009,202300009,2023-06-28,5600,1047,1,2,1,3,1,7005,2023-06-26 20:05:00,2023-06-26 22:43:00,2023-06-27 00:15:00,12.96252,77.574782,Assault reported in Bengaluru Urban; registered at Bengaluru Urban Police Station 07. Synthetic demonstration record.
2371,100301291202500002,202500002,2025-06-24,5354,1291,1,2,1,3,2,7030,2025-06-24 11:59:00,2025-06-24 12:42:00,2025-06-24 13:22:00,16.749259,77.145991,Assault reported in Yadgir; registered at Yadgir Police Station 01. Synthetic demonstration record.
2372,400221212202300001,202300001,2023-12-10,5291,1212,3,2,6,17,3,7022,2023-12-09 20:23:00,2023-12-09 21:06:00,2023-12-09 22:03:00,12.288451,76.641021,Unlawful Assembly reported in Mysuru; registered at Mysuru Police Station 02. Synthetic demonstration record.
2373,100061053202500001,202500001,2025-05-29,5040,1053,1,2,3,8,1,7006,2025-05-27 05:00:00,2025-05-27 05:31:00,2025-05-27 06:23:00,17.935408,77.57174,Domestic Violence reported in Bidar; registered at Bidar Police Station 03. Synthetic demonstration record.
2374,100011001202500002,202500002,2025-10-14,5091,1001,1,1,1,1,3,7001,2025-10-13 15:00:00,2025-10-13 17:33:00,2025-10-13 17:57:00,16.173276,75.688148,Murder reported in Bagalkot; registered at Bagalkot Police Station 01. Synthetic demonstration record.
2375,100051048202300008,202300008,2023-05-06,5364,1048,1,2,3,9,3,7005,2023-05-05 19:24:00,2023-05-05 21:29:00,2023-05-05 22:02:00,12.986273,77.56312,Sexual Harassment reported in Bengaluru Urban; registered at Bengaluru Urban Police Station 08. Synthetic demonstration record.
2376,100111107202200001,202200001,2022-10-14,5053,1107,1,2,8,20,5,7011,2022-10-13 17:55:00,2022-10-13 18:42:00,2022-10-13 20:24:00,12.929993,74.829225,Hit and Run reported in Dakshina Kannada; registered at Dakshina Kannada Police Station 07. Synthetic demonstration record.
2377,100191181202200001,202200001,2022-05-27,5546,1181,1,2,2,6,3,7019,2022-05-25 17:37:00,2022-05-25 19:20:00,2022-05-25 20:27:00,13.184933,78.090653,Vehicle Theft reported in Kolar; registered at Kolar Police Station 01. Synthetic demonstration record.
2378,100271265202300002,202300002,2023-01-21,5231,1265,1,1,2,4,3,7027,2023-01-20 20:59:00,2023-01-20 23:53:00,2023-01-20 23:59:00,13.356329,74.755776,Robbery reported in Udupi; registered at Udupi Police Station 05. Synthetic demonstration record.
2379,100051047202300010,202300010,2023-01-22,5527,1047,1,2,3,8,2,7005,2023-01-22 23:43:00,2023-01-23 02:11:00,2023-01-23 03:58:00,12.977963,77.578857,Domestic Violence reported in Bengaluru Urban; registered at Bengaluru Urban Police Station 07. Synthetic demonstration record.
2380,100041038202200003,202200003,2022-02-12,5401,1038,1,2,4,13,2,7004,2022-02-11 20:21:00,2022-02-11 21:12:00,2022-02-11 22:18:00,13.261762,77.734327,Cyber Stalking reported in Bengaluru Rural; registered at Bengaluru Rural Police Station 08. Synthetic demonstration record.
2381,100151142202500002,202500002,2025-08-31,5412,1142,1,2,7,18,2,7015,2025-08-31 18:38:00,2025-08-31 21:35:00,2025-08-31 22:54:00,12.991949,76.106113,Cheating reported in Hassan; registered at Hassan Police Station 02. Synthetic demonstration record.
2382,800031025202200001,202200001,2022-03-15,5591,1025,4,2,2,5,2,7003,2022-03-14 00:06:00,2022-03-14 02:58:00,2022-03-14 03:51:00,15.855633,74.501468,Burglary reported in Belagavi; registered at Belagavi Police Station 05. Synthetic demonstration record.
2383,100041040202500001,202500001,2025-07-14,5020,1040,1,2,2,6,1,7004,2025-07-12 20:47:00,2025-07-12 23:06:00,2025-07-13 00:50:00,13.266094,77.696512,Vehicle Theft reported in Bengaluru Rural; registered at Bengaluru Rural Police Station 10. Synthetic demonstration record.
2384,100091081202200003,202200003,2022-06-12,5310,1081,1,2,7,18,1,7009,2022-06-12 18:30:00,2022-06-12 19:41:00,2022-06-12 21:33:00,13.280956,75.803636,Cheating reported in Chikkamagaluru; registered at Chikkamagaluru Police Station 01. Synthetic demonstration record.
2385,100261253202200003,202200003,2022-10-21,5261,1253,1,2,2,7,2,7026,2022-10-21 22:31:00,2022-10-22 00:48:00,2022-10-22 02:40:00,13.320269,77.103258,House Theft reported in Tumakuru; registered at Tumakuru Police Station 03. Synthetic demonstration record.
2386,100131129202400005,202400005,2024-01-23,5018,1129,1,2,2,5,3,7013,2024-01-23 03:46:00,2024-01-23 03:58:00,2024-01-23 05:31:00,15.47193,75.029611,Burglary reported in Dharwad; registered at Dharwad Police Station 09. Synthetic demonstration record.
2387,100051049202400008,202400008,2024-09-16,5433,1049,1,1,5,15,1,7005,2024-09-15 03:01:00,2024-09-15 05:45:00,2024-09-15 07:28:00,12.955513,77.64495,Drug Trafficking reported in Bengaluru Urban; registered at Bengaluru Urban Police Station 09. Synthetic demonstration record.
2388,100311303202200003,202200003,2022-06-05,5085,1303,1,2,5,14,2,7031,2022-06-05 11:20:00,2022-06-05 11:59:00,2022-06-05 12:52:00,15.342235,76.497569,NDPS Possession reported in Vijayanagara; registered at Vijayanagara Police Station 03. Synthetic demonstration record.
2389,100141136202400004,202400004,2024-03-02,5202,1136,1,2,2,5,2,7014,2024-03-01 00:07:00,2024-03-01 01:00:00,2024-03-01 01:30:00,15.374915,75.677736,Burglary reported in Gadag; registered at Gadag Police Station 06. Synthetic demonstration record.
2390,100021019202200001,202200001,2022-11-02,5484,1019,1,2,6,16,1,7002,2022-11-01 17:38:00,2022-11-01 18:53:00,2022-11-01 20:02:00,15.132073,76.926182,Rioting reported in Ballari; registered at Ballari Police Station 09. Synthetic demonstration record.
2391,100191189202500003,202500003,2025-04-07,5535,1189,1,2,2,7,2,7019,2025-04-07 00:31:00,2025-04-07 03:14:00,2025-04-07 03:31:00,13.142476,78.107437,House Theft reported in Kolar; registered at Kolar Police Station 09. Synthetic demonstration record.
2392,300311302202400001,202400001,2024-01-10,5188,1302,2,2,4,11,1,7031,2024-01-10 12:07:00,2024-01-10 13:02:00,2024-01-10 13:07:00,15.365481,76.459082,Online Fraud reported in Vijayanagara; registered at Vijayanagara Police Station 02. Synthetic demonstration record.
2393,100201199202300003,202300003,2023-10-06,5095,1199,1,2,2,5,3,7020,2023-10-04 23:41:00,2023-10-05 00:31:00,2023-10-05 02:25:00,15.337284,76.18524,Burglary reported in Koppal; registered at Koppal Police Station 09. Synthetic demonstration record.
2394,100031025202200002,202200002,2022-09-08,5591,1025,1,2,2,5,4,7003,2022-09-06 23:42:00,2022-09-07 02:38:00,2022-09-07 03:45:00,15.909342,74.486398,Burglary reported in Belagavi; registered at Belagavi Police Station 05. Synthetic demonstration record.
2395,100261260202400007,202400007,2024-05-06,5020,1260,1,2,4,11,1,7026,2024-05-04 17:11:00,2024-05-04 17:41:00,2024-05-04 19:19:00,13.364219,77.073559,Online Fraud reported in Tumakuru; registered at Tumakuru Police Station 10. Synthetic demonstration record.
2396,400091088202400001,202400001,2024-10-28,5443,1088,3,2,2,6,1,7009,2024-10-28 17:54:00,2024-10-28 18:33:00,2024-10-28 19:06:00,13.36007,75.783303,Vehicle Theft reported in Chikkamagaluru; registered at Chikkamagaluru Police Station 08. Synthetic demonstration record.
2397,100151150202200001,202200001,2022-05-07,5418,1150,1,2,8,20,1,7015,2022-05-05 12:07:00,2022-05-05 14:09:00,2022-05-05 15:44:00,12.99111,76.075141,Hit and Run reported in Hassan; registered at Hassan Police Station 10. Synthetic demonstration record.
2398,100111102202300002,202300002,2023-03-09,5552,1102,1,2,4,11,2,7011,2023-03-09 20:52:00,2023-03-09 23:40:00,2023-03-09 23:53:00,12.918678,74.830075,Online Fraud reported in Dakshina Kannada; registered at Dakshina Kannada Police Station 02. Synthetic demonstration record.
2399,100031029202500003,202500003,2025-02-12,5336,1029,1,1,2,4,4,7003,2025-02-10 17:12:00,2025-02-10 18:15:00,2025-02-10 19:09:00,15.877416,74.538866,Robbery reported in Belagavi; registered at Belagavi Police Station 09. Synthetic demonstration record.
2400,100091086202300001,202300001,2023-12-02,5102,1086,1,2,3,8,3,7009,2023-12-01 09:33:00,2023-12-01 10:55:00,2023-12-01 11:31:00,13.308088,75.792895,Domestic Violence reported in Chikkamagaluru; registered at Chikkamagaluru Police Station 06. Synthetic demonstration record.
2401,800081076202500001,202500001,2025-08-10,5246,1076,4,2,4,11,1,7008,2025-08-09 11:57:00,2025-08-09 13:27:00,2025-08-09 14:33:00,13.472556,77.700283,Online Fraud reported in Chikkaballapur; registered at Chikkaballapur Police Station 06. Synthetic demonstration record.
2402,100251245202300001,202300001,2023-02-13,5080,1245,1,2,5,14,3,7025,2023-02-13 08:43:00,2023-02-13 11:36:00,2023-02-13 12:14:00,13.892327,75.572179,NDPS Possession reported in Shivamogga; registered at Shivamogga Police Station 05. Synthetic demonstration record.
2403,100291282202300001,202300001,2023-11-18,5321,1282,1,2,2,5,4,7029,2023-11-17 03:08:00,2023-11-17 04:15:00,2023-11-17 06:02:00,16.827645,75.719812,Burglary reported in Vijayapura; registered at Vijayapura Police Station 02. Synthetic demonstration record.
2404,100101095202400001,202400001,2024-05-01,5087,1095,1,2,2,5,2,7010,2024-04-30 22:04:00,2024-05-01 00:30:00,2024-05-01 02:16:00,14.254912,76.3854,Burglary reported in Chitradurga; registered at Chitradurga Police Station 05. Synthetic demonstration record.
2405,100101094202300004,202300004,2023-02-23,5176,1094,1,2,4,11,5,7010,2023-02-22 12:14:00,2023-02-22 13:47:00,2023-02-22 15:24:00,14.259683,76.419055,Online Fraud reported in Chitradurga; registered at Chitradurga Police Station 04. Synthetic demonstration record.
2406,100191183202200002,202200002,2022-07-10,5515,1183,1,2,4,13,5,7019,2022-07-08 18:46:00,2022-07-08 19:06:00,2022-07-08 21:00:00,13.175426,78.18058,Cyber Stalking reported in Kolar; registered at Kolar Police Station 03. Synthetic demonstration record.
2407,100231228202600001,202600001,2026-01-10,5244,1228,1,2,3,8,2,7023,2026-01-10 06:29:00,2026-01-10 08:23:00,2026-01-10 10:04:00,16.249709,77.402156,Domestic Violence reported in Raichur; registered at Raichur Police Station 08. Synthetic demonstration record.
2408,100241232202300002,202300002,2023-12-14,5352,1232,1,2,7,18,3,7024,2023-12-12 19:46:00,2023-12-12 20:44:00,2023-12-12 22:07:00,12.703614,77.316523,Cheating reported in Ramanagara; registered at Ramanagara Police Station 02. Synthetic demonstration record.
2409,100191186202300003,202300003,2023-05-13,5215,1186,1,1,5,15,2,7019,2023-05-11 16:02:00,2023-05-11 16:51:00,2023-05-11 18:17:00,13.174695,78.178048,Drug Trafficking reported in Kolar; registered at Kolar Police Station 06. Synthetic demonstration record.
2410,100281280202300001,202300001,2023-03-03,5305,1280,1,2,3,8,5,7028,2023-03-02 00:09:00,2023-03-02 00:27:00,2023-03-02 00:52:00,14.845721,74.11622,Domestic Violence reported in Uttara Kannada; registered at Uttara Kannada Police Station 10. Synthetic demonstration record.
2411,100141137202300003,202300003,2023-09-21,5445,1137,1,1,1,1,1,7014,2023-09-20 19:03:00,2023-09-20 21:25:00,2023-09-20 23:21:00,15.447679,75.655594,Murder reported in Gadag; registered at Gadag Police Station 07. Synthetic demonstration record.
2412,100061055202200001,202200001,2022-12-04,5536,1055,1,2,6,16,5,7006,2022-12-02 16:35:00,2022-12-02 18:00:00,2022-12-02 18:16:00,17.920868,77.568421,Rioting reported in Bidar; registered at Bidar Police Station 05. Synthetic demonstration record.
2413,100101097202300001,202300001,2023-07-25,5171,1097,1,2,4,11,3,7010,2023-07-23 16:24:00,2023-07-23 18:57:00,2023-07-23 19:45:00,14.239572,76.451361,Online Fraud reported in Chitradurga; registered at Chitradurga Police Station 07. Synthetic demonstration record.
2414,100031028202400002,202400002,2024-09-23,5402,1028,1,2,3,9,2,7003,2024-09-21 18:24:00,2024-09-21 19:33:00,2024-09-21 19:57:00,15.878663,74.467864,Sexual Harassment reported in Belagavi; registered at Belagavi Police Station 08. Synthetic demonstration record.
2415,100151144202400002,202400002,2024-01-28,5179,1144,1,2,4,11,2,7015,2024-01-26 21:31:00,2024-01-26 22:20:00,2024-01-26 22:36:00,13.035337,76.105888,Online Fraud reported in Hassan; registered at Hassan Police Station 04. Synthetic demonstration record.
2416,100091087202300005,202300005,2023-08-30,5292,1087,1,2,4,12,5,7009,2023-08-28 19:55:00,2023-08-28 22:49:00,2023-08-28 23:46:00,13.357782,75.812795,Identity Theft reported in Chikkamagaluru; registered at Chikkamagaluru Police Station 07. Synthetic demonstration record.
2417,100261256202400002,202400002,2024-04-24,5388,1256,1,2,2,7,5,7026,2024-04-24 02:40:00,2024-04-24 04:47:00,2024-04-24 05:00:00,13.336315,77.108158,House Theft reported in Tumakuru; registered at Tumakuru Police Station 06. Synthetic demonstration record.
2418,100111104202300003,202300003,2023-09-24,5423,1104,1,2,4,11,1,7011,2023-09-23 09:19:00,2023-09-23 10:46:00,2023-09-23 11:24:00,12.911491,74.856188,Online Fraud reported in Dakshina Kannada; registered at Dakshina Kannada Police Station 04. Synthetic demonstration record.
2419,100031026202500001,202500001,2025-01-29,5404,1026,1,1,2,4,3,7003,2025-01-27 18:37:00,2025-01-27 19:57:00,2025-01-27 20:59:00,15.825643,74.486923,Robbery reported in Belagavi; registered at Belagavi Police Station 06. Synthetic demonstration record.
2420,100051047202200005,202200005,2022-01-30,5527,1047,1,2,3,8,2,7005,2022-01-28 16:17:00,2022-01-28 16:39:00,2022-01-28 18:19:00,13.015928,77.545833,Domestic Violence reported in Bengaluru Urban; registered at Bengaluru Urban Police Station 07. Synthetic demonstration record.
2421,100051044202300005,202300005,2023-06-18,5298,1044,1,2,2,6,2,7005,2023-06-17 21:20:00,2023-06-17 21:42:00,2023-06-17 23:19:00,12.916731,77.634859,Vehicle Theft reported in Bengaluru Urban; registered at Bengaluru Urban Police Station 04. Synthetic demonstration record.
2422,100081080202500003,202500003,2025-06-29,5525,1080,1,2,4,11,3,7008,2025-06-29 20:50:00,2025-06-29 22:01:00,2025-06-29 23:03:00,13.438264,77.761676,Online Fraud reported in Chikkaballapur; registered at Chikkaballapur Police Station 10. Synthetic demonstration record.
2423,100051043202300006,202300006,2023-10-17,5259,1043,1,2,2,6,1,7005,2023-10-17 21:22:00,2023-10-17 22:30:00,2023-10-18 00:29:00,13.00417,77.574976,Vehicle Theft reported in Bengaluru Urban; registered at Bengaluru Urban Police Station 03. Synthetic demonstration record.
2424,100291281202200003,202200003,2022-11-22,5497,1281,1,2,7,18,2,7029,2022-11-21 16:34:00,2022-11-21 17:28:00,2022-11-21 18:32:00,16.857511,75.698994,Cheating reported in Vijayapura; registered at Vijayapura Police Station 01. Synthetic demonstration record.
2425,100121117202200001,202200001,2022-09-23,5521,1117,1,2,4,11,1,7012,2022-09-21 10:46:00,2022-09-21 11:13:00,2022-09-21 12:02:00,14.458359,75.936299,Online Fraud reported in Davanagere; registered at Davanagere Police Station 07. Synthetic demonstration record.
2426,100071069202200002,202200002,2022-01-23,5036,1069,1,2,2,6,2,7007,2022-01-21 21:57:00,2022-01-22 00:15:00,2022-01-22 00:36:00,11.966029,77.010907,Vehicle Theft reported in Chamarajanagar; registered at Chamarajanagar Police Station 09. Synthetic demonstration record.
2427,100291282202500005,202500005,2025-01-14,5279,1282,1,2,2,6,2,7029,2025-01-14 21:24:00,2025-01-14 22:09:00,2025-01-14 22:44:00,16.827839,75.72649,Vehicle Theft reported in Vijayapura; registered at Vijayapura Police Station 02. Synthetic demonstration record.
2428,100201191202200003,202200003,2022-10-13,5420,1191,1,2,4,11,1,7020,2022-10-13 12:42:00,2022-10-13 13:23:00,2022-10-13 13:43:00,15.322626,76.151251,Online Fraud reported in Koppal; registered at Koppal Police Station 01. Synthetic demonstration record.
2429,100031029202500004,202500004,2025-06-23,5336,1029,1,2,5,14,4,7003,2025-06-23 22:48:00,2025-06-23 23:45:00,2025-06-24 01:14:00,15.891226,74.528718,NDPS Possession reported in Belagavi; registered at Belagavi Police Station 09. Synthetic demonstration record.
2430,100011004202300004,202300004,2023-06-30,5546,1004,1,2,2,6,2,7001,2023-06-30 20:55:00,2023-06-30 22:20:00,2023-06-30 23:07:00,16.198937,75.657217,Vehicle Theft reported in Bagalkot; registered at Bagalkot Police Station 04. Synthetic demonstration record.
2431,100311309202200002,202200002,2022-09-02,5583,1309,1,2,2,7,5,7031,2022-09-02 23:43:00,2022-09-03 01:59:00,2022-09-03 02:14:00,15.305986,76.49622,House Theft reported in Vijayanagara; registered at Vijayanagara Police Station 09. Synthetic demonstration record.
2432,300051046202200001,202200001,2022-01-31,5051,1046,2,2,2,6,3,7005,2022-01-30 20:56:00,2022-01-30 21:31:00,2022-01-30 22:47:00,13.01565,77.60463,Vehicle Theft reported in Bengaluru Urban; registered at Bengaluru Urban Police Station 06. Synthetic demonstration record.
2433,100051047202400007,202400007,2024-10-16,5600,1047,1,2,7,18,5,7005,2024-10-14 11:21:00,2024-10-14 13:16:00,2024-10-14 14:20:00,12.944374,77.609252,Cheating reported in Bengaluru Urban; registered at Bengaluru Urban Police Station 07. Synthetic demonstration record.
2434,100121113202300001,202300001,2023-09-05,5083,1113,1,2,4,12,3,7012,2023-09-05 13:53:00,2023-09-05 16:37:00,2023-09-05 18:11:00,14.470338,75.908014,Identity Theft reported in Davanagere; registered at Davanagere Police Station 03. Synthetic demonstration record.
2435,100251249202600001,202600001,2026-03-29,5162,1249,1,2,4,12,2,7025,2026-03-27 20:07:00,2026-03-27 22:44:00,2026-03-28 00:19:00,13.925772,75.600771,Identity Theft reported in Shivamogga; registered at Shivamogga Police Station 09. Synthetic demonstration record.
2436,100121112202400003,202400003,2024-03-19,5560,1112,1,2,6,16,3,7012,2024-03-17 15:48:00,2024-03-17 17:21:00,2024-03-17 18:47:00,14.436882,75.90071,Rioting reported in Davanagere; registered at Davanagere Police Station 02. Synthetic demonstration record.
2437,100051046202200004,202200004,2022-07-28,5496,1046,1,2,4,13,2,7005,2022-07-28 13:01:00,2022-07-28 13:11:00,2022-07-28 13:48:00,12.968601,77.620273,Cyber Stalking reported in Bengaluru Urban; registered at Bengaluru Urban Police Station 06. Synthetic demonstration record.
2438,100221219202400003,202400003,2024-11-30,5054,1219,1,2,3,9,1,7022,2024-11-29 19:13:00,2024-11-29 20:08:00,2024-11-29 21:53:00,12.273865,76.675654,Sexual Harassment reported in Mysuru; registered at Mysuru Police Station 09. Synthetic demonstration record.
2439,100221213202500003,202500003,2025-07-27,5296,1213,1,2,2,7,2,7022,2025-07-26 01:41:00,2025-07-26 04:29:00,2025-07-26 04:49:00,12.280427,76.641438,House Theft reported in Mysuru; registered at Mysuru Police Station 03. Synthetic demonstration record.
2440,100051048202600005,202600005,2026-05-23,5016,1048,1,2,3,9,1,7005,2026-05-22 21:25:00,2026-05-22 21:44:00,2026-05-22 23:19:00,12.967241,77.585693,Sexual Harassment reported in Bengaluru Urban; registered at Bengaluru Urban Police Station 08. Synthetic demonstration record.
2441,100221219202600001,202600001,2026-04-25,5054,1219,1,2,4,12,2,7022,2026-04-23 20:20:00,2026-04-23 22:52:00,2026-04-24 00:52:00,12.283309,76.65023,Identity Theft reported in Mysuru; registered at Mysuru Police Station 09. Synthetic demonstration record.
2442,100161154202500002,202500002,2025-03-22,5096,1154,1,2,3,8,2,7016,2025-03-20 19:52:00,2025-03-20 20:34:00,2025-03-20 21:58:00,14.80796,75.370346,Domestic Violence reported in Haveri; registered at Haveri Police Station 04. Synthetic demonstration record.
2443,100021017202500003,202500003,2025-08-26,5199,1017,1,2,4,11,4,7002,2025-08-25 09:36:00,2025-08-25 10:19:00,2025-08-25 10:39:00,15.122755,76.974153,Online Fraud reported in Ballari; registered at Ballari Police Station 07. Synthetic demonstration record.
2444,100051042202600005,202600005,2026-01-24,5300,1042,1,2,2,7,5,7005,2026-01-22 22:08:00,2026-01-22 23:44:00,2026-01-23 00:52:00,13.000656,77.665925,House Theft reported in Bengaluru Urban; registered at Bengaluru Urban Police Station 02. Synthetic demonstration record.
2445,100061057202500001,202500001,2025-02-20,5129,1057,1,1,2,4,1,7006,2025-02-19 18:55:00,2025-02-19 19:46:00,2025-02-19 20:56:00,17.888603,77.542932,Robbery reported in Bidar; registered at Bidar Police Station 07. Synthetic demonstration record.
2446,100181173202400001,202400001,2024-12-08,5219,1173,1,2,8,20,5,7018,2024-12-08 19:48:00,2024-12-08 21:06:00,2024-12-08 21:38:00,12.351239,75.88148,Hit and Run reported in Kodagu; registered at Kodagu Police Station 03. Synthetic demonstration record.
2447,100221212202500004,202500004,2025-04-19,5204,1212,1,2,7,18,1,7022,2025-04-19 20:23:00,2025-04-19 23:17:00,2025-04-19 23:48:00,12.312263,76.643712,Cheating reported in Mysuru; registered at Mysuru Police Station 02. Synthetic demonstration record.
2448,100201192202200002,202200002,2022-06-18,5331,1192,1,2,6,17,2,7020,2022-06-18 04:17:00,2022-06-18 07:14:00,2022-06-18 07:30:00,15.345714,76.17417,Unlawful Assembly reported in Koppal; registered at Koppal Police Station 02. Synthetic demonstration record.
2449,100291284202500002,202500002,2025-12-27,5202,1284,1,2,2,7,5,7029,2025-12-26 22:26:00,2025-12-26 23:57:00,2025-12-27 01:28:00,16.861219,75.737191,House Theft reported in Vijayapura; registered at Vijayapura Police Station 04. Synthetic demonstration record.
2450,100131122202400005,202400005,2024-01-09,5153,1122,1,2,2,6,1,7013,2024-01-08 20:32:00,2024-01-08 22:09:00,2024-01-09 00:06:00,15.42071,75.061392,Vehicle Theft reported in Dharwad; registered at Dharwad Police Station 02. Synthetic demonstration record.
2451,100031028202400003,202400003,2024-10-04,5006,1028,1,2,4,11,2,7003,2024-10-04 11:27:00,2024-10-04 12:09:00,2024-10-04 12:33:00,15.858137,74.495431,Online Fraud reported in Belagavi; registered at Belagavi Police Station 08. Synthetic demonstration record.
2452,100111103202300003,202300003,2023-10-06,5538,1103,1,1,2,4,3,7011,2023-10-06 20:05:00,2023-10-06 22:18:00,2023-10-06 23:17:00,12.924485,74.870825,Robbery reported in Dakshina Kannada; registered at Dakshina Kannada Police Station 03. Synthetic demonstration record.
2453,400031028202500002,202500002,2025-08-10,5006,1028,3,2,1,3,3,7003,2025-08-09 03:02:00,2025-08-09 04:17:00,2025-08-09 04:59:00,15.846977,74.560092,Assault reported in Belagavi; registered at Belagavi Police Station 08. Synthetic demonstration record.
2454,100281273202300002,202300002,2023-04-20,5395,1273,1,1,5,15,3,7028,2023-04-18 08:38:00,2023-04-18 10:29:00,2023-04-18 10:43:00,14.875867,74.090767,Drug Trafficking reported in Uttara Kannada; registered at Uttara Kannada Police Station 03. Synthetic demonstration record.
2455,100051044202400004,202400004,2024-09-25,5386,1044,1,2,4,11,3,7005,2024-09-24 19:55:00,2024-09-24 20:31:00,2024-09-24 22:02:00,13.014718,77.567065,Online Fraud reported in Bengaluru Urban; registered at Bengaluru Urban Police Station 04. Synthetic demonstration record.
2456,100071063202200003,202200003,2022-10-09,5407,1063,1,2,1,3,1,7007,2022-10-09 07:30:00,2022-10-09 10:22:00,2022-10-09 11:54:00,11.955086,76.94198,Assault reported in Chamarajanagar; registered at Chamarajanagar Police Station 03. Synthetic demonstration record.
2457,100051049202300006,202300006,2023-07-19,5582,1049,1,2,4,12,3,7005,2023-07-18 12:31:00,2023-07-18 14:04:00,2023-07-18 14:19:00,12.91648,77.627256,Identity Theft reported in Bengaluru Urban; registered at Bengaluru Urban Police Station 09. Synthetic demonstration record.
2458,100051043202300007,202300007,2023-08-05,5343,1043,1,2,5,14,1,7005,2023-08-05 08:34:00,2023-08-05 10:50:00,2023-08-05 12:04:00,12.989668,77.572473,NDPS Possession reported in Bengaluru Urban; registered at Bengaluru Urban Police Station 03. Synthetic demonstration record.
2459,100021016202600001,202600001,2026-05-27,5565,1016,1,2,4,12,1,7002,2026-05-27 15:26:00,2026-05-27 17:28:00,2026-05-27 18:55:00,15.134477,76.920582,Identity Theft reported in Ballari; registered at Ballari Police Station 06. Synthetic demonstration record.
2460,100201194202500002,202500002,2025-07-29,5539,1194,1,2,2,7,5,7020,2025-07-27 01:44:00,2025-07-27 04:37:00,2025-07-27 06:13:00,15.35596,76.107035,House Theft reported in Koppal; registered at Koppal Police Station 04. Synthetic demonstration record.
2461,100111108202500002,202500002,2025-05-23,5555,1108,1,1,5,15,3,7011,2025-05-22 04:50:00,2025-05-22 06:37:00,2025-05-22 06:49:00,12.924671,74.891494,Drug Trafficking reported in Dakshina Kannada; registered at Dakshina Kannada Police Station 08. Synthetic demonstration record.
2462,100311308202300001,202300001,2023-11-10,5028,1308,1,2,4,11,3,7031,2023-11-08 09:28:00,2023-11-08 10:32:00,2023-11-08 12:27:00,15.347397,76.442274,Online Fraud reported in Vijayanagara; registered at Vijayanagara Police Station 08. Synthetic demonstration record.
2463,100051044202200004,202200004,2022-05-22,5251,1044,1,2,3,8,2,7005,2022-05-20 12:58:00,2022-05-20 13:37:00,2022-05-20 13:58:00,12.996223,77.624528,Domestic Violence reported in Bengaluru Urban; registered at Bengaluru Urban Police Station 04. Synthetic demonstration record.
2464,100011009202500001,202500001,2025-02-22,5138,1009,1,2,6,17,3,7001,2025-02-21 05:43:00,2025-02-21 06:24:00,2025-02-21 08:05:00,16.220215,75.715271,Unlawful Assembly reported in Bagalkot; registered at Bagalkot Police Station 09. Synthetic demonstration record.
2465,100051049202200004,202200004,2022-05-12,5433,1049,1,2,5,14,5,7005,2022-05-12 10:15:00,2022-05-12 12:48:00,2022-05-12 13:58:00,12.913476,77.626588,NDPS Possession reported in Bengaluru Urban; registered at Bengaluru Urban Police Station 09. Synthetic demonstration record.
2466,100241231202300003,202300003,2023-05-17,5212,1231,1,2,7,18,3,7024,2023-05-16 19:13:00,2023-05-16 19:52:00,2023-05-16 21:51:00,12.655186,77.332317,Cheating reported in Ramanagara; registered at Ramanagara Police Station 01. Synthetic demonstration record.
2467,100031024202300004,202300004,2023-03-25,5032,1024,1,1,2,4,1,7003,2023-03-23 19:59:00,2023-03-23 20:37:00,2023-03-23 21:11:00,15.825601,74.529796,Robbery reported in Belagavi; registered at Belagavi Police Station 04. Synthetic demonstration record.
2468,100211201202500005,202500005,2025-08-29,5597,1201,1,2,7,18,2,7021,2025-08-27 13:26:00,2025-08-27 14:45:00,2025-08-27 15:53:00,12.569981,76.90589,Cheating reported in Mandya; registered at Mandya Police Station 01. Synthetic demonstration record.
2469,100051042202400006,202400006,2024-01-18,5300,1042,1,2,4,12,2,7005,2024-01-18 17:31:00,2024-01-18 18:23:00,2024-01-18 19:29:00,12.954706,77.624256,Identity Theft reported in Bengaluru Urban; registered at Bengaluru Urban Police Station 02. Synthetic demonstration record.
2470,100281271202400002,202400002,2024-07-04,5117,1271,1,2,2,6,4,7028,2024-07-02 18:10:00,2024-07-02 20:46:00,2024-07-02 21:28:00,14.819737,74.128318,Vehicle Theft reported in Uttara Kannada; registered at Uttara Kannada Police Station 01. Synthetic demonstration record.
2471,100171166202500001,202500001,2025-04-11,5342,1166,1,2,1,3,4,7017,2025-04-09 15:36:00,2025-04-09 16:15:00,2025-04-09 16:23:00,17.330033,76.843997,Assault reported in Kalaburagi; registered at Kalaburagi Police Station 06. Synthetic demonstration record.
2472,100181180202300002,202300002,2023-04-07,5155,1180,1,1,2,4,5,7018,2023-04-06 17:52:00,2023-04-06 20:48:00,2023-04-06 22:34:00,12.322749,75.838595,Robbery reported in Kodagu; registered at Kodagu Police Station 10. Synthetic demonstration record.
2473,100111102202500001,202500001,2025-05-15,5552,1102,1,2,4,12,4,7011,2025-05-15 18:56:00,2025-05-15 19:59:00,2025-05-15 21:09:00,12.890826,74.876557,Identity Theft reported in Dakshina Kannada; registered at Dakshina Kannada Police Station 02. Synthetic demonstration record.
2474,100311307202200002,202200002,2022-12-26,5256,1307,1,1,5,15,2,7031,2022-12-26 01:06:00,2022-12-26 02:36:00,2022-12-26 04:05:00,15.309345,76.433381,Drug Trafficking reported in Vijayanagara; registered at Vijayanagara Police Station 07. Synthetic demonstration record.
2475,100081074202600002,202600002,2026-07-05,5049,1074,1,2,4,12,3,7008,2026-07-05 14:38:00,2026-07-05 16:00:00,2026-07-05 17:22:00,13.404846,77.721887,Identity Theft reported in Chikkaballapur; registered at Chikkaballapur Police Station 04. Synthetic demonstration record.
2476,100051045202300009,202300009,2023-05-31,5419,1045,1,2,2,6,3,7005,2023-05-29 20:35:00,2023-05-29 21:17:00,2023-05-29 21:38:00,12.972178,77.608523,Vehicle Theft reported in Bengaluru Urban; registered at Bengaluru Urban Police Station 05. Synthetic demonstration record.
2477,100151143202400002,202400002,2024-10-26,5235,1143,1,2,2,7,2,7015,2024-10-24 00:04:00,2024-10-24 02:21:00,2024-10-24 03:50:00,13.011779,76.135958,House Theft reported in Hassan; registered at Hassan Police Station 03. Synthetic demonstration record.
2478,100201200202300001,202300001,2023-12-13,5474,1200,1,2,4,11,3,7020,2023-12-11 11:27:00,2023-12-11 12:58:00,2023-12-11 13:14:00,15.329023,76.189095,Online Fraud reported in Koppal; registered at Koppal Police Station 10. Synthetic demonstration record.
2479,100031025202400002,202400002,2024-10-22,5591,1025,1,2,8,20,3,7003,2024-10-21 01:09:00,2024-10-21 03:11:00,2024-10-21 04:29:00,15.828306,74.511322,Hit and Run reported in Belagavi; registered at Belagavi Police Station 05. Synthetic demonstration record.
2480,100011008202400002,202400002,2024-10-18,5274,1008,1,2,5,14,5,7001,2024-10-17 03:09:00,2024-10-17 04:23:00,2024-10-17 06:04:00,16.190341,75.649187,NDPS Possession reported in Bagalkot; registered at Bagalkot Police Station 08. Synthetic demonstration record.
2481,300101092202600001,202600001,2026-01-19,5520,1092,2,2,2,5,4,7010,2026-01-19 02:40:00,2026-01-19 03:11:00,2026-01-19 04:49:00,14.2533,76.362429,Burglary reported in Chitradurga; registered at Chitradurga Police Station 02. Synthetic demonstration record.
2482,100211210202500001,202500001,2025-08-12,5081,1210,1,2,4,12,2,7021,2025-08-10 21:48:00,2025-08-10 22:25:00,2025-08-11 00:16:00,12.535869,76.914694,Identity Theft reported in Mandya; registered at Mandya Police Station 10. Synthetic demonstration record.
2483,100301294202500003,202500003,2025-10-08,5252,1294,1,2,3,9,1,7030,2025-10-06 19:56:00,2025-10-06 22:18:00,2025-10-06 23:35:00,16.823572,77.087962,Sexual Harassment reported in Yadgir; registered at Yadgir Police Station 04. Synthetic demonstration record.
2484,100051041202200008,202200008,2022-03-16,5496,1041,1,2,4,11,2,7005,2022-03-15 20:37:00,2022-03-15 22:17:00,2022-03-15 22:41:00,12.909976,77.599228,Online Fraud reported in Bengaluru Urban; registered at Bengaluru Urban Police Station 01. Synthetic demonstration record.
2485,100301299202200002,202200002,2022-07-05,5089,1299,1,1,2,4,3,7030,2022-07-03 17:44:00,2022-07-03 19:56:00,2022-07-03 21:20:00,16.700751,77.147876,Robbery reported in Yadgir; registered at Yadgir Police Station 09. Synthetic demonstration record.
2486,100051042202400007,202400007,2024-09-10,5300,1042,1,2,1,3,1,7005,2024-09-09 00:40:00,2024-09-09 01:06:00,2024-09-09 02:15:00,12.98524,77.575743,Assault reported in Bengaluru Urban; registered at Bengaluru Urban Police Station 02. Synthetic demonstration record.
2487,100261253202300002,202300002,2023-12-21,5411,1253,1,2,8,20,2,7026,2023-12-21 08:12:00,2023-12-21 09:18:00,2023-12-21 10:11:00,13.377738,77.164771,Hit and Run reported in Tumakuru; registered at Tumakuru Police Station 03. Synthetic demonstration record.
2488,100021014202300002,202300002,2023-12-25,5275,1014,1,2,1,3,2,7002,2023-12-23 04:52:00,2023-12-23 07:38:00,2023-12-23 08:03:00,15.140998,76.941709,Assault reported in Ballari; registered at Ballari Police Station 04. Synthetic demonstration record.
2489,100141140202500001,202500001,2025-01-12,5079,1140,1,1,1,1,2,7014,2025-01-10 04:34:00,2025-01-10 05:03:00,2025-01-10 06:07:00,15.442359,75.621588,Murder reported in Gadag; registered at Gadag Police Station 10. Synthetic demonstration record.
2490,100051047202400008,202400008,2024-03-13,5186,1047,1,2,4,12,1,7005,2024-03-13 17:58:00,2024-03-13 18:09:00,2024-03-13 18:46:00,12.954013,77.603827,Identity Theft reported in Bengaluru Urban; registered at Bengaluru Urban Police Station 07. Synthetic demonstration record.
2491,100271265202600001,202600001,2026-06-08,5231,1265,1,2,4,11,2,7027,2026-06-07 20:04:00,2026-06-07 23:03:00,2026-06-08 01:03:00,13.380448,74.754638,Online Fraud reported in Udupi; registered at Udupi Police Station 05. Synthetic demonstration record.
2492,100111101202400001,202400001,2024-10-16,5589,1101,1,2,6,17,3,7011,2024-10-16 11:44:00,2024-10-16 14:28:00,2024-10-16 16:16:00,12.956336,74.900744,Unlawful Assembly reported in Dakshina Kannada; registered at Dakshina Kannada Police Station 01. Synthetic demonstration record.
2493,100101091202300001,202300001,2023-08-15,5098,1091,1,1,1,2,3,7010,2023-08-13 20:12:00,2023-08-13 22:14:00,2023-08-13 23:01:00,14.257265,76.457904,Attempt to Murder reported in Chitradurga; registered at Chitradurga Police Station 01. Synthetic demonstration record.
2494,100031025202500004,202500004,2025-11-19,5591,1025,1,2,1,3,1,7003,2025-11-17 08:36:00,2025-11-17 10:00:00,2025-11-17 11:46:00,15.882549,74.512911,Assault reported in Belagavi; registered at Belagavi Police Station 05. Synthetic demonstration record.
2495,100251245202300002,202300002,2023-03-31,5080,1245,1,2,8,20,1,7025,2023-03-29 23:39:00,2023-03-30 02:08:00,2023-03-30 03:17:00,13.908267,75.534921,Hit and Run reported in Shivamogga; registered at Shivamogga Police Station 05. Synthetic demonstration record.
2496,100071062202500001,202500001,2025-11-06,5447,1062,1,2,4,11,4,7007,2025-11-04 10:47:00,2025-11-04 11:28:00,2025-11-04 11:50:00,11.910879,76.917507,Online Fraud reported in Chamarajanagar; registered at Chamarajanagar Police Station 02. Synthetic demonstration record.
2497,100071067202200002,202200002,2022-08-11,5529,1067,1,1,3,10,1,7007,2022-08-10 11:03:00,2022-08-10 12:15:00,2022-08-10 13:57:00,11.945421,76.953925,Kidnapping reported in Chamarajanagar; registered at Chamarajanagar Police Station 07. Synthetic demonstration record.
2498,100091082202600001,202600001,2026-01-19,5515,1082,1,2,5,14,2,7009,2026-01-18 13:16:00,2026-01-18 14:50:00,2026-01-18 14:57:00,13.331773,75.797043,NDPS Possession reported in Chikkamagaluru; registered at Chikkamagaluru Police Station 02. Synthetic demonstration record.
2499,100181178202400003,202400003,2024-11-28,5593,1178,1,1,2,4,2,7018,2024-11-28 19:06:00,2024-11-28 20:53:00,2024-11-28 22:30:00,12.330285,75.809176,Robbery reported in Kodagu; registered at Kodagu Police Station 08. Synthetic demonstration record.
2500,100231227202600003,202600003,2026-02-27,5287,1227,1,2,2,7,3,7023,2026-02-25 22:40:00,2026-02-26 00:41:00,2026-02-26 01:59:00,16.246444,77.360841,House Theft reported in Raichur; registered at Raichur Police Station 07. Synthetic demonstration record.
